139
76	-nan(ind)	-nan(ind)	-nan(ind)	0.0	0.0	40.0	-nan(ind)
76	-nan(ind)	-nan(ind)	-nan(ind)	0.0	0.0	40.0	-nan(ind)
76	-nan(ind)	-nan(ind)	-nan(ind)	0.0	0.0	0.0	1.0000000
85	25232.4180	25122.629	273.91290	0.0	0.0	-90.0	1.0000000
85	25021.3535	25239.434	273.10590	0.0	0.0	-135.0	1.0000000
28	25232.9766	25088.369	314.63651	0.0	0.0	0.0	1.0000000
85	24687.3281	25044.080	223.00000	0.0	0.0	-100.0	1.0000000
9	24629.6699	25027.020	315.00000	0.0	0.0	-20.0	2.0000000
85	24800.7578	25078.812	324.00000	0.0	0.0	-45.0	1.0000000
85	25186.0000	24831.742	223.00000	0.0	0.0	-45.0	1.0000000
85	25142.9785	24703.184	156.76122	0.0	0.0	-100.0	1.0000000
28	25204.0273	24656.859	317.99997	0.0	0.0	0.0	0.5000000
85	25045.8184	24655.750	88.00000	0.0	0.0	-110.0	1.0000000
85	25225.2520	24611.688	88.00000	0.0	0.0	-20.0	1.0000000
85	25267.7051	24742.609	88.00000	0.0	0.0	25.0	1.0000000
9	25109.8301	24678.617	315.00000	0.0	0.0	-30.0	2.0000000
11	25160.7988	24654.977	311.56549	0.0	0.0	20.0	2.0000000
9	25198.1270	24711.719	315.00000	0.0	0.0	60.0	2.0000000
28	25232.3984	24837.656	314.63651	0.0	0.0	0.0	1.0000000
85	24946.0703	24865.754	223.00000	0.0	0.0	-90.0	1.0000000
85	24995.5664	25010.529	277.19794	0.0	0.0	-45.0	1.0000000
85	24637.2109	24973.654	88.00000	0.0	0.0	-90.0	1.0000000
85	24816.8984	24881.160	88.00000	0.0	0.0	-110.0	1.0000000
85	24934.3984	24763.539	88.00000	0.0	0.0	-110.0	1.0000000
9	24828.9805	24923.439	315.00000	0.0	0.0	-35.0	2.0000000
9	24989.2188	24774.000	315.00000	0.0	0.0	-50.0	2.0000000
60	24882.7305	24729.760	25.00000	0.0	0.0	0.0	1.0000000
85	24385.1094	25165.580	241.99998	0.0	0.0	-45.0	1.0000000
85	24268.6758	25121.432	225.00000	0.0	0.0	-45.0	1.0000000
85	24434.1523	25054.494	88.00000	0.0	0.0	-60.0	1.0000000
85	24543.6484	25185.160	241.99998	0.0	0.0	-90.0	1.0000000
85	24289.0000	25098.000	88.00000	0.0	0.0	-60.0	1.0000000
9	24223.9492	25154.648	315.00000	0.0	0.0	-10.0	2.0000000
9	24433.0000	25097.775	315.00000	0.0	0.0	-20.0	2.0000000
85	23839.2109	25148.229	241.99998	0.0	0.0	-45.0	1.0000000
85	24051.6641	25138.455	241.99998	0.0	0.0	-45.0	1.0000000
85	23828.5293	25118.572	88.00000	0.0	0.0	-60.0	1.0000000
85	23977.7969	25123.180	88.00000	0.0	0.0	-60.0	1.0000000
85	24135.5391	25112.027	88.00000	0.0	0.0	-60.0	1.0000000
9	23800.3164	25170.859	315.00000	0.0	0.0	0.0	2.0000000
9	24015.9004	25171.977	315.00000	0.0	0.0	0.0	2.0000000
77	24284.7891	24794.119	24.00000	0.0	0.0	-180.0	0.5500000
77	24445.4766	24691.020	24.00000	0.0	0.0	-180.0	0.4500000
77	24304.2695	24676.518	24.00000	0.0	0.0	-180.0	0.2500000
76	24192.0000	24673.000	24.00000	0.0	0.0	60.0	0.1500000
57	24404.6074	24927.041	323.00000	0.0	0.0	45.0	3.0000000
120	24203.7773	24623.908	24.00000	0.0	0.0	-315.0	0.6000000
6	24343.0391	24675.297	18.00000	0.0	0.0	145.0	2.0000000
6	24195.0996	24751.070	18.00000	0.0	0.0	160.0	2.0000000
60	24486.3301	24911.439	25.00000	0.0	0.0	0.0	1.0000000
77	24117.5098	24858.457	24.00000	0.0	0.0	-180.0	0.3500000
77	24121.7500	24734.449	24.00000	0.0	0.0	-315.0	0.2500000
115	23848.2793	24649.500	24.48652	0.0	0.0	45.0	1.2000000
104	24072.3535	24600.596	26.00000	0.0	0.0	0.0	0.3000000
122	23743.3066	24854.619	27.57490	0.0	0.0	45.0	2.0999999
6	24032.4805	24795.309	18.00000	0.0	0.0	170.0	2.0000000
6	23857.0586	24808.779	18.00000	0.0	0.0	180.0	2.0000000
60	23925.9863	24985.129	25.00000	0.0	0.0	0.0	1.0000000
101	23838.9199	24775.969	24.00000	0.0	0.0	25.0	0.7000000
80	23985.0000	24748.000	24.00000	0.0	0.0	65.0	0.3500000
115	23947.6387	24852.898	32.03293	0.0	0.0	45.0	1.5999999
85	23660.4492	25106.369	88.00000	0.0	0.0	-60.0	1.0000000
85	23438.1738	25150.000	241.99998	0.0	0.0	-45.0	1.0000000
85	23611.0996	25168.732	241.99998	0.0	0.0	-45.0	1.0000000
9	23580.0879	25143.404	315.00000	0.0	0.0	15.0	2.0000000
85	23499.1289	25069.135	88.00000	0.0	0.0	-60.0	1.0000000
9	23370.3984	25085.080	315.00000	0.0	0.0	15.0	2.0000000
85	23110.9199	25230.068	290.00000	0.0	0.0	-45.0	1.0000000
85	23009.9492	25160.180	221.70000	0.0	0.0	-45.0	1.0000000
85	23192.7344	25122.680	261.01001	0.0	0.0	-45.0	1.0000000
85	22897.5996	25078.721	88.00000	0.0	0.0	-80.0	1.0000000
85	23053.3867	25054.760	88.00000	0.0	0.0	-80.0	1.0000000
9	23040.1406	25103.699	315.00000	0.0	0.0	-10.0	2.0000000
9	23219.4199	25073.039	315.00000	0.0	0.0	-10.0	2.0000000
115	23635.9688	24781.689	25.25975	0.0	0.0	45.0	1.5000000
77	23353.1074	24603.867	24.00000	0.0	0.0	45.0	0.4000000
80	23498.6562	24627.029	24.00000	0.0	0.0	135.0	0.4000000
120	23641.8281	24671.520	24.00000	0.0	0.0	-255.0	0.6000000
57	23526.3691	24952.170	323.00000	0.0	0.0	45.0	3.0000000
77	23443.5586	24659.549	24.00000	0.0	0.0	45.0	0.3000000
6	23410.0000	24593.998	18.00000	0.0	0.0	220.0	2.0000000
6	23689.7695	24782.990	18.00000	0.0	0.0	195.0	2.0000000
6	23555.5000	24707.609	18.00000	0.0	0.0	220.0	2.0000000
60	23359.9082	24871.857	25.00000	0.0	0.0	0.0	1.0000000
76	23495.4492	24758.646	24.00000	0.0	0.0	205.0	0.2000000
77	23111.4902	24613.389	24.00000	0.0	0.0	-45.0	0.4000000
77	23032.8828	24667.209	24.00000	0.0	0.0	45.0	0.3000000
80	22959.8809	24607.398	24.00000	0.0	0.0	45.0	0.4000000
57	23273.2559	24901.730	323.00000	0.0	0.0	45.0	2.0000000
76	22942.8809	24718.998	14.09161	0.0	0.0	160.0	0.2000000
85	23226.3359	25017.477	88.00000	0.0	0.0	-80.0	1.0000000
85	23309.7559	25008.748	88.00000	0.0	0.0	-50.0	1.0000000
6	22894.9805	24657.697	18.00000	0.0	0.0	160.0	2.0000000
57	25268.9980	24507.000	323.00000	0.0	0.0	45.0	3.0000000
85	25175.4531	24568.910	88.00000	0.0	0.0	-110.0	1.0000000
85	25206.0859	24586.109	88.00000	0.0	0.0	-65.0	1.0000000
60	25187.9980	24317.609	25.00000	0.0	0.0	0.0	1.0000000
77	24816.6465	24168.369	24.00000	-15.0	0.0	-395.0	0.2500000
29	24624.0000	24387.998	36.20466	0.0	0.0	-135.0	0.4000000
6	24694.8691	24312.410	18.00000	0.0	0.0	115.0	2.0000000
6	24599.0469	24445.867	18.00000	0.0	0.0	855.0	2.0000000
105	24748.0195	24256.529	32.95000	10.0	0.0	0.0	2.0999999
76	24669.8770	24525.986	24.00000	0.0	0.0	45.0	0.1000000
76	24790.7090	24342.049	24.00000	0.0	0.0	0.0	0.1000000
60	25227.6270	23982.529	21.87291	0.0	0.0	0.0	1.0000000
131	24608.0000	24065.000	26.00000	0.0	0.0	-450.0	1.7000000
105	24650.0000	24147.000	24.00000	10.0	0.0	-90.0	1.4000000
77	24836.8535	23903.352	24.00000	-10.0	0.0	-45.0	0.4500000
77	24762.9492	23791.359	24.00000	-20.0	0.0	-270.0	0.3500000
80	24611.0586	23916.557	24.00000	0.0	0.0	-45.0	0.4000000
6	24798.9297	23816.486	18.00000	0.0	0.0	90.0	2.0000000
6	24785.9277	23993.000	18.00000	0.0	0.0	97.0	2.0000000
6	24751.1270	24157.230	18.00000	0.0	0.0	105.0	2.0000000
120	24676.4805	24057.920	24.00000	0.0	0.0	-360.0	0.6000000
105	24807.0000	24086.000	25.78464	10.0	0.0	-45.0	1.8000000
74	24681.8086	23823.000	211.99998	0.0	0.0	-470.0	0.2000000
131	24620.1484	23784.600	24.89000	0.0	0.0	-450.0	2.0000000
77	24842.0156	23696.289	24.00000	-10.0	0.0	-90.0	0.5500000
77	24801.3633	23515.998	24.00000	-10.0	0.0	-135.0	0.4500000
77	24747.0977	23607.000	24.00000	-15.0	0.0	-260.0	0.2500000
80	24646.9590	23687.211	24.00000	0.0	0.0	50.0	0.3000000
115	24703.6895	23368.188	24.00000	0.0	0.0	45.0	1.5000000
76	24814.1387	23339.840	24.00000	0.0	0.0	90.0	0.1500000
6	24769.1582	23453.240	18.00000	0.0	0.0	80.0	2.0000000
6	24791.2500	23636.066	18.00000	0.0	0.0	85.0	2.0000000
80	24683.5000	23512.199	24.00000	0.0	0.0	5.0	0.3000000
77	24633.0000	23049.000	24.00000	-10.0	0.0	-120.0	0.2000000
76	24769.9609	23236.150	24.00000	0.0	0.0	45.0	0.2500000
120	24613.2988	23273.811	24.00000	0.0	0.0	-405.0	0.6000000
6	24636.7402	23168.410	18.00000	0.0	0.0	60.0	2.0000000
6	24719.4902	23305.119	18.00000	0.0	0.0	60.0	2.0000000
122	24640.2109	23154.559	24.00000	0.0	0.0	45.0	2.0999999
105	24584.0000	24518.998	31.52554	10.0	0.0	-90.0	2.0999999
105	24476.0000	24568.000	24.00000	10.0	0.0	-45.0	1.6000000
80	24536.9297	24204.549	24.00000	0.0	0.0	25.0	0.2000000
6	24468.2500	24573.979	18.00000	0.0	0.0	855.0	2.0000000
105	24460.0000	24453.000	24.00000	10.0	0.0	-45.0	1.4000000
80	24450.1777	24346.117	24.00000	0.0	0.0	-20.0	0.3000000
80	23413.4727	24483.789	24.00000	0.0	0.0	225.0	0.4000000
77	23222.1719	24568.391	24.00000	0.0	0.0	-0.0	0.5000000
120	23215.8594	24388.127	24.00000	0.0	0.0	-270.0	0.6000000
77	23144.9102	24503.037	24.00000	10.0	0.0	0.0	0.2500000
80	23311.2832	24419.311	24.00000	0.0	0.0	180.0	0.5000000
6	23038.6406	24587.008	18.00000	0.0	0.0	150.0	2.0000000
6	23223.5996	24526.998	18.00000	0.0	0.0	180.0	2.0000000
76	23223.5039	24476.447	24.00000	0.0	0.0	70.0	0.1500000
80	23212.9980	24318.000	24.00000	0.0	0.0	180.0	0.4000000
127	23451.0000	23818.449	63.46070	180.0	0.0	-900.0	1.0000000
80	23381.0000	23854.998	40.00000	0.0	0.0	270.0	0.5000000
77	24542.3691	22939.969	24.00000	-10.0	0.0	-120.0	0.3500000
80	24438.2988	22937.656	24.00000	0.0	0.0	0.0	0.4000000
124	24547.0000	23050.000	24.00000	0.0	0.0	-405.0	0.6000000
120	24288.1875	22948.230	24.00000	0.0	0.0	-450.0	0.6000000
6	24434.2695	22910.830	18.00000	0.0	0.0	45.0	2.0000000
6	24538.4863	23018.998	18.00000	0.0	0.0	55.0	2.0000000
128	24298.3789	23071.299	24.00000	0.0	0.0	-90.0	1.0000000
104	24543.0195	23142.818	26.40000	0.0	0.0	0.0	0.2000000
120	24443.0000	23081.000	25.48469	0.0	0.0	-350.0	0.4000000
126	23435.2363	23386.729	96.70131	0.0	0.0	45.0	3.0000000
126	23715.0000	23346.541	68.00000	5.0	0.0	100.0	2.0000000
122	23442.7070	23693.660	81.88326	0.0	0.0	45.0	2.2000000
128	23536.0000	23650.775	58.87397	25.0	0.0	90.0	0.8000000
127	23034.8594	23340.328	86.44485	180.0	0.0	-765.0	1.0000000
127	23162.7988	23480.207	77.16000	0.0	180.0	-315.0	1.0000000
120	22946.9688	23372.967	48.67618	0.0	0.0	125.0	0.6000000
128	23199.4805	23329.629	71.07000	0.0	0.0	0.0	0.8000000
126	23543.5938	22968.906	33.00000	-15.0	0.0	10.0	2.0000000
120	23643.0000	22926.998	64.11079	0.0	15.0	170.0	0.5000000
128	23325.6094	23227.170	43.07999	25.0	0.0	315.0	0.8000000
128	23528.2188	23073.266	94.38132	0.0	0.0	-90.0	0.8000000
120	23413.7383	23002.197	53.38442	0.0	0.0	170.0	0.6000000
80	23650.0000	23139.000	62.87331	-15.0	0.0	270.0	0.3000000
85	22697.1152	25254.096	240.42252	0.0	0.0	-90.0	1.0000000
85	22872.4492	25259.887	231.47350	0.0	0.0	-90.0	1.0000000
85	22773.5664	25103.260	88.00000	0.0	0.0	-80.0	1.0000000
85	22637.4805	25091.918	88.00000	0.0	0.0	-80.0	1.0000000
9	22603.0996	25135.682	315.00000	0.0	0.0	15.0	2.0000000
9	22824.2285	25143.027	315.00000	0.0	0.0	-10.0	2.0000000
85	22429.9980	25267.000	290.00000	0.0	0.0	-45.0	1.0000000
85	22069.4004	25056.289	308.90997	0.0	0.0	-45.0	1.0000000
85	22071.9492	25187.748	324.00000	0.0	0.0	-45.0	1.0000000
85	22107.4609	25275.699	235.48999	0.0	0.0	-45.0	1.0000000
85	22420.0000	25085.660	250.00000	0.0	0.0	-45.0	1.0000000
85	22436.7988	25032.730	88.00000	0.0	0.0	-35.0	1.0000000
9	22394.1699	25060.609	315.00000	0.0	0.0	25.0	2.0000000
115	22805.3672	24619.660	26.00000	0.0	0.0	45.0	1.5999999
60	22784.0781	25008.330	25.00000	0.0	0.0	0.0	1.0000000
6	22470.9707	24604.959	18.00000	0.0	0.0	-145.0	2.0000000
6	22588.0898	24663.551	18.00000	0.0	0.0	-165.0	2.0000000
6	22734.9551	24681.777	18.00000	0.0	0.0	-180.0	2.0000000
123	22680.1855	24675.562	24.00000	0.0	0.0	-180.0	0.4000000
123	22549.0000	24686.439	24.00000	0.0	0.0	-135.0	0.5000000
85	22192.2676	24938.250	250.00000	0.0	0.0	-45.0	1.0000000
85	22147.0000	24840.998	88.00000	0.0	0.0	-35.0	1.0000000
85	22275.7988	24940.090	88.00000	0.0	0.0	-35.0	1.0000000
9	22051.2871	24837.779	315.00000	0.0	0.0	30.0	2.0000000
9	22208.6484	24949.939	315.00000	0.0	0.0	40.0	2.0000000
28	22178.1797	24921.170	317.99997	0.0	0.0	80.0	0.5000000
60	22063.4863	24648.637	25.00000	0.0	0.0	0.0	1.0000000
85	21805.6602	25068.879	324.00000	0.0	0.0	-45.0	1.0000000
85	21262.5000	25093.168	250.00000	0.0	0.0	-45.0	1.0000000
85	21380.1191	25165.309	318.13998	0.0	0.0	-45.0	1.0000000
85	21607.0000	25125.000	324.00000	0.0	0.0	-45.0	1.0000000
9	21198.4297	25023.789	315.00000	0.0	0.0	-20.0	2.0000000
57	21927.6016	24599.473	323.00000	0.0	0.0	45.0	3.0000000
85	21793.4609	24842.471	250.00000	0.0	0.0	-45.0	1.0000000
85	21999.2695	24846.697	250.00000	0.0	0.0	-45.0	1.0000000
85	21614.2637	24745.770	88.00000	0.0	0.0	-70.0	1.0000000
85	21766.6172	24715.510	88.00000	0.0	0.0	-70.0	1.0000000
85	21929.4102	24725.867	88.00000	0.0	0.0	-70.0	1.0000000
85	21989.1504	24750.740	88.00000	0.0	0.0	-35.0	1.0000000
9	21735.7383	24773.830	315.00000	0.0	0.0	-10.0	2.0000000
9	21896.9492	24775.100	315.00000	0.0	0.0	10.0	2.0000000
57	21242.6758	24793.289	349.00000	0.0	0.0	45.0	2.0000000
60	21562.9980	24596.938	25.00000	0.0	0.0	0.0	1.0000000
85	21459.0000	25016.699	250.00000	0.0	0.0	-45.0	1.0000000
85	21599.3965	24925.408	250.00000	0.0	0.0	-45.0	1.0000000
85	21325.6387	24923.330	88.00000	0.0	0.0	-70.0	1.0000000
85	21476.6387	24837.070	88.00000	0.0	0.0	-70.0	1.0000000
9	21402.6992	24926.549	315.00000	0.0	0.0	-30.0	2.0000000
9	21586.0996	24820.469	315.00000	0.0	0.0	-30.0	2.0000000
85	21044.8984	25146.830	250.00000	0.0	0.0	-45.0	1.0000000
85	20792.1426	25181.107	250.00000	0.0	0.0	-45.0	1.0000000
85	21018.1777	25040.000	88.00000	0.0	0.0	-70.0	1.0000000
85	20854.9980	25058.000	88.00000	0.0	0.0	-70.0	1.0000000
9	20762.0000	25109.000	315.00000	0.0	0.0	-5.0	2.0000000
9	20981.6992	25081.428	315.00000	0.0	0.0	-10.0	2.0000000
85	20346.6895	25238.020	250.00000	0.0	0.0	-45.0	1.0000000
85	20569.0488	25181.721	250.00000	0.0	0.0	-45.0	1.0000000
85	20409.2246	25033.029	88.00000	0.0	0.0	-25.0	1.0000000
85	20663.8281	25073.322	88.00000	0.0	0.0	-70.0	1.0000000
9	20538.4375	25101.635	315.00000	0.0	0.0	10.0	2.0000000
76	21019.0000	24607.990	24.00000	0.0	0.0	150.0	0.2000000
71	20869.9180	24649.879	32.90000	0.0	0.0	0.0	0.7000000
57	21014.0000	24879.998	323.00000	0.0	0.0	45.0	3.0000000
60	21174.1504	24853.260	23.62000	0.0	0.0	0.0	1.0000000
85	21176.3848	24984.277	88.00000	0.0	0.0	-70.0	1.0000000
76	20732.7695	24651.600	22.79980	0.0	0.0	0.0	0.2000000
60	20592.0508	24921.369	25.00000	0.0	0.0	0.0	1.0000000
85	20117.1289	25084.357	250.00000	0.0	0.0	-45.0	1.0000000
85	20290.1406	25114.359	250.00000	0.0	0.0	-45.0	1.0000000
85	19923.7988	25268.480	250.00000	0.0	0.0	-45.0	1.0000000
9	20321.9336	25046.391	315.00000	0.0	0.0	20.0	2.0000000
85	19764.2988	25034.148	250.00000	0.0	0.0	-45.0	1.0000000
85	19525.5098	25157.869	250.00000	0.0	0.0	-45.0	1.0000000
85	19829.0098	25188.160	250.00000	0.0	0.0	-45.0	1.0000000
57	20058.2910	24689.830	349.00000	0.0	0.0	45.0	3.0000000
85	19983.9102	24952.859	250.00000	0.0	0.0	-45.0	1.0000000
85	19963.4805	24781.229	88.00000	0.0	0.0	-40.0	1.0000000
85	20076.0898	24862.930	88.00000	0.0	0.0	-25.0	1.0000000
85	20237.3262	24967.117	88.00000	0.0	0.0	-25.0	1.0000000
9	20120.7168	24952.924	315.00000	0.0	0.0	30.0	2.0000000
9	19946.5000	24830.131	315.00000	0.0	0.0	40.0	2.0000000
28	20125.4707	24933.750	317.99997	0.0	0.0	80.0	0.5000000
60	20066.7188	24677.920	25.00000	0.0	0.0	0.0	1.0000000
85	19660.9199	24702.289	250.00000	0.0	0.0	-45.0	1.0000000
85	19721.3965	24882.070	250.00000	0.0	0.0	-45.0	1.0000000
85	19703.5605	24608.994	88.00000	0.0	0.0	-45.0	1.0000000
28	19601.0000	24628.000	317.99997	0.0	0.0	80.0	0.5000000
85	19802.4199	24670.078	88.00000	0.0	0.0	-25.0	1.0000000
9	19626.5586	24635.842	315.00003	0.0	0.0	20.0	2.0000000
9	19802.8770	24725.156	315.00000	0.0	0.0	30.0	2.0000000
28	19800.3301	24700.840	317.99997	0.0	0.0	80.0	0.5000000
123	22499.2090	24570.449	24.00000	0.0	0.0	-180.0	0.3000000
80	22473.0000	24426.998	24.00000	0.0	0.0	135.0	0.4000000
120	22830.1895	24517.949	24.00000	0.0	0.0	-315.0	0.6000000
130	22139.3281	24187.949	24.00000	0.0	0.0	0.0	1.1000000
123	22356.0000	24537.000	24.00000	0.0	0.0	-135.0	0.6000000
77	22227.3672	24327.260	24.00000	0.0	0.0	135.0	0.6000000
6	22345.1191	24499.609	18.00000	0.0	0.0	-135.0	2.0000000
6	22241.0684	24368.779	18.00000	0.0	0.0	-125.0	2.0000000
6	22116.5801	24226.127	18.00000	0.0	0.0	-135.0	2.0000000
76	22225.3809	24448.811	24.00000	0.0	0.0	205.0	0.2000000
122	22351.5586	24445.707	24.00000	0.0	0.0	45.0	2.2000000
115	22342.7969	24345.320	24.00000	0.0	0.0	45.0	1.2000000
128	22150.8301	24261.561	25.00000	0.0	0.0	-90.0	0.9000000
77	22039.6797	24148.629	24.00000	-10.0	0.0	45.0	0.8000000
80	22168.7188	24084.449	24.00000	0.0	0.0	135.0	0.4000000
77	21750.1191	24173.609	24.00000	0.0	0.0	-0.0	0.6000000
77	21624.6270	24240.062	24.00000	0.0	0.0	-0.0	0.4000000
76	21367.5293	24451.078	1.92350	0.0	0.0	160.0	0.2000000
6	21308.2969	24375.986	18.00000	0.0	0.0	-190.0	2.0000000
80	21192.4590	24386.670	24.00000	0.0	0.0	45.0	0.4000000
80	21552.7305	24187.008	24.00000	0.0	0.0	45.0	0.3000000
6	21557.8398	24219.961	18.00000	0.0	0.0	-210.0	2.0000000
6	21406.2500	24337.420	18.00000	0.0	0.0	-220.0	2.0000000
105	21483.0000	24375.000	38.00000	0.0	0.0	0.0	2.0999999
105	21257.9395	24476.154	39.08305	0.0	0.0	0.0	1.2000000
71	21335.0000	24285.000	15.99397	0.0	0.0	0.0	0.7000000
77	22017.9688	24043.660	24.00000	-15.0	0.0	-180.0	0.4000000
80	21659.1602	24117.670	24.00000	0.0	0.0	90.0	0.4000000
6	21915.4297	24141.229	18.00000	0.0	0.0	-180.0	2.0000000
6	21733.3184	24155.131	18.00000	0.0	0.0	-190.0	2.0000000
76	21808.4785	24064.680	24.00000	0.0	0.0	205.0	0.2000000
80	21733.7363	23988.859	24.00000	0.0	0.0	45.0	0.4000000
120	21909.8594	23961.609	24.00000	0.0	0.0	-195.0	0.6000000
120	21422.6035	24142.227	24.00000	0.0	0.0	-360.0	0.6000000
120	22579.6484	23051.639	19.31000	0.0	0.0	45.0	0.6000000
128	22705.0527	22900.066	24.00000	0.0	0.0	0.0	0.8000000
80	22425.0000	23160.000	24.00000	-15.0	0.0	270.0	0.3000000
0	22395.4004	22925.156	0.00000	0.0	0.0	0.0	1.0000000
120	22237.8105	23118.369	24.00000	0.0	0.0	90.0	0.6000000
127	21196.5723	23464.604	5.53291	0.0	0.0	-90.0	1.7999998
128	22029.9492	23004.160	19.80000	0.0	0.0	0.0	0.8000000
86	21137.1797	24510.709	24.00000	0.0	0.0	-50.0	1.2000000
71	20947.0000	24518.000	16.34045	0.0	0.0	0.0	0.7000000
6	21132.1875	24448.779	18.00000	0.0	0.0	-210.0	2.0000000
6	20829.0273	24566.713	18.00000	0.0	0.0	-190.0	2.0000000
6	20990.7285	24521.920	18.00000	0.0	0.0	-200.0	2.0000000
49	20814.7891	24505.039	32.19812	0.0	0.0	0.0	0.7100000
49	20935.7383	24392.250	32.89000	0.0	0.0	-45.0	0.6100000
77	20348.3691	24441.451	24.00000	-10.0	0.0	45.0	0.6666667
77	20489.9707	24525.732	24.00000	0.0	0.0	60.0	0.5000000
77	20592.2617	24588.010	24.00000	10.0	0.0	90.0	0.3333333
120	20675.9863	24527.207	24.00000	0.0	0.0	-360.0	0.6000000
104	20346.6797	24291.570	30.15000	0.0	0.0	0.0	0.4000000
49	20749.9199	24350.000	29.48499	0.0	0.0	0.0	0.5100000
6	20681.2500	24568.998	18.00000	0.0	0.0	-170.0	2.0000000
6	20525.2695	24516.420	18.00000	0.0	0.0	-155.0	2.0000000
6	20371.0391	24441.189	18.00000	0.0	0.0	-150.0	2.0000000
120	20460.5293	24374.348	24.00000	0.0	0.0	-270.0	0.6000000
46	20582.4297	24420.490	24.00000	0.0	0.0	0.0	0.8000000
76	20608.8594	24496.939	24.00000	0.0	0.0	115.0	0.1000000
84	19974.2402	24239.240	24.00000	0.0	0.0	0.0	1.1000000
77	20247.0781	24386.527	24.00000	0.0	-15.0	35.0	0.5000000
57	19906.7598	24582.865	323.00000	0.0	0.0	45.0	2.0000000
6	20231.8496	24342.107	18.00000	0.0	0.0	-140.0	2.0000000
6	20101.1992	24222.387	18.00000	0.0	0.0	-135.0	2.0000000
80	20238.8496	24239.170	24.00000	0.0	0.0	0.0	0.4000000
122	20142.4980	24275.580	24.00000	0.0	0.0	45.0	2.0000000
85	19546.4883	24554.377	88.00000	0.0	0.0	-45.0	1.0000000
60	19682.7598	24418.439	25.00000	0.0	0.0	0.0	1.0000000
120	19922.9805	23936.248	24.00000	0.0	0.0	-225.0	0.6000000
80	20053.7285	24141.090	24.00000	0.0	0.0	-225.0	0.4000000
6	19960.2402	24083.291	18.00000	0.0	0.0	-135.0	2.0000000
128	20043.2305	23976.420	23.99000	0.0	0.0	-45.0	0.8000000
101	20154.0000	24051.998	24.00000	0.0	0.0	0.0	0.6000000
101	19949.6602	23839.590	24.50156	0.0	0.0	0.0	0.5000000
84	19779.9395	24033.639	42.46000	0.0	0.0	0.0	1.3000000
84	19643.0000	23779.000	24.00000	0.0	0.0	10.0	1.1000000
6	19849.2773	23955.400	18.00000	0.0	0.0	-125.0	2.0000000
6	19768.6797	23800.789	18.00000	0.0	0.0	-112.0	2.0000000
127	20822.6426	23491.473	23.61677	0.0	0.0	-315.0	1.9999999
120	21051.8301	23629.590	24.00000	0.0	0.0	-10.0	0.6000000
80	20994.6465	23462.008	24.00000	-15.0	0.0	405.0	0.3000000
131	20901.0391	23462.459	24.00000	0.0	0.0	-360.0	2.0000000
128	20589.7695	23370.539	24.00000	0.0	0.0	135.0	0.8000000
127	20505.7793	23314.350	23.61677	0.0	0.0	-270.0	1.9999999
80	20690.6289	23342.689	24.00000	-15.0	0.0	180.0	0.4000000
128	21066.7305	23309.797	24.00000	0.0	0.0	45.0	0.8000000
127	20937.2246	23271.475	23.61677	0.0	0.0	-135.0	1.9999999
131	20804.4883	23126.639	24.00000	0.0	0.0	-405.0	2.0000000
131	21083.1289	23221.289	24.00000	0.0	0.0	-315.0	2.0000000
131	20922.5684	23138.869	24.00000	0.0	0.0	-360.0	1.6000000
127	20548.8242	22981.951	23.61677	0.0	0.0	-225.0	1.7999998
120	20713.8281	22929.697	24.00000	0.0	0.0	170.0	0.6000000
131	20496.4102	23195.680	24.00000	0.0	0.0	-270.0	2.0000000
80	19728.9590	23342.568	24.00000	0.0	0.0	225.0	0.4000000
77	19636.3379	23541.367	24.00000	10.0	0.0	135.0	0.4000000
80	19813.3398	23733.080	24.00000	0.0	0.0	0.0	0.4000000
77	19611.0801	23376.957	24.00000	-20.0	0.0	-265.0	0.6000000
6	19707.3594	23626.109	18.00000	0.0	0.0	-105.0	2.0000000
6	19672.9434	23459.818	18.00000	0.0	0.0	-100.0	2.0000000
122	19747.6797	23639.986	24.00000	0.0	0.0	135.0	2.0000000
130	19670.0000	23443.141	24.00000	0.0	0.0	90.0	1.2000000
120	19796.2891	23481.477	24.00000	0.0	0.0	-180.0	0.6000000
84	19482.0195	22902.930	24.00000	0.0	0.0	0.0	1.3000000
84	19674.1387	22923.670	24.00000	0.0	0.0	55.0	1.0000000
77	19521.8496	23070.162	24.00000	20.0	0.0	315.0	0.3000000
77	19558.0000	23192.000	24.00000	0.0	-15.0	225.0	0.4000000
6	19642.3281	23276.859	18.00000	0.0	0.0	-100.0	2.0000000
6	19610.5703	23094.709	18.00000	0.0	0.0	-100.0	2.0000000
6	19555.1992	22923.727	18.00000	0.0	0.0	-110.0	2.0000000
80	19640.3984	23096.820	24.00000	0.0	0.0	315.0	0.4000000
80	19746.0273	23219.828	24.00000	0.0	0.0	315.0	0.3000000
77	24637.3398	21556.889	22.00000	-10.0	0.0	-55.0	0.3500000
77	24721.3203	21424.020	20.00000	-10.0	0.0	-70.0	0.2500000
80	24637.1797	21267.619	19.00000	0.0	0.0	205.0	0.3000000
115	24649.0391	21351.520	24.66131	0.0	0.0	45.0	1.4000000
6	24665.8105	21346.730	18.00000	0.0	0.0	100.0	2.0000000
6	24605.5391	21498.250	18.00000	0.0	0.0	120.0	2.0000000
123	24761.5195	21277.910	19.00000	-5.0	0.0	270.0	0.3000000
77	24275.3867	22595.078	24.00000	-10.0	0.0	-120.0	0.2000000
77	24334.5000	22711.760	24.00000	-10.0	0.0	-120.0	0.3500000
86	24450.1895	22809.398	24.00000	0.0	0.0	40.0	1.2000000
75	24507.0273	22837.109	24.00000	0.0	0.0	45.0	0.8000000
115	24176.0078	22804.350	25.41986	0.0	0.0	45.0	1.4999999
75	24204.5898	22664.090	24.00000	0.0	0.0	45.0	0.8000000
84	24292.4668	22479.285	24.00000	0.0	0.0	0.0	1.1000000
6	24205.7305	22604.697	18.00000	0.0	0.0	70.0	2.0000000
6	24309.7695	22774.590	18.00000	0.0	0.0	50.0	2.0000000
80	24307.0000	22845.000	24.00000	0.0	0.0	90.0	0.3000000
84	24243.3008	22116.820	30.48000	0.0	0.0	0.0	1.5000000
84	24218.4531	22261.000	24.00000	0.0	0.0	45.0	1.3000000
84	24207.5098	22409.709	24.00000	0.0	0.0	-135.0	1.3000000
84	24160.9141	22227.820	24.00000	0.0	0.0	-90.0	1.1000000
6	24158.0000	22039.000	18.00000	0.0	0.0	100.0	2.0000000
6	24119.9805	22206.240	18.00000	0.0	0.0	105.0	2.0000000
6	24141.1094	22427.020	18.00000	0.0	0.0	70.0	2.0000000
120	23969.8906	22188.619	24.00000	0.0	0.0	-360.0	0.6000000
104	23898.3496	22225.293	26.00900	0.0	0.0	0.0	0.3000000
104	23981.5605	22367.055	26.33913	0.0	0.0	0.0	0.2000000
128	23539.0000	22730.129	34.23286	15.0	0.0	0.0	0.8000000
122	23387.6289	22077.641	54.00000	10.0	0.0	45.0	1.9000000
120	23362.4199	22252.789	40.07484	0.0	0.0	-315.0	0.6000000
123	23465.6172	22198.000	60.00000	10.0	0.0	90.0	0.2000000
122	23374.0000	22229.998	49.00000	-10.0	0.0	-45.0	2.0000000
131	23402.5781	22363.047	29.00000	0.0	0.0	135.0	1.8000000
131	23498.4766	22071.020	30.17000	0.0	0.0	90.0	2.0000000
122	23279.6387	22082.219	28.00000	10.0	0.0	0.0	1.9000000
120	23296.0488	22076.998	69.06039	0.0	0.0	-315.0	0.6000000
123	23314.0000	22140.998	61.00000	0.0	0.0	45.0	0.5000000
123	23293.0000	22293.000	60.00000	-10.0	0.0	45.0	0.3000000
104	23295.7207	22377.090	60.44526	0.0	0.0	0.0	0.2000000
123	23188.5391	22090.887	44.64325	-10.0	0.0	90.0	0.3000000
122	23239.1992	22197.018	60.00000	10.0	0.0	250.0	1.7000000
77	24480.8770	21704.469	24.00000	-10.0	0.0	-30.0	0.5500000
77	24339.3867	21896.770	24.00000	-10.0	0.0	-40.0	0.3500000
128	24227.6406	21925.699	24.00000	0.0	0.0	-45.0	0.9000000
6	24385.7988	21766.137	18.00000	0.0	0.0	135.0	2.0000000
120	24393.8086	21621.061	24.00000	0.0	0.0	-315.0	0.6000000
6	24498.5098	21649.859	18.00000	0.0	0.0	130.0	2.0000000
6	24261.5000	21867.510	18.00000	0.0	0.0	145.0	2.0000000
80	24284.3398	21781.498	24.00000	0.0	0.0	45.0	0.4000000
120	24113.0605	21989.590	24.00000	0.0	0.0	-405.0	0.6000000
104	24027.5703	22011.350	25.27000	0.0	0.0	0.0	0.4000000
80	24530.8770	21510.857	24.00000	0.0	0.0	-45.0	0.3000000
123	24579.3066	21427.930	24.00000	0.0	0.0	180.0	0.2500000
122	24552.9199	21250.639	24.00000	0.0	0.0	45.0	2.3000000
80	23422.2207	21903.020	53.02662	0.0	0.0	135.0	0.2000000
104	23513.1602	21880.221	49.87999	15.0	0.0	-675.0	0.2500000
123	23405.5703	21968.969	51.48468	-10.0	0.0	90.0	0.3000000
131	23190.5898	21990.830	23.42416	0.0	0.0	-45.0	2.0000000
123	24770.2031	21173.000	19.00000	-5.0	0.0	-0.0	0.4000000
123	24737.9980	20779.998	19.00000	-5.0	0.0	180.0	0.3500000
6	24690.9980	21171.000	18.00000	0.0	0.0	95.0	2.0000000
6	24671.9902	20808.100	18.00000	0.0	0.0	85.0	2.0000000
6	24690.1680	20982.586	18.00000	0.0	0.0	85.0	2.0000000
123	24649.5293	21145.957	19.00000	-5.0	0.0	90.0	0.3500000
123	24646.2188	20848.350	20.00000	0.0	0.0	90.0	0.3000000
123	24759.0000	20915.510	19.00000	-10.0	0.0	90.0	0.5000000
115	24798.8867	20973.691	36.99371	0.0	0.0	45.0	1.1000000
123	24744.6875	21034.279	19.00000	0.0	0.0	-180.0	0.6000000
77	24675.8613	20398.000	24.00000	-10.0	0.0	-75.0	0.5500000
77	24700.8398	20572.959	24.00000	-10.0	0.0	-45.0	0.3500000
77	24725.4004	20671.488	24.00000	-10.0	0.0	-360.0	0.2000000
77	24637.0000	20487.000	20.00000	-10.0	0.0	-270.0	0.2000000
6	24645.1602	20441.768	18.00000	0.0	0.0	90.0	2.0000000
6	24653.4590	20630.479	18.00000	0.0	0.0	85.0	2.0000000
80	24645.1602	20704.039	24.00000	0.0	0.0	135.0	0.2000000
77	24666.2070	20267.529	24.00000	-10.0	0.0	-180.0	0.2500000
80	24631.8398	20141.680	24.00000	0.0	0.0	45.0	0.2000000
6	24683.8477	20083.930	18.00000	0.0	0.0	100.0	2.0000000
6	24653.3105	20254.715	18.00000	0.0	0.0	95.0	2.0000000
128	24681.1973	20034.721	24.00000	0.0	0.0	-225.0	0.9000000
77	24787.1484	19982.119	53.00000	-10.0	0.0	-45.0	0.2500000
76	24769.3301	20084.199	24.00000	0.0	0.0	-230.0	0.1000000
71	24738.6270	20176.549	31.35000	0.0	0.0	0.0	0.7000000
20	24760.4395	19659.859	24.00000	20.0	0.0	-765.0	0.9000000
20	24747.9180	19747.000	24.00000	10.0	0.0	-945.0	0.8000000
112	24732.1289	19475.561	25.69636	0.0	0.0	445.0	2.0000000
111	24600.2695	19812.670	24.00000	0.0	0.0	-135.0	0.6000000
104	24829.7090	19876.090	37.42520	0.0	0.0	0.0	0.3000000
6	24746.0000	19574.000	18.00000	0.0	0.0	70.0	2.0000000
6	24737.8105	19900.250	18.00000	0.0	0.0	110.0	2.0000000
6	24767.5293	19741.969	18.00000	0.0	0.0	90.0	2.0000000
120	24665.5098	19723.168	24.00000	0.0	0.0	-360.0	0.6000000
101	24843.9688	19677.898	24.00000	0.0	0.0	25.0	0.7000000
76	24846.0000	19774.000	24.00000	0.0	0.0	35.0	0.1000000
104	24563.8691	20760.809	25.32000	0.0	0.0	0.0	0.3000000
115	24493.9590	21145.160	25.67651	0.0	0.0	45.0	1.1000000
120	24570.5879	21055.580	24.00000	0.0	0.0	-360.0	0.6000000
80	24551.2305	20943.098	24.00000	0.0	0.0	45.0	0.2000000
80	24558.0000	20575.000	24.00000	0.0	0.0	45.0	0.2000000
80	23837.1094	20465.461	21.02000	0.0	0.0	-90.0	0.3000000
75	22954.8711	20799.779	36.10512	0.0	0.0	45.0	0.7000000
77	22957.4609	20903.471	58.75085	-20.0	0.0	270.0	0.3000000
80	22897.6738	20960.404	60.00000	0.0	0.0	-225.0	0.3000000
120	23008.9180	20870.070	28.92513	0.0	0.0	-45.0	0.5000000
120	23687.7402	20544.539	24.00000	0.0	0.0	45.0	0.6000000
0	23653.8652	20347.354	0.00000	0.0	0.0	0.0	1.0000000
0	23468.8301	20351.516	0.00000	0.0	0.0	0.0	1.0000000
0	23413.8496	20494.158	0.00000	0.0	0.0	0.0	1.0000000
128	23494.0879	20640.070	24.00000	0.0	0.0	-45.0	0.8000000
80	23365.5195	20640.510	22.29397	0.0	0.0	-90.0	0.2500000
77	22890.9980	20728.000	60.00000	-20.0	0.0	225.0	0.2500000
120	23236.6094	20512.430	15.37000	0.0	0.0	0.0	0.6000000
80	23224.0000	20701.000	24.00000	0.0	0.0	-180.0	0.2000000
131	23244.0645	20378.352	19.25218	0.0	0.0	-810.0	2.0000000
120	24551.5703	20317.707	24.00000	0.0	0.0	-360.0	0.6000000
0	23752.5391	19983.066	0.00000	0.0	0.0	0.0	1.0000000
0	23852.4316	20221.656	0.00000	0.0	0.0	-140.0	1.0000000
120	23912.3359	20039.160	24.00000	0.0	0.0	-360.0	0.6000000
80	24012.5293	20080.688	24.00000	0.0	0.0	-180.0	0.2000000
131	24048.4590	20180.279	23.46335	0.0	0.0	-675.0	2.0000000
103	24550.2480	19544.680	24.00000	0.0	0.0	-270.0	0.6500000
80	24479.0000	19681.000	24.00000	0.0	0.0	-325.0	0.3000000
131	23769.5977	19586.430	26.75459	0.0	0.0	-765.0	2.0000000
80	23890.9980	19506.000	24.00000	0.0	0.0	-180.0	0.2500000
80	24018.3242	19862.000	24.00000	0.0	0.0	-180.0	0.3000000
120	23829.3281	19612.520	18.04000	0.0	0.0	45.0	0.6000000
0	23752.5781	19828.260	0.00000	0.0	0.0	0.0	1.0000000
0	23917.2520	19780.033	8.93256	0.0	0.0	0.0	1.0000000
128	23977.1309	19642.818	21.42491	0.0	0.0	135.0	0.8000000
128	23346.4668	20241.730	19.71000	0.0	0.0	45.0	0.8000000
0	23708.1641	20140.195	0.00000	0.0	0.0	0.0	1.0000000
0	23566.3613	20223.014	0.00000	0.0	0.0	0.0	1.0000000
127	23576.3984	19997.275	5.66471	0.0	0.0	-225.0	1.8000000
80	23459.3984	19983.061	24.00000	0.0	0.0	-180.0	0.2000000
80	23390.0000	20101.998	20.76233	0.0	0.0	-45.0	0.2500000
80	23078.4766	19971.170	24.00000	0.0	0.0	-90.0	0.4000000
80	22982.9688	20046.180	24.00000	0.0	0.0	-90.0	0.2000000
115	23329.1406	19557.680	24.00000	0.0	0.0	45.0	0.9000000
128	23593.7793	19783.180	21.25448	0.0	0.0	0.0	0.8000000
80	23673.0000	19682.000	6.00000	0.0	0.0	-135.0	0.2000000
77	22990.1680	19723.430	24.00000	-20.0	0.0	-210.0	0.6000000
77	23020.4395	19623.211	24.00000	-20.0	0.0	180.0	0.4000000
77	23071.4805	19528.420	24.00000	-20.0	0.0	180.0	0.3000000
77	23053.2598	19724.260	24.00000	-15.0	0.0	-70.0	0.3000000
77	22947.0176	19821.160	24.00000	-15.0	0.0	-25.0	0.3000000
76	23087.9199	19847.568	24.00000	0.0	0.0	40.0	0.2000000
120	22954.2168	19899.391	24.00000	0.0	0.0	-135.0	0.6000000
6	23085.3594	19623.500	18.00000	0.0	0.0	-60.0	2.0000000
6	22985.2090	19784.971	18.00000	0.0	0.0	-50.0	2.0000000
80	23167.1484	19612.789	24.00000	0.0	0.0	-135.0	0.4000000
80	23214.8477	19775.721	24.00000	0.0	0.0	-180.0	0.3000000
122	23252.2285	19645.439	24.00000	0.0	0.0	45.0	2.0000000
80	22829.2656	22499.459	24.00000	-15.0	0.0	270.0	0.3000000
0	22535.1797	22833.873	0.00000	0.0	0.0	0.0	1.0000000
0	22634.1621	22556.840	0.00000	0.0	0.0	0.0	1.0000000
120	22725.6309	22745.197	10.64000	0.0	0.0	0.0	0.6000000
74	22392.0000	22754.000	335.00000	0.0	5.0	-15.0	0.2200000
74	22041.9102	22718.648	184.99998	0.0	0.0	-685.0	0.2000000
80	22078.4219	22476.906	16.38097	0.0	0.0	225.0	0.2857143
100	22307.3008	22746.559	0.00000	0.0	0.0	-8.0	5.0000000
0	22415.2910	22734.215	0.00000	0.0	0.0	0.0	1.0000000
0	22256.6992	22764.805	0.00000	0.0	0.0	0.0	1.0000000
0	22103.1777	22674.094	0.00000	0.0	0.0	0.0	1.0000000
0	22455.6309	22576.154	0.00000	0.0	0.0	0.0	1.0000000
0	22291.6191	22668.680	0.00000	0.0	0.0	0.0	1.0000000
74	22095.0996	22747.221	197.19942	0.0	0.0	-685.0	0.1300000
120	22552.5195	22062.549	23.78000	0.0	0.0	45.0	0.6000000
120	22664.4395	22121.049	20.94000	0.0	0.0	0.0	0.6000000
80	22791.1523	22407.529	24.00000	-15.0	0.0	315.0	0.3000000
80	22483.1797	22242.164	24.00000	0.0	0.0	-45.0	0.2500000
0	22561.4570	22441.736	0.00000	0.0	0.0	0.0	1.0000000
0	22602.4941	22249.111	0.59840	0.0	0.0	0.0	1.0000000
77	22058.2695	22045.943	52.78964	-20.0	0.0	45.0	0.3200000
120	22300.1621	22393.270	24.00000	0.0	0.0	45.0	0.6000000
80	22129.7598	22110.404	42.26189	0.0	0.0	135.0	0.2000000
0	21940.5781	22649.926	0.00000	0.0	0.0	0.0	1.0000000
0	21728.4688	22566.965	0.00000	0.0	0.0	0.0	1.0000000
120	21811.4707	22772.527	20.14339	0.0	0.0	90.0	0.6000000
80	21578.0000	22722.660	21.27987	0.0	0.0	90.0	0.3000000
120	21466.2891	22561.879	24.00000	0.0	0.0	0.0	0.6000000
74	22025.4434	22126.000	226.00000	0.0	0.0	0.0	0.1500000
80	22023.6777	22440.342	19.61903	0.0	0.0	270.0	0.2142857
128	21611.6504	22410.621	21.45117	0.0	0.0	45.0	0.8000000
120	21849.1289	22426.309	24.00000	0.0	0.0	90.0	0.6000000
131	21971.7305	22104.488	44.04082	0.0	0.0	-495.0	2.0000000
77	22092.2676	21949.943	46.39299	-20.0	0.0	135.0	0.4000000
77	22123.2695	22008.943	52.78964	-20.0	0.0	-45.0	0.2500000
80	22154.3750	21939.336	35.86274	25.0	0.0	-315.0	0.2000000
131	22216.4590	21992.879	25.49000	0.0	0.0	-270.0	2.0000000
131	21997.7598	21880.311	28.65409	0.0	0.0	-405.0	2.0000000
80	21972.0000	21979.000	36.99158	-10.0	0.0	90.0	0.2000000
74	21996.8574	21899.598	260.06049	0.0	0.0	-560.0	0.2000000
77	21361.0000	21215.434	48.00000	20.0	0.0	560.0	0.3000000
128	21262.4199	21245.727	34.75000	0.0	0.0	90.0	0.8000000
128	20782.1875	22867.791	24.00000	0.0	0.0	0.0	0.8000000
131	20585.2090	22852.508	24.00000	0.0	0.0	-270.0	2.0000000
120	19545.9004	22723.490	24.00000	0.0	0.0	-225.0	0.6000000
104	19648.3496	22754.090	30.04000	0.0	0.0	0.0	0.3000000
80	19594.3184	22644.699	24.00000	0.0	0.0	360.0	0.3000000
120	20335.2305	21934.637	24.00000	0.0	0.0	-90.0	0.6000000
0	20378.6641	21672.008	0.00000	0.0	0.0	0.0	1.0000000
80	20466.3398	21822.734	15.92237	0.0	0.0	405.0	0.2900000
120	20527.8281	21602.234	24.00000	0.0	0.0	0.0	0.6000000
0	20583.9043	21208.721	0.00000	0.0	0.0	0.0	1.0000000
0	20454.2832	21244.660	0.00000	0.0	0.0	0.0	1.0000000
0	20427.4941	21420.078	4.81901	0.0	0.0	0.0	1.0000000
0	20332.4531	21548.318	0.00000	0.0	0.0	0.0	1.0000000
80	20723.6602	21333.709	24.00000	0.0	0.0	225.0	0.2900000
80	20702.8770	21402.250	24.00000	0.0	0.0	20.0	0.2000000
128	20596.3203	21487.379	23.11670	0.0	0.0	45.0	0.8000000
80	20149.7168	21666.105	12.06753	0.0	0.0	405.0	0.2900000
76	19925.0000	21881.000	41.58322	0.0	0.0	-490.0	0.1300000
120	19925.0898	21842.240	43.04434	0.0	0.0	-45.0	0.6000000
0	20297.2441	21771.572	0.00000	0.0	0.0	0.0	1.0000000
80	20145.0000	21744.000	13.00000	0.0	0.0	110.0	0.2000000
77	19878.0000	21753.000	43.34749	-10.0	0.0	-90.0	0.3500000
76	19817.0000	21629.998	44.08269	0.0	0.0	-490.0	0.2000000
131	19779.6406	21800.338	28.03000	0.0	0.0	-540.0	2.0000000
131	19914.0391	21564.650	27.25000	0.0	0.0	-315.0	2.0000000
80	19945.0000	21350.000	33.49572	10.0	0.0	110.0	0.2000000
120	20192.3203	21344.367	24.00000	0.0	0.0	-180.0	0.6000000
77	19758.3027	21484.000	38.00000	20.0	0.0	270.0	0.4000000
76	19787.9004	21209.369	36.66000	0.0	0.0	-490.0	0.1500000
120	19875.0293	21493.928	34.98527	0.0	0.0	-135.0	0.6000000
120	19703.4199	21583.439	28.87000	0.0	0.0	-45.0	0.6000000
115	19826.4961	21381.131	52.27714	0.0	0.0	45.0	1.3000000
77	19864.7773	21309.479	50.00000	-10.0	0.0	-90.0	0.3000000
80	19778.6172	21326.713	44.44079	0.0	0.0	-70.0	0.2000000
131	19698.9492	21355.400	28.78000	0.0	0.0	-405.0	2.0000000
86	22845.6992	20864.039	60.00000	0.0	0.0	35.0	1.2000000
80	22762.0000	20762.000	42.90639	-20.0	0.0	-540.0	0.2000000
77	22686.0000	20840.998	60.00000	-20.0	0.0	450.0	0.3000000
80	22585.9297	20838.139	50.07011	0.0	0.0	-225.0	0.3000000
80	22735.0234	20935.662	44.68671	-20.0	0.0	-360.0	0.2000000
104	22764.6699	20834.469	62.14404	0.0	0.0	0.0	0.3000000
75	22813.5000	20927.379	38.69408	0.0	0.0	0.0	0.7000000
131	22796.0000	21001.998	33.00000	0.0	0.0	-540.0	2.0000000
101	22714.7988	20751.420	32.22694	0.0	0.0	-20.0	0.6000000
115	22706.6094	20331.260	24.00000	0.0	0.0	45.0	1.1000000
120	22388.6289	20377.969	24.00000	0.0	0.0	0.0	0.6000000
131	21208.5723	21016.574	25.46403	0.0	0.0	-45.0	2.0000000
77	21423.6758	20986.449	60.00000	20.0	0.0	270.0	0.4000000
77	21434.4961	20920.477	60.00000	20.0	0.0	360.0	0.4000000
77	21245.6641	20780.199	52.87207	20.0	0.0	695.0	0.3000000
120	21434.5664	21144.229	44.20395	0.0	0.0	35.0	0.5000000
120	21509.8184	20905.400	39.11000	0.0	0.0	-55.0	0.5000000
76	21353.0000	20826.998	39.16624	0.0	0.0	-685.0	0.1700000
76	21403.8477	21120.441	12.20684	0.0	0.0	-535.0	0.1700000
80	21430.6289	20807.689	46.00000	25.0	0.0	-315.0	0.2000000
131	21259.5723	20951.572	24.00299	0.0	0.0	0.0	1.8000000
131	21290.6484	21024.369	34.21370	0.0	0.0	45.0	1.6000000
77	21728.0000	20359.375	24.00000	5.0	0.0	-135.0	0.3000000
80	21664.6992	20455.131	24.00000	0.0	0.0	-225.0	0.3000000
120	21913.5508	20361.930	24.00000	0.0	0.0	-90.0	0.6000000
101	21968.8496	20531.979	24.00000	0.0	0.0	-20.0	0.6000000
80	21809.6289	20400.139	24.00000	0.0	0.0	-135.0	0.3000000
104	21943.5586	20410.879	28.57628	0.0	0.0	0.0	0.4000000
115	21540.4102	20475.480	24.00000	0.0	0.0	45.0	1.4000000
80	21598.3789	20339.477	24.00000	0.0	0.0	-90.0	0.4000000
77	22774.3691	19930.479	24.00000	-20.0	0.0	90.0	0.3000000
80	22850.9805	20007.789	24.00000	0.0	0.0	-135.0	0.4000000
6	22864.4082	19924.260	18.00000	0.0	0.0	-50.0	2.0000000
6	22729.1797	20061.541	18.00000	0.0	0.0	-40.0	2.0000000
6	22559.7793	20161.729	18.00000	0.0	0.0	345.0	2.0000000
120	22695.0195	20166.010	24.00000	0.0	0.0	0.0	0.6000000
76	22603.9707	20062.051	24.00176	0.0	0.0	-370.0	0.1500000
101	22756.6309	20037.789	24.00000	0.0	0.0	-20.0	0.6000000
104	22822.0000	20140.998	25.00000	0.0	0.0	0.0	0.3000000
84	22608.0000	20165.000	24.00000	0.0	0.0	60.0	0.9000000
92	22375.0000	20165.000	32.00000	0.0	0.0	70.0	0.6000000
84	22243.3281	20231.490	34.00000	0.0	0.0	135.0	1.0000000
101	22070.0000	20325.000	24.00000	0.0	0.0	25.0	0.6000000
120	22430.0996	20287.410	24.00000	0.0	0.0	-90.0	0.6000000
6	22379.9199	20226.090	18.00000	0.0	0.0	345.0	2.0000000
6	22205.8984	20273.070	18.00000	0.0	0.0	350.0	2.0000000
76	22170.7480	20198.580	24.00000	0.0	0.0	-370.0	0.1700000
77	22875.7598	19817.811	24.00000	-20.0	0.0	90.0	0.4000000
77	22009.0000	20225.000	24.00000	25.0	0.0	45.0	0.4000000
77	21633.0000	20219.000	24.00000	5.0	0.0	45.0	0.4000000
77	21831.4062	20285.299	24.00000	-20.0	0.0	-165.0	0.6000000
6	22019.1797	20295.818	18.00000	0.0	0.0	360.0	2.0000000
6	21826.7402	20304.059	18.00000	0.0	0.0	360.0	2.0000000
6	21634.1094	20305.279	18.00000	0.0	0.0	360.0	2.0000000
20	21211.9688	20060.762	24.00000	10.0	0.0	-720.0	1.1000000
20	21446.4609	20187.260	24.00000	10.0	0.0	-900.0	1.1000000
120	21208.3184	20248.609	24.00000	0.0	0.0	-90.0	0.6000000
6	21440.9980	20269.000	18.00000	0.0	0.0	25.0	2.0000000
6	21276.4805	20189.379	18.00000	0.0	0.0	30.0	2.0000000
130	21240.5703	20078.568	37.81082	0.0	0.0	90.0	1.1000000
101	21351.6016	20279.000	24.00000	0.0	0.0	25.0	0.8000000
71	21357.1094	20153.900	30.62000	5.0	0.0	45.0	0.9000000
101	21512.1270	20246.539	24.00000	0.0	0.0	25.0	0.9000000
120	21168.4180	20776.990	41.57443	10.0	0.0	-55.0	0.5000000
76	21162.0000	20764.000	27.00000	-25.0	0.0	-620.0	0.1000000
120	20917.3691	21158.227	24.00000	0.0	0.0	0.0	0.6000000
0	20776.9980	21136.000	0.00000	0.0	0.0	-140.0	1.0000000
128	20869.5703	21013.961	24.00000	0.0	0.0	135.0	0.8000000
120	20434.4902	20783.158	19.00000	0.0	0.0	-65.0	0.6000000
80	20741.1504	20940.488	24.00000	0.0	0.0	-25.0	0.2000000
0	20604.0820	21084.148	0.00000	0.0	0.0	-140.0	1.0000000
0	20421.4219	21119.691	0.00000	0.0	0.0	0.0	1.0000000
0	20442.0605	21014.545	0.00000	0.0	0.0	0.0	1.0000000
0	20328.8613	20867.139	0.00000	0.0	0.0	0.0	1.0000000
80	20670.6895	20939.689	24.00000	0.0	0.0	495.0	0.2900000
80	20118.7305	21146.760	6.13000	0.0	0.0	495.0	0.2900000
0	20223.7988	20793.188	1.63423	0.0	0.0	0.0	1.0000000
0	20135.5430	20960.455	0.00000	0.0	0.0	0.0	1.0000000
0	20289.6074	21005.314	0.00000	0.0	0.0	0.0	1.0000000
0	20307.5430	21172.322	0.00000	0.0	0.0	0.0	1.0000000
80	20054.4180	21134.920	17.07257	0.0	0.0	20.0	0.2000000
128	19958.0801	20901.930	24.00000	0.0	0.0	0.0	0.8000000
128	19986.0000	21048.000	24.00000	0.0	0.0	-45.0	0.6000000
120	20069.0000	20737.998	22.00000	0.0	0.0	-140.0	0.6000000
123	19951.9395	20346.680	60.00000	0.0	0.0	0.0	0.4000000
80	19909.9785	20419.699	44.95638	-20.0	0.0	-350.0	0.3000000
123	19988.1172	20429.939	43.45623	-5.0	0.0	0.0	0.3000000
80	20026.0000	20385.000	45.00000	-20.0	0.0	-115.0	0.3000000
80	20267.1973	20659.029	24.00000	0.0	0.0	90.0	0.2900000
122	19852.3105	20417.379	36.00000	0.0	0.0	45.0	2.0999999
71	21175.4004	20171.699	24.00000	0.0	0.0	0.0	0.6000000
6	20760.4297	19972.709	18.00000	0.0	0.0	30.0	2.0000000
115	21119.0098	20286.289	24.00000	0.0	0.0	45.0	1.4000000
77	20803.0000	19946.000	24.00000	-20.0	0.0	-150.0	0.6000000
77	20940.6602	19993.520	24.00000	-20.0	0.0	-60.0	0.4000000
77	20827.2070	19991.180	24.00000	-20.0	0.0	-15.0	0.3000000
80	20759.1973	20097.830	24.00000	0.0	0.0	-205.0	0.4000000
6	21124.6602	20120.637	18.00000	0.0	0.0	20.0	2.0000000
6	20938.9805	20048.459	18.00000	0.0	0.0	20.0	2.0000000
80	21053.0000	20093.000	24.00000	0.0	0.0	-70.0	0.4000000
80	20870.2090	20079.449	24.00000	0.0	0.0	-115.0	0.3000000
76	21089.0996	20021.396	24.00000	0.0	0.0	-335.0	0.1700000
122	20341.4102	19938.939	24.00000	0.0	0.0	45.0	1.8000000
115	20448.4805	20139.070	24.00000	0.0	0.0	45.0	1.4999999
77	20710.3203	19947.289	24.00000	-20.0	0.0	75.0	0.3000000
80	20574.8691	19927.877	24.00000	0.0	0.0	-70.0	0.4000000
6	20617.5879	19914.000	18.00000	0.0	0.0	10.0	2.0000000
120	20496.0488	19971.359	24.00000	0.0	0.0	-90.0	0.6000000
131	20385.5781	20029.879	24.00000	0.0	0.0	-270.0	2.0000000
131	20434.9570	20031.818	24.75505	0.0	0.0	-450.0	1.8000000
77	20628.0293	19866.660	24.00000	-20.0	0.0	-150.0	0.4000000
6	20445.3496	19875.969	18.00000	0.0	0.0	15.0	2.0000000
76	20515.0898	19811.830	24.00000	0.0	0.0	-355.0	0.1700000
123	20376.7305	19780.420	24.00000	0.0	0.0	135.0	0.3000000
80	19904.3496	20280.738	45.36454	-20.0	0.0	-215.0	0.3000000
120	20176.9004	19925.359	24.00000	0.0	0.0	-90.0	0.6000000
115	20048.8867	19942.160	24.00000	0.0	0.0	45.0	1.3000000
122	20029.7422	20323.873	49.29254	0.0	0.0	45.0	1.8000000
123	19979.5898	20243.270	29.72620	0.0	0.0	0.0	0.2000000
123	19870.0000	20315.000	38.25603	-15.0	0.0	90.0	0.2500000
123	19928.9414	19734.561	24.00000	0.0	0.0	90.0	0.6000000
6	20261.6172	19831.279	18.00000	0.0	0.0	10.0	2.0000000
6	19917.5488	19815.670	18.00000	0.0	0.0	0.0	2.0000000
6	20103.2285	19818.889	18.00000	0.0	0.0	0.0	2.0000000
123	20117.4395	19740.168	24.00000	0.0	0.0	45.0	0.5000000
123	19967.1484	19854.219	24.00000	0.0	0.0	45.0	0.3000000
123	20268.8848	19754.889	24.00000	0.0	0.0	0.0	0.4000000
37	19795.0000	19632.697	19.00000	0.0	0.0	-270.0	6.8400002
7	19807.0000	19529.000	91.00000	0.0	0.0	-90.0	6.9099998
7	19807.0000	19739.000	34.00000	0.0	0.0	-450.0	8.3299999
27	19550.0000	19524.619	50.64932	0.0	0.0	180.0	3.5000000
27	19550.0000	19682.000	11.96814	0.0	0.0	180.0	3.5000000
26	19550.0000	19750.969	24.00000	0.0	0.0	-270.0	4.2500000
35	19550.1777	19835.459	24.00000	0.0	0.0	-1260.0	3.5999999
85	19246.9395	25083.248	250.00000	0.0	0.0	-45.0	1.0000000
85	19083.5273	25232.258	250.00000	0.0	0.0	-45.0	1.0000000
9	19061.2266	25127.047	315.00000	0.0	0.0	-110.0	2.0000000
9	19123.1797	25212.230	315.00000	0.0	0.0	-145.0	2.0000000
85	19029.2695	25107.928	250.00000	0.0	0.0	-45.0	1.0000000
85	18983.7324	25024.250	88.00000	0.0	0.0	-135.0	1.0000000
85	19005.9707	25126.000	88.00000	0.0	0.0	-180.0	1.0000000
85	19413.2207	24777.320	250.00000	0.0	0.0	-45.0	1.0000000
85	19432.8203	24956.029	250.00000	0.0	0.0	-45.0	1.0000000
85	19167.1895	24640.971	250.00000	0.0	0.0	-0.0	1.0000000
85	19069.2910	24857.010	250.00000	0.0	0.0	-45.0	1.0000000
85	19058.7402	24703.178	88.00000	0.0	0.0	-90.0	1.0000000
9	19162.7695	24650.000	315.00003	0.0	0.0	-50.0	2.0000000
9	19067.7070	24799.689	315.00003	0.0	0.0	-70.0	2.0000000
85	19012.8652	24804.949	88.00000	0.0	0.0	-135.0	1.0000000
9	19037.9980	24961.000	315.00000	0.0	0.0	-90.0	2.0000000
60	18101.9980	25164.000	245.00000	0.0	0.0	0.0	1.0000000
60	18545.0000	25008.000	245.00000	0.0	0.0	0.0	1.0000000
77	18217.6992	24703.301	324.00000	-15.0	0.0	0.0	0.3000000
80	18160.3691	24641.982	324.00000	0.0	0.0	1170.0	0.2500000
75	17962.5703	24854.729	324.00000	0.0	0.0	45.0	0.8000000
75	17939.2598	24678.189	324.00000	0.0	0.0	45.0	0.8000000
75	18127.0293	24686.119	324.00000	0.0	0.0	45.0	0.8000000
77	17816.6680	24828.785	324.00000	-15.0	0.0	0.0	0.5000000
77	18085.5996	24763.701	324.00000	-15.0	0.0	0.0	0.5000000
77	18158.6016	24740.502	324.00000	-15.0	0.0	0.0	0.4000000
9	18175.2891	24643.641	315.00000	0.0	0.0	150.0	2.0000000
9	18036.2090	24731.209	315.00000	0.0	0.0	150.0	2.0000000
9	17913.2773	24775.350	315.00000	0.0	0.0	170.0	2.0000000
9	17774.8281	24773.100	315.00000	0.0	0.0	190.0	2.0000000
103	17850.0000	24750.000	324.00000	0.0	0.0	-362.0	0.6800000
103	18050.0000	24650.000	324.00000	0.0	0.0	-407.0	0.6800000
80	17976.3906	24751.607	324.00000	0.0	0.0	1125.0	0.3000000
60	17629.0000	25161.000	245.00000	0.0	0.0	0.0	1.0000000
85	16918.7812	25123.398	269.00000	0.0	0.0	-45.0	1.0000000
34	17501.6406	24828.580	328.32001	0.0	0.0	225.0	1.8000000
104	17739.3789	24707.098	326.88000	0.0	0.0	-360.0	0.3000000
77	17761.0000	24795.000	324.00000	-15.0	0.0	45.0	0.6000000
77	17661.0020	24787.998	324.00000	-15.0	0.0	45.0	0.5000000
77	17397.7012	24674.299	324.00000	-15.0	0.0	45.0	0.5000000
9	17477.9609	24674.750	315.00000	0.0	0.0	215.0	2.0000000
9	17611.7773	24738.668	315.00000	0.0	0.0	200.0	2.0000000
103	17650.0000	24650.000	324.00000	0.0	0.0	-317.0	0.6800000
80	17536.6992	24729.320	324.00000	0.0	0.0	1125.0	0.3000000
77	17337.0000	24629.998	324.00000	-15.0	0.0	45.0	0.4000000
77	17275.2012	24614.400	324.00000	-15.0	0.0	45.0	0.3000000
60	17257.0000	24912.000	245.00000	0.0	0.0	0.0	1.0000000
85	16634.2012	25043.301	517.00000	0.0	0.0	-90.0	1.0000000
85	16520.0996	25226.000	517.00000	0.0	0.0	-90.0	1.0000000
85	16657.2012	25409.002	517.00000	0.0	0.0	-90.0	1.0000000
9	16857.6387	25095.100	502.00006	0.0	0.0	90.0	2.0000000
9	16838.7695	25214.977	502.00006	0.0	0.0	110.0	2.0000000
28	16645.0000	25075.000	494.00000	0.0	0.0	10.0	2.0000000
85	16110.2002	25317.801	517.00000	0.0	0.0	-90.0	1.0000000
85	16364.8008	25146.000	517.00000	0.0	0.0	-90.0	1.0000000
85	16872.7988	25145.699	426.00003	0.0	0.0	-90.0	1.0000000
85	16891.7012	25293.803	426.00003	0.0	0.0	-90.0	1.0000000
85	16883.2168	25281.201	269.00000	0.0	0.0	-45.0	1.0000000
9	16602.0742	24784.078	502.00006	0.0	0.0	15.0	2.0000000
9	16749.0742	24859.775	502.00006	0.0	0.0	35.0	2.0000000
9	16834.1758	24975.178	502.00006	0.0	0.0	65.0	2.0000000
28	16531.6992	24952.898	495.00003	0.0	0.0	20.0	2.0000000
85	16193.0010	24983.900	517.00000	0.0	0.0	-90.0	1.0000000
85	16475.4980	24975.799	517.00000	0.0	0.0	-90.0	1.0000000
9	16113.2002	24846.400	502.00006	0.0	0.0	-20.0	2.0000000
9	16308.3008	24773.602	502.00006	0.0	0.0	-20.0	2.0000000
9	16435.8008	24759.398	502.00006	0.0	0.0	0.0	2.0000000
28	16211.0000	25012.000	496.00000	0.0	0.0	-15.0	2.0000000
85	16804.8008	24840.801	269.00000	0.0	0.0	-45.0	1.0000000
85	16672.3008	24748.887	269.00000	0.0	0.0	-45.0	1.0000000
85	16506.5000	24787.398	426.00003	0.0	0.0	-90.0	1.0000000
85	16697.2012	24851.000	426.00003	0.0	0.0	-90.0	1.0000000
85	16810.0000	24977.500	426.00003	0.0	0.0	-90.0	1.0000000
85	16618.1016	24730.602	269.00000	0.0	0.0	-90.0	1.0000000
85	16872.7988	24897.199	269.00000	0.0	0.0	-90.0	1.0000000
85	16900.8047	24985.102	269.00000	0.0	0.0	-45.0	1.0000000
85	16091.3301	24779.102	426.00003	0.0	0.0	-90.0	1.0000000
85	16304.8008	24784.902	426.00003	0.0	0.0	-90.0	1.0000000
85	16092.9004	24799.180	269.00000	0.0	0.0	-90.0	1.0000000
85	16275.6260	24736.094	269.00000	0.0	0.0	-90.0	1.0000000
85	16441.5078	24710.600	269.00000	0.0	0.0	-90.0	1.0000000
97	18735.6602	24436.408	478.76001	0.0	0.0	220.0	1.2500000
85	19332.0000	24512.998	88.00000	0.0	0.0	-90.0	1.0000000
57	19192.9199	24443.350	349.00000	0.0	0.0	45.0	3.0000000
85	19365.3281	24575.240	250.00000	0.0	0.0	-45.0	1.0000000
85	19389.9492	24517.951	88.00000	0.0	0.0	-45.0	1.0000000
85	19180.0684	24555.367	88.00000	0.0	0.0	-110.0	1.0000000
9	19436.7773	24580.740	315.00003	0.0	0.0	10.0	2.0000000
9	19279.5410	24580.473	315.00009	0.0	0.0	-15.0	2.0000000
60	19255.1191	24440.590	25.00000	0.0	0.0	0.0	1.0000000
124	18636.3691	24340.959	326.65683	0.0	0.0	315.0	0.7000000
102	18690.0000	24189.000	329.23718	0.0	0.0	115.0	0.9000000
9	18689.2891	24216.988	315.00000	0.0	0.0	120.0	2.0000000
101	18797.7402	24227.717	324.00000	0.0	0.0	0.0	0.7000000
60	19386.9492	23941.877	24.00000	0.0	0.0	0.0	1.0000000
20	18855.7930	23956.902	324.00000	10.0	0.0	-675.0	1.1000000
84	18741.0293	23938.500	368.15997	0.0	0.0	-90.0	1.5000000
76	18738.1309	23749.875	332.43420	0.0	0.0	45.0	0.1500000
77	18855.0000	23878.391	328.21024	-20.0	0.0	-475.0	0.3000000
75	18891.1094	24012.779	327.40500	0.0	0.0	90.0	0.8000000
9	18789.0000	23923.000	315.00000	0.0	0.0	90.0	2.0000000
9	18787.8301	23756.900	315.00000	0.0	0.0	90.0	2.0000000
9	18759.4688	24071.467	315.00000	0.0	0.0	110.0	2.0000000
124	18755.6191	24075.338	307.38821	45.0	0.0	-45.0	0.6000000
75	18640.8730	24036.709	353.69333	0.0	0.0	45.0	0.8000000
104	18846.4395	24116.549	335.01703	0.0	0.0	-360.0	0.3000000
101	18912.0898	23796.369	324.00000	0.0	0.0	0.0	0.7000000
92	18381.0000	24556.000	329.74969	0.0	0.0	-125.0	0.5000000
88	18609.8184	24333.129	312.58664	0.0	0.0	-415.0	1.7500000
117	18502.5586	24260.930	324.60953	0.0	0.0	-235.0	0.8000000
124	18567.0000	24367.113	336.43848	-45.0	0.0	180.0	0.7000000
70	18276.6602	24292.680	337.03586	0.0	0.0	0.0	0.8000000
75	18523.2188	24488.760	326.74738	0.0	0.0	45.0	0.8000000
120	18234.0508	24198.322	324.00000	0.0	0.0	-90.0	0.6000000
9	18584.8691	24342.338	315.00000	0.0	0.0	140.0	2.0000000
9	18458.4199	24443.027	315.00000	0.0	0.0	145.0	2.0000000
9	18321.5391	24540.949	315.00000	0.0	0.0	150.0	2.0000000
124	18551.9980	24243.998	324.00000	0.0	0.0	315.0	0.6000000
120	18395.7207	24384.770	324.00000	0.0	0.0	0.0	0.6000000
75	18344.2402	24393.340	314.73209	0.0	0.0	45.0	0.8000000
76	18237.6387	24425.740	324.00000	0.0	0.0	-65.0	0.1000000
76	18154.2305	24354.850	318.89578	0.0	0.0	25.0	0.1500000
95	17836.5586	24473.781	324.00000	0.0	0.0	180.0	1.0000000
71	18130.0605	24510.570	324.00000	0.0	0.0	0.0	1.0000000
75	18183.3887	24189.107	327.16995	0.0	0.0	45.0	0.8000000
80	18094.0000	24404.000	320.02155	0.0	0.0	1125.0	0.2500000
0	17850.1387	24474.264	350.43588	0.0	0.0	0.0	1.0000000
0	17832.9297	24445.582	324.00000	0.0	0.0	0.0	1.0000000
0	17871.8691	24448.490	324.00000	0.0	0.0	0.0	1.0000000
70	18562.1445	23817.658	347.48584	0.0	0.0	0.0	0.8000000
111	18359.0000	23812.998	329.00000	0.0	0.0	-180.0	0.7000000
124	18540.4492	24084.727	321.79593	45.0	0.0	45.0	0.6000000
75	18441.4746	23931.936	335.02930	0.0	0.0	45.0	0.8000000
75	18550.1035	24163.898	328.50934	0.0	0.0	45.0	0.6000000
120	18302.0195	23832.307	330.47000	0.0	0.0	-90.0	0.6000000
71	18135.4805	23838.945	312.00000	0.0	0.0	-45.0	0.8000000
60	19232.0273	23493.508	24.00000	0.0	0.0	0.0	1.0000000
126	18789.2988	23570.818	341.00000	0.0	0.0	-180.0	2.4000001
71	18657.6270	23668.449	322.43994	0.0	0.0	-45.0	1.0000000
75	18830.0488	23354.760	324.00000	0.0	0.0	45.0	0.8000000
9	18775.9004	23593.350	315.00000	0.0	0.0	80.0	2.0000000
9	18734.3984	23418.629	315.00000	0.0	0.0	75.0	2.0000000
60	19092.1699	23097.568	24.00000	0.0	0.0	0.0	1.0000000
77	18630.6699	23145.920	315.34448	-20.0	0.0	-70.0	0.3000000
76	18780.0430	23297.629	324.00000	0.0	0.0	0.0	0.1500000
9	18672.1895	23278.938	315.00000	0.0	0.0	60.0	2.0000000
130	18705.6406	23181.490	335.44000	0.0	0.0	-225.0	1.0000000
120	18548.7617	23468.600	332.03619	0.0	0.0	-45.0	0.6000000
84	18559.6777	23324.150	331.35001	0.0	0.0	0.0	1.5000000
75	18499.1309	23693.146	335.17786	0.0	0.0	0.0	0.8000000
104	18356.9570	23687.180	327.02042	0.0	0.0	-360.0	0.3000000
70	17828.0000	23450.000	322.12125	5.0	0.0	90.0	0.8000000
9	18473.2500	23043.410	315.00000	0.0	0.0	45.0	2.0000000
75	18456.4395	22899.129	327.00000	0.0	0.0	90.0	0.8000000
127	18272.2090	23025.510	324.00000	0.0	0.0	25.0	1.5000000
104	18238.2695	22946.236	327.00000	0.0	0.0	-135.0	0.4000000
75	18549.1992	22944.420	324.00000	0.0	0.0	45.0	0.8000000
77	18545.8301	23043.404	324.00000	-20.0	0.0	-70.0	0.4000000
123	18350.0000	22950.000	326.00000	0.0	0.0	-90.0	0.3000000
77	18464.8496	22996.875	325.00000	0.0	0.0	-70.0	0.4000000
77	18472.6699	23122.430	330.00000	-20.0	0.0	65.0	0.3000000
80	18467.4668	23289.582	324.00000	0.0	0.0	0.0	0.3000000
9	18339.4004	22932.000	315.00000	0.0	0.0	40.0	2.0000000
9	18576.0977	23157.080	315.00000	0.0	0.0	50.0	2.0000000
70	18323.5586	23183.891	321.38132	0.0	0.0	0.0	0.8000000
84	17769.1797	22890.340	342.22995	0.0	0.0	0.0	1.5000000
120	17916.2285	22968.328	322.94449	0.0	0.0	-135.0	0.6000000
75	17770.5801	23027.529	324.00000	0.0	0.0	0.0	0.8000000
71	18143.9004	23172.199	326.14999	0.0	0.0	0.0	1.0000000
122	18150.0000	22950.000	327.00000	0.0	0.0	-90.0	1.8000000
120	18190.0156	23181.539	325.65247	0.0	0.0	-135.0	0.6000000
75	17441.0117	24301.635	325.34305	0.0	0.0	45.0	0.8000000
76	17394.2207	24568.559	324.00000	0.0	0.0	-145.0	0.3500000
71	17567.9902	24559.160	315.00000	0.0	0.0	-45.0	0.9000000
76	17659.7793	24240.500	224.16000	0.0	0.0	-55.0	0.2500000
76	17466.0000	24450.000	220.17908	0.0	0.0	-55.0	0.3500000
120	17686.5801	24254.320	324.00000	0.0	0.0	-180.0	0.6000000
75	17604.2578	24204.430	324.00000	0.0	0.0	90.0	0.5000000
75	17732.0801	24226.328	324.00000	0.0	0.0	90.0	0.5000000
75	17616.7852	24420.100	314.06866	0.0	0.0	0.0	0.8000000
70	17556.0000	24329.000	327.44458	15.0	0.0	45.0	0.8000000
80	16965.5586	24201.570	324.00000	0.0	0.0	90.0	0.5000000
104	17329.0000	24418.000	329.00000	0.0	0.0	0.0	0.5500000
86	17160.5566	24549.160	324.00000	0.0	0.0	0.0	1.2000000
122	17070.4902	24525.000	334.53223	0.0	0.0	45.0	1.4000000
9	17336.3379	24573.309	315.00000	0.0	0.0	215.0	2.0000000
9	17175.7207	24474.979	315.00000	0.0	0.0	210.0	2.0000000
9	17011.4707	24387.850	315.00000	0.0	0.0	205.0	2.0000000
80	17026.6992	24295.000	324.00000	0.0	0.0	45.0	0.3000000
104	17147.0000	24392.000	327.51617	10.0	0.0	-360.0	0.4000000
70	17524.7695	23774.627	317.83218	0.0	0.0	0.0	0.8000000
120	17558.0391	23804.289	324.00000	0.0	0.0	-225.0	0.6000000
80	17059.4199	23740.760	333.66562	0.0	0.0	1215.0	0.3000000
120	17249.5781	23785.227	369.98993	0.0	0.0	0.0	0.6000000
112	16610.7305	24224.080	324.22452	0.0	0.0	5.0	2.0000000
80	16817.7695	24195.707	324.00000	0.0	0.0	-45.0	0.3000000
60	16908.0000	24583.000	245.00000	0.0	0.0	0.0	1.0000000
84	16891.9004	24429.301	324.00000	0.0	0.0	0.0	1.5000000
9	16865.9766	24301.230	315.00000	0.0	0.0	215.0	2.0000000
9	16707.1699	24197.840	315.00000	0.0	0.0	215.0	2.0000000
9	16145.9014	24233.301	315.00000	0.0	0.0	150.0	2.0000000
84	16326.8008	24246.102	324.00000	0.0	0.0	-90.0	1.5000000
60	16362.9990	24390.998	245.00000	0.0	0.0	0.0	1.0000000
112	16745.2305	24056.529	247.19997	0.0	0.0	-220.0	2.0000000
115	16542.9785	23986.100	324.00000	0.0	0.0	45.0	1.5999999
120	16490.3711	23919.559	324.00000	0.0	0.0	-90.0	0.6000000
9	16509.9570	24130.039	315.00000	0.0	0.0	190.0	2.0000000
101	16657.8301	23978.799	324.00000	0.0	0.0	0.0	0.7000000
71	16379.7197	23941.898	324.00000	0.0	0.0	0.0	1.0000000
75	16281.0898	24025.219	324.00000	0.0	0.0	45.0	1.1000000
104	16462.9980	24072.000	327.00000	0.0	0.0	-180.0	0.3000000
120	16154.2012	24100.701	324.00000	0.0	0.0	45.0	0.5000000
9	16303.0381	24145.920	315.00000	0.0	0.0	165.0	2.0000000
80	16289.5889	23881.100	324.00000	0.0	0.0	0.0	0.2000000
80	16362.4102	24091.539	324.00000	0.0	0.0	45.0	0.3000000
0	17450.0000	23450.000	476.00003	0.0	0.0	0.0	1.0000000
74	17169.8418	23354.879	447.25562	0.0	0.0	20.0	0.2200000
20	17533.9199	23550.547	324.00000	10.0	0.0	-630.0	1.1000000
77	17727.7188	23632.928	332.43414	-20.0	0.0	-385.0	0.3000000
132	17451.9980	23451.000	241.00002	0.0	0.0	0.0	1.1000000
71	17590.0000	23404.000	341.09521	15.0	0.0	45.0	1.0000000
69	17368.9492	23561.988	322.00000	0.0	0.0	45.0	1.3000000
104	17445.9414	23354.314	352.39340	15.0	0.0	-360.0	0.3000000
120	17765.8145	23484.607	340.39697	0.0	0.0	-270.0	0.6000000
80	17666.0000	23583.000	341.99997	10.0	0.0	1215.0	0.3000000
101	17354.6973	23414.170	368.94629	0.0	0.0	0.0	0.7000000
101	17382.3145	23694.492	368.73544	0.0	0.0	0.0	0.7000000
101	17565.8574	23642.082	344.96027	0.0	0.0	0.0	0.7000000
20	17255.3398	23647.150	324.00000	0.0	0.0	225.0	1.1000000
107	17132.9980	23435.000	332.07941	0.0	0.0	25.0	0.6000000
120	16922.0098	23658.674	346.71078	0.0	0.0	-90.0	0.6000000
75	16937.0000	23351.000	383.00000	0.0	0.0	45.0	0.8000000
77	17165.7891	23740.270	355.56000	-20.0	0.0	-295.0	0.3000000
104	16966.0078	23565.035	373.71994	15.0	0.0	-135.0	0.3000000
102	17173.0195	23345.180	374.94965	0.0	0.0	25.0	0.8000000
75	17274.4023	23376.967	368.84171	0.0	0.0	45.0	0.8000000
101	17181.6367	23613.160	375.81552	0.0	0.0	25.0	0.7000000
101	17058.2715	23647.420	361.27838	0.0	0.0	0.0	0.7000000
70	17644.8984	22959.250	340.97000	0.0	0.0	0.0	0.8000000
120	17454.4160	23266.689	330.85495	0.0	0.0	-270.0	0.6000000
75	17539.2949	23268.109	324.00003	0.0	0.0	45.0	0.8000000
9	17060.9102	22951.559	299.00000	0.0	0.0	305.0	2.0000000
9	16943.2090	23109.561	299.00000	0.0	0.0	310.0	2.0000000
127	17014.8672	23167.949	331.53000	0.0	0.0	-360.0	1.5000000
127	17267.5605	23241.047	340.29550	0.0	0.0	-315.0	1.5000000
120	16966.8730	23140.711	334.38147	0.0	0.0	0.0	0.6000000
75	17166.2129	23194.779	350.52975	0.0	0.0	45.0	0.8000000
75	17075.3242	23275.072	374.29596	0.0	0.0	0.0	0.8000000
80	17210.0684	23123.199	330.37000	0.0	0.0	1215.0	0.3000000
20	16755.4375	23344.605	324.00000	0.0	0.0	225.0	1.1000000
48	16866.3301	23425.777	332.11661	0.0	0.0	90.0	1.2000000
77	16658.5391	23439.721	363.53000	-20.0	0.0	-295.0	0.3000000
80	16652.4492	23362.797	382.49997	0.0	0.0	1215.0	0.3000000
71	16738.3496	23615.350	328.52539	0.0	0.0	0.0	1.0000000
101	16758.4160	23455.215	374.07373	0.0	0.0	0.0	0.7000000
84	16457.7598	23388.320	324.00000	0.0	0.0	-45.0	1.5000000
120	16385.1094	23356.818	344.85049	0.0	0.0	-135.0	0.6000000
0	16850.0000	23250.000	476.00003	0.0	0.0	0.0	1.0000000
9	16829.7695	23267.811	299.00000	0.0	0.0	300.0	2.0000000
132	16850.0000	23250.000	241.00002	0.0	0.0	0.0	1.1000000
71	16692.2188	23226.850	352.58893	15.0	0.0	-45.0	1.0000000
120	16711.8105	23112.727	345.11447	20.0	0.0	-45.0	0.6000000
101	16893.9453	23163.135	324.90814	0.0	0.0	0.0	0.7000000
115	16694.6191	23028.721	328.13559	0.0	0.0	45.0	1.2000000
89	16433.4668	23115.475	111.00000	-30.0	0.0	217.9	2.5000000
85	16022.7998	25165.502	517.00000	0.0	0.0	-90.0	1.0000000
85	15669.6992	25071.898	517.00000	0.0	0.0	-90.0	1.0000000
85	15718.6006	25230.801	517.00000	0.0	0.0	-90.0	1.0000000
85	15830.2002	25360.201	517.00000	0.0	0.0	-90.0	1.0000000
28	15785.7012	25070.344	495.00003	0.0	0.0	0.0	2.0000000
85	15388.1016	25152.201	517.00000	0.0	0.0	-90.0	1.0000000
85	15532.0010	25312.201	517.00000	0.0	0.0	-90.0	1.0000000
85	15942.8008	25015.701	517.00000	0.0	0.0	-90.0	1.0000000
9	15692.3008	24899.502	502.00006	0.0	0.0	10.0	2.0000000
9	15905.4004	24901.602	502.00006	0.0	0.0	-10.0	2.0000000
85	15317.8008	24976.398	517.00000	0.0	0.0	-90.0	1.0000000
85	15472.3008	24988.299	517.00000	0.0	0.0	-90.0	1.0000000
9	15318.9014	24744.900	502.00006	0.0	0.0	30.0	2.0000000
9	15489.7002	24835.000	502.00006	0.0	0.0	25.0	2.0000000
28	15387.6006	24986.799	495.00003	0.0	0.0	25.0	2.0000000
85	15919.3730	24837.943	426.00003	0.0	0.0	-90.0	1.0000000
85	15716.7158	24811.561	426.00003	0.0	0.0	-90.0	1.0000000
85	15903.3174	24848.664	269.00000	0.0	0.0	-90.0	1.0000000
85	15743.5010	24851.584	269.00000	0.0	0.0	-90.0	1.0000000
85	15264.3613	24653.178	269.00000	0.0	0.0	-90.0	1.0000000
85	15296.7715	24704.801	426.00003	0.0	0.0	-90.0	1.0000000
85	15513.2461	24754.355	426.00003	0.0	0.0	-90.0	1.0000000
85	15416.3008	24731.076	269.00000	0.0	0.0	-90.0	1.0000000
85	15573.1006	24804.338	269.00000	0.0	0.0	-90.0	1.0000000
85	15001.4004	25129.201	517.00000	0.0	0.0	-90.0	1.0000000
85	14822.2002	25370.602	517.00000	0.0	0.0	-90.0	1.0000000
85	15120.8008	25323.902	517.00000	0.0	0.0	-90.0	1.0000000
85	14410.7998	25224.602	517.00000	0.0	0.0	-90.0	1.0000000
85	14511.4014	25059.201	517.00000	0.0	0.0	-90.0	1.0000000
85	14513.3008	25419.500	517.00000	0.0	0.0	-90.0	1.0000000
85	14621.6006	25034.801	517.00000	0.0	0.0	-90.0	1.0000000
85	14768.0010	25154.301	517.00000	0.0	0.0	-90.0	1.0000000
85	14959.7002	24989.701	517.00000	0.0	0.0	-90.0	1.0000000
85	15165.9014	24929.502	517.00000	0.0	0.0	-90.0	1.0000000
9	14838.4004	24743.701	502.00006	0.0	0.0	-25.0	2.0000000
9	15016.4004	24686.199	502.00006	0.0	0.0	-15.0	2.0000000
9	15174.6006	24687.398	502.00006	0.0	0.0	10.0	2.0000000
28	15012.5000	24895.400	495.00003	0.0	0.0	0.0	2.0000000
85	14764.8008	24860.000	517.00000	0.0	0.0	-90.0	1.0000000
9	14443.7012	24811.799	502.00006	0.0	0.0	-15.0	2.0000000
9	14623.7002	24791.402	502.00006	0.0	0.0	0.0	2.0000000
28	14538.5010	25004.000	495.00003	0.0	0.0	0.0	2.0000000
85	15184.8008	24632.670	269.00000	0.0	0.0	-90.0	1.0000000
85	14921.0010	24706.602	426.00003	0.0	0.0	-90.0	1.0000000
85	15087.1719	24663.402	426.00003	0.0	0.0	-90.0	1.0000000
85	15015.0010	24632.613	269.00000	0.0	0.0	-90.0	1.0000000
85	14946.2871	24651.242	269.00000	0.0	0.0	-675.0	1.0000000
85	14464.6016	24813.801	426.00003	0.0	0.0	-90.0	1.0000000
85	14653.2012	24707.301	426.00003	0.0	0.0	-90.0	1.0000000
85	14587.3242	24742.197	269.00000	0.0	0.0	-675.0	1.0000000
85	14700.0107	24735.463	269.00000	0.0	0.0	-450.0	1.0000000
85	14265.0010	25391.701	517.00000	0.0	0.0	-90.0	1.0000000
9	14162.9990	25183.102	502.00006	0.0	0.0	-85.0	2.0000000
9	14169.8018	25262.102	502.00006	0.0	0.0	-110.0	2.0000000
28	14349.7012	25164.701	495.00003	0.0	0.0	-65.0	2.0000000
85	14134.6143	25049.201	269.00000	0.0	0.0	-135.0	1.0000000
85	14195.5000	25141.002	426.00003	0.0	0.0	-90.0	1.0000000
85	14112.9990	25351.998	426.00003	0.0	0.0	-90.0	1.0000000
85	14150.2002	25052.033	269.00000	0.0	0.0	-180.0	1.0000000
85	14092.1035	25251.994	269.00000	0.0	0.0	-225.0	1.0000000
85	14117.3076	25123.301	269.00000	0.0	0.0	-225.0	1.0000000
9	14319.3008	24874.201	502.00006	0.0	0.0	-45.0	2.0000000
9	14213.6006	25015.102	502.00006	0.0	0.0	-65.0	2.0000000
85	14197.7002	24950.602	269.00000	0.0	0.0	-90.0	1.0000000
85	14301.4004	24952.402	426.00003	0.0	0.0	-90.0	1.0000000
85	14254.7012	24875.400	269.00000	0.0	0.0	-90.0	1.0000000
85	14355.0000	24783.000	269.00000	0.0	0.0	-90.0	1.0000000
60	14125.9990	24625.000	245.00000	0.0	0.0	0.0	1.0000000
60	13739.0000	24901.201	245.00000	0.0	0.0	0.0	1.0000000
9	13012.0000	25228.000	502.00000	0.0	0.0	90.0	2.0000000
9	13002.0205	25118.629	502.00000	0.0	0.0	75.0	2.0000000
77	12724.4502	25281.699	492.00000	15.0	0.0	90.0	1.0000000
28	12789.0000	25151.998	494.00000	0.0	0.0	70.0	2.0000000
84	12686.1904	25028.209	531.00000	0.0	0.0	-10.0	2.5000000
84	12800.7695	25219.949	531.00000	0.0	0.0	-10.0	2.5000000
84	13044.3682	25225.479	531.00000	0.0	0.0	60.0	1.7000000
84	13047.7891	25094.590	531.00000	0.0	0.0	15.0	1.7000000
60	13327.9111	25137.549	278.58368	0.0	0.0	0.0	1.0000000
90	12652.0000	24701.000	533.00000	0.0	0.0	-250.0	1.6000000
84	12658.1797	24663.820	531.00000	0.0	0.0	-40.0	1.7000000
9	12696.9199	24735.180	502.00000	0.0	0.0	25.0	2.0000000
9	12840.6689	24828.350	502.00000	0.0	0.0	40.0	2.0000000
9	12942.1406	24956.510	502.00000	0.0	0.0	60.0	2.0000000
28	12679.2393	24961.018	494.99997	0.0	0.0	45.0	2.0000000
84	12824.0605	24777.396	531.00000	0.0	0.0	-30.0	1.7000000
84	12955.3105	24903.879	531.00000	0.0	0.0	15.0	1.7000000
60	13123.2695	24656.330	24.00000	0.0	0.0	0.0	1.0000000
77	16003.1006	24319.701	232.72691	-20.0	0.0	-25.0	0.4000000
80	16036.4014	24248.699	324.00000	0.0	0.0	765.0	0.3000000
77	15743.3018	24346.701	324.00000	-20.0	0.0	20.0	0.5000000
77	15880.0000	24357.926	324.00000	-20.0	0.0	-35.0	0.4000000
80	15911.1006	24254.801	324.00000	0.0	0.0	765.0	0.4000000
9	15993.6797	24287.109	315.00000	0.0	0.0	170.0	2.0000000
9	15824.9189	24303.260	315.00000	0.0	0.0	180.0	2.0000000
9	15684.7705	24273.500	315.00000	0.0	0.0	200.0	2.0000000
103	15750.0000	24250.000	324.00000	0.0	0.0	-362.0	0.6800000
130	15841.0000	24347.000	324.00000	0.0	0.0	-405.0	0.9000000
60	15741.0000	24535.000	245.00000	0.0	0.0	0.0	1.0000000
77	15630.9004	24294.801	324.00000	-20.0	0.0	45.0	0.6000000
77	15465.2998	24205.801	324.00000	-20.0	0.0	65.0	0.4000000
80	15635.1016	24182.701	324.00000	0.0	0.0	675.0	0.4000000
9	15551.7197	24195.000	315.00000	0.0	0.0	220.0	2.0000000
48	15752.2002	23772.338	315.95621	20.0	0.0	540.0	0.8000000
75	15873.4805	24123.830	324.00000	0.0	0.0	45.0	0.8000000
105	15489.0000	23808.000	337.00000	0.0	0.0	450.0	1.7000000
75	15593.4453	23889.971	334.57843	0.0	0.0	90.0	0.8000000
105	15218.5986	23811.260	337.28964	10.0	0.0	45.0	2.4000001
105	15418.1797	23957.000	331.91998	0.0	0.0	135.0	2.9000001
105	15414.0000	24079.000	335.00000	0.0	0.0	45.0	2.3000000
105	15339.8105	23842.580	332.06558	0.0	0.0	270.0	2.2000000
80	15519.0000	24166.898	320.27582	0.0	0.0	855.0	0.4000000
9	15506.5000	24097.930	315.00000	0.0	0.0	260.0	2.0000000
9	15492.3496	23921.928	315.00000	0.0	0.0	260.0	2.0000000
80	15581.2012	24050.102	324.00000	0.0	0.0	720.0	0.3000000
120	15539.1895	23946.320	324.00000	0.0	0.0	-180.0	0.6000000
60	15100.0000	24275.000	245.00000	0.0	0.0	0.0	1.0000000
77	14706.9004	24205.701	324.00000	-20.0	0.0	0.0	0.6000000
77	14539.4014	24205.002	324.00000	-20.0	0.0	65.0	0.4000000
9	14669.2598	24170.170	315.00000	0.0	0.0	190.0	2.0000000
60	14541.0000	24412.998	245.00000	0.0	0.0	0.0	1.0000000
77	14832.9014	24156.100	324.00000	-20.0	0.0	-70.0	0.4000000
77	14941.4004	24056.002	324.00000	-20.0	0.0	-70.0	0.3000000
84	14969.5195	23755.379	324.00000	0.0	0.0	0.0	1.5000000
120	14874.8096	23777.660	325.12213	0.0	0.0	-180.0	0.6000000
9	15135.1094	23744.150	315.00000	0.0	0.0	2325.0	2.0000000
9	14944.0801	23895.830	315.00000	0.0	0.0	2275.0	2.0000000
9	14849.7588	24053.867	315.00000	0.0	0.0	2285.0	2.0000000
29	14378.3096	24062.949	327.10410	0.0	0.0	-180.0	0.5000000
130	14364.1602	23911.859	324.88943	0.0	0.0	-405.0	1.0000000
126	14731.8008	24052.102	325.92484	0.0	0.0	-460.0	2.4000001
9	14749.6904	24158.617	315.00000	0.0	0.0	145.0	2.0000000
9	14489.6787	24136.988	315.00000	0.0	0.0	190.0	2.0000000
71	14662.9990	23884.502	324.00000	0.0	0.0	0.0	0.9000000
71	15855.8193	23548.539	348.00000	15.0	0.0	0.0	1.0000000
75	15824.5195	23655.570	367.47998	0.0	0.0	90.0	0.8000000
20	15750.8389	23652.061	324.00000	0.0	0.0	225.0	1.1000000
69	15866.7188	23701.000	325.70001	10.0	0.0	-225.0	0.8000000
80	15730.4707	23717.059	359.84235	0.0	0.0	765.0	0.3000000
69	15683.2900	23582.090	299.00000	10.0	0.0	-360.0	0.8000000
104	15918.0498	23645.965	354.20319	25.0	0.0	-225.0	0.3000000
120	15937.3906	23476.160	336.08002	0.0	0.0	-135.0	0.6000000
104	15831.0000	23423.699	332.76147	25.0	0.0	-360.0	0.2000000
75	15995.7197	23359.078	323.00000	0.0	0.0	0.0	0.7000000
75	16001.6191	23483.221	322.30127	0.0	0.0	90.0	0.7000000
105	15262.9990	23670.000	353.00000	0.0	0.0	405.0	1.4000000
70	15326.2998	23523.121	325.57932	25.0	0.0	45.0	0.8000000
70	15596.0293	23718.857	335.75342	0.0	0.0	0.0	0.8000000
101	15229.3535	23481.930	359.58774	0.0	0.0	25.0	0.7000000
48	15469.5801	23618.449	298.60779	20.0	0.0	405.0	0.8000000
105	15366.6396	23739.650	339.05225	20.0	0.0	45.0	2.3000000
20	15228.3496	23553.561	324.00000	0.0	0.0	-90.0	1.1000000
9	15356.5996	23730.270	315.00000	0.0	0.0	2370.0	2.0000000
80	15354.9961	23630.186	366.89487	0.0	0.0	810.0	0.3000000
70	15714.4199	22958.848	331.21277	0.0	0.0	0.0	0.8000000
120	15663.2812	23003.008	349.03503	0.0	0.0	-180.0	0.6000000
120	15229.3291	23253.129	334.04999	0.0	0.0	-180.0	0.6000000
75	15268.5566	23235.994	325.20813	0.0	0.0	45.0	0.7000000
71	15208.0000	23372.000	340.00000	15.0	0.0	0.0	1.0000000
48	15118.9180	23541.730	330.40994	20.0	0.0	360.0	0.8000000
80	15144.1494	23606.240	375.15521	0.0	0.0	855.0	0.3000000
104	14388.1592	23459.971	339.46109	15.0	0.0	135.0	0.4000000
75	14502.1191	23334.219	318.21365	0.0	0.0	-45.0	1.0000000
80	14558.2598	23366.828	332.16000	0.0	0.0	-90.0	0.2000000
104	15202.6396	23152.221	326.00000	0.0	0.0	-360.0	0.2000000
75	15156.6699	23264.209	332.66571	0.0	0.0	90.0	0.7000000
75	14381.0000	23076.000	324.00000	0.0	0.0	0.0	0.6000000
77	14437.9990	23243.998	332.00000	-20.0	0.0	-70.0	0.2500000
75	14468.6094	23138.500	330.64728	0.0	0.0	45.0	0.8000000
120	14688.8594	23123.389	343.66000	0.0	0.0	45.0	0.6000000
80	14469.7109	23086.750	324.00000	0.0	0.0	1125.0	0.2000000
70	14608.9434	23165.000	341.07855	10.0	0.0	20.0	0.9000000
74	14265.0986	24263.820	446.09763	0.0	0.0	-380.0	0.2200000
75	14142.0000	24350.000	324.00000	0.0	0.0	45.0	0.9000000
71	14144.7803	24170.990	332.53998	0.0	0.0	0.0	1.0000000
76	14252.8994	24256.182	317.90237	0.0	0.0	-200.0	0.2200000
101	14003.3496	24271.760	337.32458	0.0	0.0	25.0	0.9000000
77	14013.7188	24474.680	324.06000	-20.0	0.0	-25.0	0.5000000
9	14105.0400	24301.678	315.00000	0.0	0.0	125.0	2.0000000
9	13996.2490	24435.857	315.00000	0.0	0.0	135.0	2.0000000
80	14038.9893	24362.127	324.00000	0.0	0.0	765.0	0.3000000
80	14122.4697	24293.209	324.00000	0.0	0.0	810.0	0.2500000
80	13911.7207	24437.398	330.00000	0.0	0.0	810.0	0.4000000
101	13651.5000	24322.629	328.00000	0.0	0.0	0.0	0.9000000
77	13812.9990	24515.000	324.00000	-20.0	0.0	0.0	0.6000000
77	13661.9492	24396.170	325.00000	0.0	0.0	45.0	0.8000000
77	13549.1699	24297.340	326.95020	-20.0	0.0	65.0	0.6000000
9	13898.0000	24476.689	315.00000	0.0	0.0	175.0	2.0000000
9	13754.6602	24462.398	315.00000	0.0	0.0	195.0	2.0000000
9	13649.9395	24385.459	315.00000	0.0	0.0	230.0	2.0000000
9	13566.6504	24254.340	315.00000	0.0	0.0	245.0	2.0000000
80	13687.7705	24251.549	335.63773	0.0	0.0	810.0	0.4000000
80	13817.9004	24327.809	328.00000	0.0	0.0	720.0	0.5000000
46	14355.2598	23848.510	324.00000	0.0	0.0	0.0	0.5000000
9	14265.7988	24154.340	315.00000	0.0	0.0	160.0	2.0000000
120	14077.0918	24079.363	329.78189	0.0	0.0	-180.0	0.6000000
70	14130.7402	24004.020	330.00000	0.0	0.0	0.0	0.6000000
71	13602.3594	24130.801	345.26349	0.0	0.0	0.0	1.0000000
75	13734.0000	24115.998	339.00000	0.0	0.0	0.0	0.8000000
75	13620.1602	23956.439	333.27295	0.0	0.0	90.0	0.9000000
75	13779.5791	23912.529	324.00000	0.0	0.0	35.0	0.7000000
120	13664.9990	23918.998	329.00000	0.0	0.0	-315.0	0.5000000
120	13779.5088	24020.000	325.84625	0.0	0.0	5.0	0.4000000
70	13707.5947	24007.473	346.21399	0.0	0.0	0.0	0.8000000
77	13395.9990	24099.000	324.00000	-20.0	0.0	65.0	0.5000000
112	13228.0000	23829.000	323.00000	0.0	0.0	-140.0	1.8000000
84	13415.0195	23997.408	324.07773	0.0	0.0	0.0	1.5000000
9	13349.7500	23944.119	315.00000	0.0	0.0	230.0	2.0000000
9	13253.2900	23812.217	315.00000	0.0	0.0	240.0	2.0000000
9	13476.3994	24109.678	315.00000	0.0	0.0	235.0	2.0000000
20	14350.6592	23353.574	337.45068	-10.0	0.0	0.0	1.0000000
120	14282.6094	23354.709	353.23489	0.0	0.0	-50.0	0.6000000
75	14256.5234	23556.484	327.98373	0.0	0.0	0.0	1.0000000
71	14100.9990	23367.000	338.00000	5.0	0.0	-135.0	1.0000000
77	14248.2578	23436.039	342.95938	-20.0	0.0	20.0	0.2000000
102	14235.1699	23340.789	346.29999	0.0	0.0	45.0	0.7000000
80	14225.9199	23597.137	324.00000	0.0	0.0	-90.0	0.2000000
122	13547.0703	23559.189	330.35751	0.0	0.0	45.0	1.8000000
120	13582.2891	23539.930	324.89999	0.0	0.0	-45.0	0.6000000
128	14305.3740	23279.670	344.53113	15.0	0.0	-45.0	0.8000000
48	14346.3594	23156.629	292.68604	0.0	0.0	0.0	0.9000000
20	14149.9482	23262.070	315.61252	15.0	0.0	0.0	0.9000000
77	14046.0010	23162.998	346.20847	-20.0	0.0	110.0	0.2000000
75	14083.7598	23222.471	346.94000	0.0	0.0	0.0	0.8000000
75	13939.5801	23087.039	338.95395	0.0	0.0	45.0	1.0000000
120	14216.2871	23197.777	326.29956	0.0	0.0	-95.0	0.6000000
80	14189.0000	23115.000	324.00000	0.0	0.0	1125.0	0.2000000
80	13896.3467	23029.963	331.64014	0.0	0.0	1125.0	0.2000000
71	13453.2305	23439.498	322.00000	5.0	0.0	45.0	0.8000000
104	13292.1982	23729.301	334.01996	0.0	0.0	0.0	0.3000000
75	13428.9990	23635.000	332.00000	0.0	0.0	35.0	0.9000000
80	13116.6904	23346.508	323.03787	0.0	0.0	900.0	0.4000000
76	13077.6992	23651.420	324.00000	0.0	0.0	-65.0	0.2000000
9	13173.3096	23665.590	315.00000	0.0	0.0	250.0	2.0000000
9	13119.4199	23515.020	315.00000	0.0	0.0	260.0	2.0000000
9	13099.3896	23349.340	315.00000	0.0	0.0	270.0	2.0000000
128	13170.0000	23451.000	340.15027	15.0	0.0	-45.0	0.8000000
80	13328.9990	23523.000	342.99997	0.0	0.0	1035.0	0.3000000
80	13452.2197	23557.600	337.00000	0.0	0.0	1125.0	0.2000000
70	13253.0000	23592.000	343.62106	0.0	0.0	0.0	0.9000000
115	13342.0596	23409.797	339.00000	0.0	0.0	45.0	0.9000000
76	13343.5195	23640.811	256.47467	0.0	0.0	-155.0	0.2000000
76	13256.0391	23440.850	294.43997	0.0	0.0	-110.0	0.2000000
75	13035.1592	23575.199	324.00000	0.0	0.0	45.0	1.0000000
20	13056.6387	23450.316	324.00000	-10.0	0.0	315.0	1.0000000
124	13073.8193	23513.699	355.82385	-90.0	0.0	315.0	0.7000000
76	13008.5605	23372.639	324.00000	0.0	0.0	-110.0	0.1000000
115	13248.4102	23249.100	324.00000	0.0	0.0	45.0	1.2000000
70	13188.3008	22979.701	324.00003	0.0	0.0	0.0	1.0000000
75	13157.4004	23107.102	324.10654	0.0	0.0	45.0	1.0000000
9	13088.6826	23167.000	315.00000	0.0	0.0	265.0	2.0000000
120	13196.0693	23066.270	324.59000	0.0	0.0	0.0	0.6000000
80	13298.0693	23010.979	324.02893	0.0	0.0	855.0	0.2000000
77	12982.8008	22948.502	324.00000	-20.0	0.0	-25.0	0.5000000
77	13032.3018	23113.602	324.00000	-20.0	0.0	65.0	0.4000000
77	13022.5010	23233.002	324.00000	-20.0	0.0	20.0	0.3000000
9	13054.8994	22971.949	315.00000	0.0	0.0	255.0	2.0000000
86	19380.1406	22726.998	45.00000	0.0	0.0	35.0	1.2000000
112	19338.5195	22593.160	24.00000	0.0	0.0	535.0	2.0000000
101	19067.6992	22509.148	30.07522	0.0	0.0	-65.0	1.4000000
6	19196.9199	22480.459	18.00000	0.0	0.0	-145.0	2.0000000
6	19468.1797	22744.820	18.00000	0.0	0.0	-120.0	2.0000000
6	19353.9902	22602.828	18.00000	0.0	0.0	-140.0	2.0000000
101	19317.4062	22702.871	32.00000	0.0	0.0	70.0	1.0000000
60	18698.1406	22695.949	44.81371	0.0	0.0	0.0	1.0000000
130	19051.0078	22359.920	12.03000	90.0	0.0	-90.0	1.2000000
124	19054.0098	22389.879	24.00000	-45.0	0.0	-405.0	0.6000000
124	19147.3398	22445.637	24.00000	0.0	0.0	-405.0	0.7000000
103	19251.9980	22448.000	24.00000	0.0	0.0	-315.0	0.6000000
80	19120.1406	22251.459	24.00000	0.0	0.0	270.0	0.3000000
101	18872.0488	22416.871	26.25000	0.0	0.0	25.0	1.0000000
20	18947.6387	22438.629	24.00000	20.0	0.0	-1035.0	1.1000000
80	18669.1582	22109.900	24.00000	0.0	0.0	135.0	0.4000000
77	18728.7793	22340.760	24.00000	0.0	0.0	0.0	0.3000000
120	19010.7695	22278.510	24.00000	0.0	0.0	-270.0	0.6000000
6	19023.0000	22392.000	18.00000	0.0	0.0	-155.0	2.0000000
6	18851.0000	22322.000	18.00000	0.0	0.0	-155.0	2.0000000
6	18692.5195	22249.160	18.00000	0.0	0.0	-155.0	2.0000000
80	18751.4395	22270.930	24.00000	0.0	0.0	90.0	0.3000000
130	18811.0176	22367.449	25.59381	0.0	0.0	45.0	1.1000000
104	18795.7402	22155.750	26.13000	0.0	0.0	0.0	0.2500000
80	18406.0508	22880.961	333.00000	0.0	0.0	-225.0	0.3000000
123	18250.0000	22850.000	324.00000	0.0	0.0	0.0	0.5000000
122	18350.0000	22850.000	324.00000	0.0	0.0	-90.0	2.0000000
80	18232.5586	22773.818	334.00000	0.0	0.0	-270.0	0.2500000
9	18216.4199	22858.350	315.00000	0.0	0.0	20.0	2.0000000
60	18229.8477	22491.061	24.00000	0.0	0.0	0.0	1.0000000
101	18316.5801	22783.758	334.69635	0.0	0.0	0.0	0.6000000
123	18050.0000	22850.000	270.00000	0.0	0.0	45.0	0.4000000
76	17787.6777	22687.670	287.69608	0.0	0.0	45.0	0.1500000
123	17950.0000	22750.000	324.00000	0.0	0.0	0.0	0.3000000
123	18150.0000	22750.000	324.00000	0.0	0.0	0.0	0.4000000
123	18162.7988	22848.219	43.13669	0.0	0.0	0.0	0.5000000
75	17868.4395	22702.549	324.00000	0.0	0.0	0.0	0.8000000
9	17863.2500	22789.639	315.00000	0.0	0.0	10.0	2.0000000
9	18056.7207	22817.658	315.00000	0.0	0.0	10.0	2.0000000
80	18041.6992	22754.289	323.13641	0.0	0.0	-135.0	0.4000000
80	17984.0000	22709.000	333.69547	0.0	0.0	-270.0	0.2000000
130	18259.0508	22060.500	24.00000	0.0	0.0	-45.0	1.1000000
77	18592.5996	22202.877	24.00000	0.0	0.0	-225.0	0.4000000
77	18437.9980	22151.998	24.00000	-10.0	0.0	-500.0	0.4000000
76	18327.1895	22069.520	24.00000	0.0	0.0	-135.0	0.2000000
80	18527.2988	22040.998	24.00000	0.0	0.0	0.0	0.4000000
77	18606.2500	22283.750	24.00000	0.0	0.0	0.0	0.4000000
77	18221.9102	22145.588	24.00000	0.0	0.0	0.0	0.4000000
77	18454.0000	22182.098	24.00000	-20.0	0.0	-320.0	0.6000000
6	18231.4688	22077.068	18.00000	0.0	0.0	-160.0	2.0000000
6	18527.2207	22176.439	18.00000	0.0	0.0	-155.0	2.0000000
6	18381.0000	22123.000	18.00000	0.0	0.0	-165.0	2.0000000
123	18001.9980	22050.000	24.00000	0.0	0.0	45.0	0.6000000
60	17851.1797	22287.689	24.00000	0.0	0.0	0.0	1.0000000
122	18097.0000	22104.000	29.54286	0.0	0.0	45.0	2.0000000
131	18857.9336	21195.912	39.11523	0.0	0.0	-180.0	2.0000000
120	18289.5410	21903.520	24.00000	0.0	0.0	-270.0	0.6000000
80	18255.7305	22015.939	24.00000	0.0	0.0	45.0	0.4000000
75	18145.5488	22000.719	24.00000	0.0	0.0	45.0	0.7000000
123	17771.0898	21773.549	24.00000	0.0	0.0	135.0	0.2500000
71	17848.5586	21649.240	24.00000	0.0	0.0	0.0	0.5000000
6	17938.7695	21898.420	18.00000	0.0	0.0	-130.0	2.0000000
6	17845.0000	21750.000	18.00000	0.0	0.0	-115.0	2.0000000
6	18061.6992	22003.080	18.00000	0.0	0.0	-150.0	2.0000000
71	18053.2891	21932.789	24.00000	0.0	0.0	0.0	0.7000000
75	18030.8203	21799.391	24.00000	0.0	0.0	90.0	0.7000000
123	17833.4199	21876.760	24.00000	0.0	0.0	90.0	0.5000000
123	17899.9102	21964.477	24.00000	0.0	0.0	90.0	0.3000000
120	17928.5801	21801.816	24.00000	0.0	0.0	-225.0	0.6000000
80	17815.7305	21555.641	24.00000	0.0	0.0	90.0	0.3000000
35	17835.1875	21250.051	24.00000	0.0	0.0	-1350.0	3.5999999
6	17806.6992	21602.520	18.00000	0.0	0.0	-95.0	2.0000000
76	17653.5098	22648.439	335.00000	0.0	0.0	-200.0	0.1500000
75	17563.1367	22819.688	343.02328	0.0	0.0	90.0	0.8000000
77	17426.3770	22563.941	331.00000	-20.0	0.0	-205.0	0.4000000
84	17351.0898	22741.949	328.00000	0.0	0.0	0.0	1.4000000
77	17517.9395	22647.510	329.89044	-20.0	0.0	-70.0	0.4000000
76	17643.4492	22750.039	230.57504	0.0	0.0	-155.0	0.3500000
102	17512.0078	22576.559	339.59998	0.0	-45.0	45.0	0.7000000
9	17342.7969	22567.680	315.00000	0.0	0.0	385.0	2.0000000
9	17501.0391	22657.904	315.00000	0.0	0.0	390.0	2.0000000
9	17668.4102	22741.240	315.00000	0.0	0.0	380.0	2.0000000
76	17542.0703	22564.170	324.00000	0.0	0.0	-155.0	0.1300000
11	17303.5820	22557.010	294.01819	3.0	0.0	-50.0	2.0000000
9	17259.1465	22615.000	299.00000	0.0	0.0	300.0	2.0000000
9	17163.2402	22784.459	299.00000	0.0	0.0	300.0	2.0000000
49	17155.0195	22467.547	332.45468	0.0	0.0	0.0	0.6500000
123	17251.2305	22547.918	324.71875	0.0	0.0	0.0	0.3000000
104	17069.4707	22469.229	324.00000	0.0	0.0	0.0	0.3000000
80	17313.4902	22467.449	336.00000	0.0	0.0	1575.0	0.2000000
120	17131.4004	22616.805	324.00000	0.0	0.0	-90.0	0.6000000
19	16928.3105	22189.986	172.31998	0.0	0.0	0.0	0.5000000
5	17205.9395	22421.148	327.00000	0.0	0.0	400.0	2.2000000
86	16960.2695	22245.830	324.00000	0.0	0.0	0.0	1.2000000
104	16919.0488	22327.980	324.00000	0.0	0.0	0.0	0.2500000
122	17247.0605	22446.861	324.00000	0.0	0.0	90.0	1.7000000
122	17067.4277	22343.340	324.00000	0.0	0.0	-90.0	1.7000000
130	16983.4512	22283.609	329.73105	0.0	0.0	-270.0	1.0000000
128	17007.0000	22373.000	324.00000	0.0	0.0	-90.0	0.7000000
76	17136.2988	22331.650	298.25391	0.0	0.0	-155.0	0.1500000
80	16969.6797	22188.240	334.59000	0.0	0.0	1530.0	0.1500000
76	17267.3789	22403.707	324.00000	0.0	0.0	-200.0	0.0800000
104	17206.4199	22369.449	337.48425	0.0	0.0	0.0	0.3000000
5	17056.4004	22319.420	327.00000	0.0	0.0	390.0	2.2000000
19	17117.0293	22324.969	190.00000	0.0	0.0	135.0	0.4000000
19	17202.1895	22373.225	172.25189	0.0	0.0	-180.0	0.5000000
19	17020.5391	22259.000	217.02275	0.0	0.0	45.0	0.5000000
71	16914.8105	22490.971	318.85739	0.0	0.0	0.0	1.0000000
9	16278.9990	22654.998	299.00000	0.0	0.0	490.0	2.0000000
9	16150.0088	22807.170	299.00000	0.0	0.0	490.0	2.0000000
9	16404.4883	22519.789	299.00000	0.0	0.0	495.0	2.0000000
75	16103.4775	22503.707	360.85394	0.0	0.0	45.0	0.6000000
71	16138.3789	22641.379	360.21997	0.0	0.0	0.0	1.0000000
120	16205.7529	22650.979	337.97122	0.0	0.0	45.0	0.6000000
131	16648.7090	22146.500	426.89438	0.0	0.0	-450.0	1.6000000
9	16682.6758	22240.000	299.00000	0.0	0.0	495.0	2.0000000
9	16540.7676	22379.740	299.00000	0.0	0.0	495.0	2.0000000
11	16751.4492	22170.170	289.10995	3.0	0.0	90.0	2.0000000
5	16908.0000	22210.000	327.00000	0.0	0.0	400.0	2.2000000
77	16901.9980	22140.000	324.00000	-20.0	0.0	65.0	0.3000000
77	16662.3789	22038.277	324.00000	-20.0	0.0	110.0	0.3000000
75	16855.7383	22067.439	333.52414	0.0	0.0	45.0	0.6000000
124	16653.4004	22145.449	324.00000	0.0	0.0	315.0	0.8000000
49	16526.9980	22160.000	331.36172	0.0	0.0	0.0	0.6500000
77	16737.4609	22062.000	324.00000	-20.0	0.0	-70.0	0.4000000
120	16795.1406	22301.176	324.00003	0.0	0.0	-45.0	0.6000000
9	16741.2207	22126.488	315.00000	0.0	0.0	410.0	2.0000000
80	16559.5000	22064.299	324.00000	0.0	0.0	1350.0	0.2500000
80	16838.6895	22219.820	324.00000	0.0	0.0	1395.0	0.2500000
49	16643.0000	22262.998	329.03687	0.0	0.0	45.0	0.3500000
75	16715.1289	22221.230	324.00000	0.0	0.0	45.0	0.6000000
75	16561.1289	22256.881	324.00000	0.0	0.0	45.0	0.6000000
75	16812.0195	22387.949	324.00000	0.0	0.0	90.0	0.6000000
71	16124.0010	22407.000	326.00000	-15.0	0.0	-135.0	0.8000000
49	16438.4199	22043.900	328.24081	0.0	0.0	-45.0	0.5500000
123	17735.0605	21687.000	24.00000	0.0	0.0	90.0	0.4000000
122	17713.9883	21583.088	31.62000	0.0	0.0	45.0	1.8000000
37	17425.0000	21501.000	72.99999	0.0	0.0	-360.0	6.8400002
7	17530.0000	21504.000	91.00000	0.0	0.0	0.0	6.9099998
7	17739.0000	21504.000	34.00000	0.0	0.0	-360.0	8.3299999
37	17633.0000	21501.000	19.00000	0.0	0.0	-360.0	6.8400002
26	17750.0000	21250.000	24.00000	0.0	0.0	-360.0	4.2500000
27	17367.7949	21250.000	91.19054	0.0	0.0	90.0	3.5000000
27	17524.6406	21250.000	52.52855	0.0	0.0	90.0	3.5000000
27	17681.6543	21250.000	12.19110	0.0	0.0	90.0	3.5000000
37	17007.0000	21501.000	179.00000	0.0	0.0	-360.0	6.8400002
7	17322.0000	21504.000	145.99998	0.0	0.0	360.0	6.9099998
27	17053.9297	21250.000	169.63226	0.0	0.0	90.0	3.5000000
27	17211.0176	21250.000	129.65884	0.0	0.0	90.0	3.5000000
7	17114.0000	21504.000	197.99998	0.0	0.0	360.0	6.9099998
37	17217.0000	21501.000	126.00000	0.0	0.0	-360.0	6.8400002
34	16548.8105	21617.246	311.00000	0.0	0.0	80.0	1.8000000
34	16626.3906	21764.820	330.76999	0.0	0.0	55.0	1.1000000
102	16536.3496	21961.129	324.00000	0.0	0.0	45.0	0.9000000
77	16551.9980	21837.998	324.00000	-20.0	0.0	110.0	0.2500000
77	16611.8496	21928.850	324.00000	-20.0	0.0	-115.0	0.5000000
9	16610.4395	21978.818	315.00000	0.0	0.0	410.0	2.0000000
9	16496.8398	21820.689	315.00000	0.0	0.0	420.0	2.0000000
101	16716.0098	21923.678	324.00000	0.0	0.0	25.0	0.7000000
75	16623.6777	21801.869	329.47998	0.0	0.0	45.0	0.6000000
34	16700.6191	21864.850	329.07001	0.0	0.0	55.0	0.7000000
34	16773.4805	21955.520	332.63998	0.0	0.0	55.0	0.5000000
70	16324.3105	21992.811	324.00000	0.0	0.0	0.0	0.8000000
84	16472.6309	21712.070	332.56387	0.0	0.0	0.0	1.5000000
9	16412.0000	21648.000	315.00000	0.0	0.0	435.0	2.0000000
49	16308.7803	21699.250	327.69229	0.0	0.0	45.0	0.3500000
120	16312.2891	21791.709	324.00000	0.0	0.0	0.0	0.6000000
75	16417.5801	21765.199	324.00000	0.0	0.0	90.0	0.6000000
49	16379.3965	21865.119	330.26465	0.0	0.0	0.0	0.5500000
101	16435.2305	21926.971	324.00000	0.0	0.0	25.0	0.7000000
7	16904.0000	21504.000	253.00000	0.0	0.0	-360.0	6.9099998
27	16739.7285	21249.689	248.17043	0.0	0.0	90.0	3.5000000
27	16896.9062	21250.000	208.14833	0.0	0.0	90.0	3.5000000
27	16582.0000	21250.000	287.00000	0.0	0.0	90.0	3.5000000
37	16591.0000	21501.000	285.00000	0.0	0.0	0.0	6.8400002
7	16696.0000	21504.000	300.00000	0.0	0.0	360.0	6.9099998
37	16799.0000	21501.000	231.00000	0.0	0.0	0.0	6.8400002
80	16397.1094	21567.750	324.00000	0.0	0.0	1440.0	0.2500000
7	16487.0000	21504.000	348.00000	0.0	0.0	-360.0	6.9099998
26	16474.0000	21250.000	324.00000	0.0	0.0	-540.0	4.2500000
35	16389.1699	21249.760	324.00000	0.0	0.0	-1170.0	3.5999999
9	16376.8936	21257.920	297.81479	0.0	0.0	90.0	2.0000000
9	16371.1797	21426.195	297.81479	0.0	0.0	90.0	2.0000000
120	16355.7393	21431.791	324.00000	0.0	0.0	-135.0	0.6000000
77	19092.0000	20823.000	47.53740	-10.0	0.0	-90.0	0.3500000
76	19077.6953	20953.262	23.63933	0.0	0.0	-535.0	0.1700000
120	19140.2305	20837.779	41.00000	0.0	0.0	10.0	0.5000000
131	19193.7383	20965.141	31.49806	0.0	0.0	-270.0	2.0000000
76	18652.3750	20986.227	20.87567	0.0	0.0	-535.0	0.1700000
120	18711.2598	21070.350	34.88339	0.0	0.0	100.0	0.6000000
120	18933.4922	20951.607	36.46854	0.0	0.0	45.0	0.6000000
77	18991.2832	21028.037	57.05870	0.0	0.0	0.0	0.4000000
77	18798.5801	21044.961	58.00000	-20.0	0.0	-220.0	0.3000000
76	18865.9980	21069.000	48.00000	0.0	0.0	90.0	0.1000000
80	18947.0000	21133.000	42.13474	0.0	0.0	90.0	0.3000000
131	18952.0586	20848.740	27.49062	0.0	0.0	-360.0	1.6000000
131	18882.3594	20887.061	30.82938	0.0	0.0	-405.0	2.0000000
120	19170.0000	20369.000	46.00000	0.0	0.0	10.0	0.4000000
122	19148.0195	20335.621	50.00000	0.0	0.0	45.0	2.0000000
80	19085.6602	20693.910	36.88133	0.0	0.0	-70.0	0.3000000
120	17917.9199	21107.590	28.93380	0.0	0.0	-135.0	0.6000000
6	17824.0000	20898.367	18.00000	0.0	0.0	-80.0	2.0000000
80	17860.2695	20875.510	24.00000	0.0	0.0	25.0	0.3000000
86	17781.9199	20752.717	24.00000	0.0	0.0	45.0	1.2000000
124	17835.0000	20625.000	24.00000	0.0	0.0	-405.0	0.8000000
74	17787.6992	20622.561	130.00000	0.0	0.0	90.0	0.2000000
76	17932.7109	20383.170	24.00000	0.0	0.0	-75.0	0.3000000
105	18069.8906	20382.236	24.00000	10.0	0.0	-180.0	2.0999999
105	18155.0195	20461.010	24.00000	10.0	0.0	-225.0	1.5000000
6	18009.1699	20411.221	18.00000	0.0	0.0	-65.0	2.0000000
6	17930.5605	20566.527	18.00000	0.0	0.0	-60.0	2.0000000
6	17866.0547	20716.842	18.00000	0.0	0.0	-70.0	2.0000000
120	17965.3496	20620.760	24.00000	0.0	0.0	-180.0	0.6000000
76	17878.1289	20492.547	24.00000	0.0	0.0	-75.0	0.2000000
80	18095.5176	20658.561	24.00000	0.0	0.0	45.0	0.4000000
105	18050.7207	20543.990	24.00000	10.0	0.0	-270.0	1.8000000
80	19234.5098	20324.869	29.00000	0.0	0.0	-70.0	0.2000000
80	19073.2305	20285.738	33.86411	0.0	0.0	-70.0	0.2000000
76	18751.1484	19949.029	6.09643	0.0	0.0	-310.0	0.1700000
115	18845.5020	20151.836	31.56176	0.0	0.0	45.0	1.3000000
71	18877.4199	20005.719	21.43346	0.0	0.0	0.0	0.8000000
86	19151.7617	19757.258	20.85948	0.0	0.0	45.0	1.2000000
101	19068.0000	19739.244	29.00000	0.0	0.0	25.0	1.0000000
75	19182.7188	19895.000	24.00000	0.0	0.0	45.0	0.8000000
120	19061.4785	19894.449	24.00000	0.0	0.0	-90.0	0.6000000
37	19298.0000	19635.359	19.00000	0.0	0.0	-270.0	6.8400002
7	19295.0000	19532.000	91.00000	0.0	0.0	-270.0	6.9099998
7	19295.0000	19739.000	34.00000	0.0	0.0	-270.0	8.3299999
6	19201.3711	19824.020	18.00000	0.0	0.0	0.0	2.0000000
71	19240.7090	19797.227	24.00000	0.0	0.0	0.0	0.8000000
80	18895.0996	19873.340	24.00000	0.0	0.0	20.0	0.3500000
77	18775.4492	19837.100	24.00000	-20.0	0.0	-130.0	0.5000000
77	18935.9199	19783.248	24.00000	-20.0	0.0	-130.0	0.3500000
6	18660.0000	19889.000	18.00000	0.0	0.0	-10.0	2.0000000
6	19000.5195	19829.850	18.00000	0.0	0.0	0.0	2.0000000
6	18834.2188	19851.398	18.00000	0.0	0.0	-10.0	2.0000000
104	18605.8203	20032.279	25.64335	0.0	0.0	0.0	0.2000000
120	18586.7090	19981.588	25.19723	0.0	0.0	-90.0	0.6000000
120	18241.5586	20272.891	24.00000	0.0	0.0	-135.0	0.6000000
77	18431.0898	19916.619	23.99000	-20.0	0.0	-220.0	0.5000000
77	18254.3906	20018.857	24.00000	-20.0	0.0	-220.0	0.4000000
6	18492.6367	19939.699	18.00000	0.0	0.0	-20.0	2.0000000
6	18335.3965	20023.000	18.00000	0.0	0.0	-35.0	2.0000000
6	18213.4004	20135.020	18.00000	0.0	0.0	-45.0	2.0000000
76	18346.8008	20050.879	24.00000	0.0	0.0	-580.0	0.1700000
80	18473.0000	20012.998	22.00000	0.0	0.0	-115.0	0.3500000
122	18250.8691	20142.420	24.00000	0.0	0.0	45.0	1.8000000
104	18402.2402	20277.367	25.90000	0.0	0.0	0.0	0.3000000
76	17989.8398	20281.539	24.00000	0.0	0.0	-75.0	0.2000000
84	18058.7188	20163.189	24.00000	0.0	0.0	45.0	1.3000000
6	18095.0000	20275.000	18.00000	0.0	0.0	-50.0	2.0000000
77	18593.0000	19872.000	24.00000	-20.0	0.0	-175.0	0.6000000
57	17483.4824	21020.033	78.96423	0.0	0.0	45.0	5.0000000
76	17740.8594	20872.777	24.00000	0.0	0.0	-90.0	0.2000000
37	17634.6230	21004.000	17.95914	0.0	0.0	-360.0	6.8400002
7	17737.4414	20992.000	34.00000	0.0	0.0	-540.0	8.3299999
37	17426.9980	21004.000	72.99999	0.0	0.0	-360.0	6.8400002
7	17532.0000	20992.000	91.00000	0.0	0.0	-180.0	6.9099998
57	17058.2969	21010.529	156.54755	0.0	0.0	45.0	1.5000000
57	17264.8789	21010.631	107.21745	0.0	0.0	45.0	3.0000000
37	17010.0000	21004.000	179.00000	0.0	0.0	0.0	6.8400002
7	17325.0000	20992.000	145.99998	0.0	0.0	180.0	6.9099998
7	17116.0000	20992.000	197.99998	0.0	0.0	180.0	6.9099998
37	17219.0000	21004.000	126.00000	0.0	0.0	-360.0	6.8400002
57	16637.9980	21014.000	277.00000	0.0	0.0	45.0	5.0000000
57	16877.8750	21004.844	207.69743	0.0	0.0	45.0	3.0000000
34	16538.8203	20909.000	321.70511	0.0	0.0	90.0	1.8000000
84	16493.4609	20848.770	333.71771	0.0	0.0	0.0	1.5000000
7	16906.0000	20992.000	253.00000	0.0	0.0	-540.0	6.9099998
37	16591.9980	21003.637	285.00000	0.0	0.0	0.0	6.8400002
7	16698.0000	20992.000	300.00000	0.0	0.0	180.0	6.9099998
37	16801.0000	21004.000	231.00000	0.0	0.0	0.0	6.8400002
80	16379.1094	20800.457	324.00000	0.0	0.0	1080.0	0.4000000
7	16487.9980	20992.000	348.00000	0.0	0.0	-540.0	6.9099998
9	16422.0000	20858.000	315.00000	0.0	0.0	110.0	2.0000000
9	16368.9834	21081.648	297.81479	0.0	0.0	90.0	2.0000000
80	16411.0000	20949.000	324.00000	0.0	0.0	1035.0	0.3000000
34	16665.0000	20744.000	329.00000	0.0	0.0	135.0	1.1000000
92	16697.4082	20534.000	325.76895	0.0	0.0	-150.0	0.6000000
9	16535.9297	20671.930	315.00000	0.0	0.0	140.0	2.0000000
9	16649.3203	20560.109	315.00000	0.0	0.0	125.0	2.0000000
9	16690.0000	20444.000	315.00000	0.0	0.0	90.0	2.0000000
101	16794.6699	20438.340	324.00000	0.0	0.0	25.0	0.8000000
34	16776.4688	20624.270	330.66693	0.0	0.0	125.0	0.7000000
131	16086.5498	20511.080	326.53629	0.0	0.0	-225.0	1.6000000
115	16074.4512	20398.992	324.18719	0.0	0.0	45.0	1.2000000
70	16409.0781	20582.879	340.00000	0.0	0.0	0.0	0.9000000
80	16361.9092	20493.520	324.00000	0.0	0.0	1125.0	0.3000000
111	16709.2363	20267.908	324.00000	0.0	0.0	-85.0	0.7000000
77	16552.5957	20008.914	324.00000	-20.0	0.0	-70.0	0.4000000
77	16658.9805	20033.967	324.00000	-20.0	0.0	-405.0	0.2500000
75	16755.9668	20086.689	324.00000	0.0	0.0	45.0	0.9000000
115	16536.0586	20137.770	324.00000	0.0	0.0	45.0	0.9000000
75	16606.0781	20160.410	324.00000	0.0	0.0	90.0	0.9000000
75	16803.5117	20264.750	324.00000	0.0	0.0	90.0	0.9000000
9	16690.2793	20270.459	315.00000	0.0	0.0	90.0	2.0000000
120	16595.4395	20308.789	324.00000	0.0	0.0	0.0	0.6000000
9	16660.3906	20150.449	315.00000	0.0	0.0	55.0	2.0000000
9	16557.0000	20050.000	315.00000	0.0	0.0	35.0	2.0000000
77	16438.0410	19956.424	324.00000	-20.0	0.0	-160.0	0.5000000
77	16457.5996	20020.850	324.00000	-20.0	0.0	20.0	0.4000000
115	16252.6475	19943.619	324.00000	0.0	0.0	45.0	1.1000000
120	16298.6787	20014.729	324.00000	0.0	0.0	-45.0	0.6000000
9	16396.3789	19957.000	315.00000	0.0	0.0	25.0	2.0000000
80	16395.9395	20158.129	324.00000	0.0	0.0	1260.0	0.4000000
74	16192.5996	19725.408	432.24002	0.0	0.0	-470.0	0.2200000
60	16512.9980	19512.998	151.00000	0.0	0.0	0.0	1.0000000
101	16094.0996	19682.990	324.00000	0.0	0.0	25.0	0.7000000
70	16127.1104	19885.170	324.00000	0.0	0.0	0.0	0.8000000
124	16149.4893	19740.840	325.84888	0.0	0.0	315.0	0.8000000
75	16346.3789	19823.838	324.00000	0.0	0.0	45.0	1.0000000
9	16080.0596	19790.768	315.00000	0.0	0.0	25.0	2.0000000
9	16225.9980	19874.000	315.00000	0.0	0.0	30.0	2.0000000
124	16254.9102	19832.719	326.14337	0.0	0.0	315.0	0.7000000
80	16236.0000	19790.000	335.90018	0.0	0.0	1215.0	0.2500000
120	16011.4795	22788.969	330.45288	0.0	0.0	135.0	0.6000000
69	15798.6387	22809.908	328.00000	0.0	0.0	-360.0	1.0000000
101	15893.1094	22596.396	382.49997	0.0	0.0	25.0	0.7000000
75	15766.0000	22554.000	379.00000	0.0	0.0	45.0	0.5000000
77	15932.4600	22739.330	351.10001	-20.0	0.0	-385.0	0.3000000
77	15762.3857	22648.930	342.31268	-20.0	0.0	-250.0	0.3000000
13	15848.7705	22463.229	376.00000	35.0	0.0	-180.0	0.8000000
20	15849.3496	22657.209	324.00000	0.0	0.0	0.0	1.1000000
80	15978.3691	22583.311	382.49997	0.0	0.0	25.0	0.3000000
75	16010.2158	22673.932	380.35437	0.0	0.0	45.0	0.4000000
128	15862.3506	22729.998	381.15829	0.0	0.0	-45.0	0.6000000
120	15620.0898	22572.959	335.13232	0.0	0.0	-225.0	0.6000000
0	15851.8223	22350.227	428.23154	0.0	0.0	0.0	1.0000000
77	15650.8701	22037.217	378.00000	-20.0	0.0	-205.0	0.3000000
87	15858.7461	22345.090	126.77367	-2.0	0.0	45.0	1.7000000
48	15761.4590	22074.820	305.39999	0.0	0.0	90.0	0.8000000
70	15908.0000	22094.000	315.00000	0.0	0.0	0.0	0.7000000
63	15850.0000	22350.000	377.00000	0.0	0.0	0.0	4.0000000
13	15735.6992	22347.994	376.00000	35.0	0.0	-90.0	0.8000000
13	15750.0703	22242.539	381.00000	35.0	0.0	-45.0	0.6000000
13	15949.0801	22444.848	377.35220	35.0	0.0	-225.0	0.6000000
20	15656.1738	22150.520	324.00000	0.0	0.0	-90.0	1.1000000
130	15915.9961	22333.600	344.99997	0.0	0.0	-720.0	0.8000000
80	15988.6289	22351.852	345.99997	-25.0	0.0	1260.0	0.3000000
80	15855.3389	22212.250	349.34598	-25.0	0.0	1350.0	0.3000000
75	15826.4697	22267.289	361.20889	0.0	0.0	45.0	0.4000000
70	15491.0000	22098.000	366.00000	0.0	0.0	0.0	0.7000000
70	15549.0010	22349.000	363.62222	-15.0	0.0	0.0	0.8000000
75	15616.4795	22441.131	358.71228	0.0	0.0	90.0	0.5000000
120	15368.5850	22202.992	359.12384	0.0	0.0	-180.0	0.6000000
77	15470.5781	22233.164	377.64532	-20.0	0.0	-250.0	0.3000000
80	15566.5801	22204.289	382.00000	0.0	0.0	25.0	0.3000000
75	15624.1016	22260.982	382.49997	0.0	0.0	45.0	0.6000000
71	14389.0400	22569.279	316.59000	0.0	0.0	0.0	1.0000000
75	14527.0000	22072.430	324.00000	0.0	0.0	90.0	0.9000000
105	14360.3193	22060.061	324.00000	0.0	0.0	135.0	2.9000001
80	14408.6094	22439.420	324.00000	0.0	0.0	1305.0	0.4000000
71	14394.7998	22221.621	312.64001	0.0	0.0	-90.0	1.0000000
75	14557.6992	22320.670	324.00000	0.0	0.0	45.0	0.8000000
120	14498.1992	22346.160	324.00000	0.0	0.0	-225.0	0.6000000
9	14364.9795	22287.949	315.00000	0.0	0.0	255.0	2.0000000
9	14398.0498	22460.641	315.00000	0.0	0.0	290.0	2.0000000
80	14595.3906	22405.047	324.00000	0.0	0.0	1260.0	0.3000000
120	15654.7500	21779.000	338.28210	0.0	0.0	-45.0	0.6000000
84	15714.0000	21912.000	356.00000	0.0	0.0	0.0	1.1000000
75	14794.3301	21675.369	324.00000	0.0	0.0	45.0	1.0000000
9	14656.8604	21760.467	315.00000	0.0	0.0	280.0	2.0000000
77	14604.5977	21736.172	324.00000	-20.0	0.0	-250.0	0.4000000
77	14626.1182	21738.564	324.00000	-20.0	0.0	-385.0	0.3000000
77	14652.3193	21672.561	324.00000	-20.0	0.0	-475.0	0.2000000
80	14414.7998	21958.330	324.00000	0.0	0.0	1305.0	0.4000000
70	14378.0088	21876.270	324.00000	0.0	0.0	0.0	1.0000000
120	14748.8799	21688.779	324.00000	0.0	0.0	0.0	0.6000000
75	14592.5889	21874.500	324.00000	0.0	0.0	45.0	1.0000000
9	14519.0000	21924.000	315.00000	0.0	0.0	360.0	2.0000000
9	14419.6289	21952.131	315.00000	0.0	0.0	320.0	2.0000000
9	14357.9502	22024.469	315.00000	0.0	0.0	300.0	2.0000000
71	14731.9033	21882.656	324.00000	0.0	0.0	0.0	1.0000000
71	14793.9609	21286.012	324.00000	0.0	0.0	0.0	1.0000000
75	14630.2197	21554.301	324.00000	0.0	0.0	45.0	1.0000000
70	14472.5801	21604.551	324.00000	0.0	0.0	0.0	1.0000000
123	14562.0303	21451.008	324.00000	0.0	0.0	45.0	0.5000000
75	14655.8301	21343.039	324.00000	0.0	0.0	45.0	1.0000000
123	14564.0000	21258.000	324.00000	0.0	0.0	90.0	0.4000000
122	14646.7100	21257.969	324.00000	0.0	0.0	45.0	2.0000000
122	14545.8496	21339.617	324.00000	0.0	0.0	90.0	2.3000000
9	14636.4795	21280.619	315.00000	0.0	0.0	280.0	2.0000000
9	14573.1494	21470.059	315.00000	0.0	0.0	300.0	2.0000000
11	14535.1621	21538.250	311.52960	0.0	0.0	260.0	2.0000000
9	14567.5996	21568.977	315.00000	0.0	0.0	215.0	2.0000000
80	14678.2793	21472.789	323.98999	0.0	0.0	1215.0	0.4000000
75	14310.3594	22700.090	319.48901	0.0	0.0	45.0	0.8000000
80	14016.6699	22467.670	332.75385	0.0	0.0	945.0	0.2000000
75	13940.8096	22556.100	324.00000	0.0	0.0	45.0	1.0000000
120	14286.2197	22633.172	324.00000	0.0	0.0	-270.0	0.6000000
69	14221.0010	22553.000	276.28375	0.0	0.0	-360.0	1.2000000
75	14074.0693	22524.529	324.00000	0.0	0.0	45.0	1.0000000
9	14009.0303	22568.199	315.00000	0.0	0.0	35.0	2.0000000
9	14220.9199	22609.340	315.00000	0.0	0.0	-10.0	2.0000000
76	14053.9990	22647.000	324.00000	0.0	0.0	-155.0	0.1500000
80	14142.9004	22699.660	324.00000	0.0	0.0	1080.0	0.3000000
80	14005.2402	22603.428	324.00000	0.0	0.0	1125.0	0.2000000
31	13555.4990	22498.887	322.35648	0.0	0.0	-180.0	2.5000000
120	13821.2695	22543.789	324.00000	0.0	0.0	-50.0	0.6000000
9	13882.5000	22476.000	315.00000	0.0	0.0	45.0	2.0000000
77	14312.4893	22358.967	324.00000	-20.0	0.0	-25.0	0.4000000
77	14259.5996	22132.279	324.00000	-20.0	0.0	-250.0	0.4000000
80	14302.6094	22110.770	324.00000	0.0	0.0	1215.0	0.3000000
77	14279.8887	22255.779	324.00000	-20.0	0.0	-295.0	0.3000000
101	13972.9600	22432.529	324.00000	0.0	0.0	25.0	1.0000000
9	14333.3027	22126.996	315.00000	0.0	0.0	265.0	2.0000000
76	13847.0195	22447.178	324.00000	0.0	0.0	-110.0	0.2000000
80	13901.1699	22368.570	333.33997	0.0	0.0	1170.0	0.2000000
18	13685.0010	22046.342	324.00000	0.0	0.0	90.0	1.3000000
33	13684.0000	22321.564	324.00000	0.0	0.0	90.0	2.5000000
9	13798.4600	22427.691	315.00000	0.0	0.0	10.0	2.0000000
57	13679.4102	22137.154	316.23999	0.0	0.0	45.0	5.0000000
9	13630.1592	22418.066	295.66998	0.0	0.0	0.0	2.0000000
18	13685.0010	22201.781	324.00000	0.0	0.0	90.0	1.3000000
104	13803.6787	22336.066	333.73996	0.0	0.0	0.0	0.4000000
71	13111.8945	22762.998	324.00000	0.0	0.0	-90.0	1.0000000
31	13342.0000	22498.000	326.93967	180.0	0.0	-360.0	2.5000000
120	13145.1279	22465.078	324.00000	0.0	0.0	45.0	0.6000000
77	12983.7002	22845.502	324.00000	-20.0	0.0	110.0	0.5000000
77	12943.9014	22758.602	324.00000	-20.0	0.0	155.0	0.3000000
75	13070.5000	22611.199	324.00000	0.0	0.0	45.0	1.0000000
101	12937.5000	22611.701	324.00000	0.0	0.0	25.0	1.0000000
105	13034.7002	22509.320	324.00000	0.0	0.0	90.0	3.0000000
9	13022.6992	22634.389	315.00000	0.0	0.0	275.0	2.0000000
9	13028.4395	22803.777	315.00000	0.0	0.0	265.0	2.0000000
9	13061.6787	22517.180	315.00000	0.0	0.0	300.0	2.0000000
80	13008.6201	22668.350	324.00000	0.0	0.0	1215.0	0.2000000
35	13449.8750	22420.709	326.17804	0.0	0.0	-540.0	3.5999999
18	13214.9990	22041.918	324.00000	0.0	0.0	90.0	1.3000000
32	13450.0000	22073.000	326.00000	0.0	0.0	-90.0	10.0000000
26	13450.0000	22333.680	326.00000	0.0	0.0	450.0	4.2500000
33	13214.9990	22319.449	324.00000	0.0	0.0	90.0	2.5000000
75	13148.0693	22377.820	314.29453	0.0	0.0	45.0	1.0000000
9	13152.0000	22442.482	315.00000	0.0	0.0	335.0	2.0000000
9	13478.0088	22405.340	289.95007	0.0	0.0	0.0	2.0000000
9	13297.8789	22419.354	296.43646	0.0	0.0	0.0	2.0000000
18	13214.9990	22197.463	324.00000	0.0	0.0	90.0	1.3000000
75	13048.9902	22405.590	324.00000	0.0	0.0	45.0	1.0000000
77	14289.1299	21992.029	324.00000	-20.0	0.0	-205.0	0.3000000
57	13682.2695	21964.213	324.00000	0.0	0.0	45.0	3.0000000
57	13687.3799	21822.074	324.00000	0.0	0.0	45.0	1.5000000
18	13685.0010	21774.502	324.00000	0.0	0.0	90.0	1.3000000
18	13685.0010	21230.240	324.00000	0.0	0.0	90.0	1.3000000
18	13685.0010	21502.264	324.00000	0.0	0.0	90.0	1.3000000
57	13664.9395	21225.324	324.00000	0.0	0.0	45.0	5.0000000
57	13680.0205	21347.889	312.60413	0.0	0.0	45.0	3.0000000
57	13697.1787	21454.705	277.89594	0.0	0.0	45.0	1.5000000
32	13450.0000	21620.000	325.00000	0.0	0.0	-90.0	10.0000000
18	13214.9990	21770.232	324.00000	0.0	0.0	90.0	1.3000000
75	12678.2295	21789.316	322.95407	0.0	0.0	90.0	1.0000000
76	12672.7383	21712.340	324.00000	0.0	0.0	-110.0	0.1000000
105	12657.5898	21641.570	334.46518	10.0	0.0	-675.0	2.0000000
18	13214.9990	21226.998	324.00000	0.0	0.0	90.0	1.3000000
18	13214.9990	21498.553	324.00000	0.0	0.0	90.0	1.3000000
32	13450.0000	21319.086	326.00000	0.0	0.0	-90.0	10.0000000
120	15799.4355	20842.406	348.25790	0.0	0.0	-90.0	0.6000000
101	15650.4199	20850.949	332.39053	0.0	0.0	25.0	0.7000000
80	15563.2207	20772.209	324.00000	0.0	0.0	1260.0	0.3000000
20	15772.7021	20557.000	355.00000	0.0	0.0	-360.0	1.0000000
70	15851.9990	20750.000	350.20013	-15.0	0.0	0.0	0.8000000
104	15849.7500	20451.000	357.77625	15.0	0.0	45.0	0.3000000
75	15975.0000	20710.000	336.00000	0.0	0.0	45.0	0.8000000
75	15924.2207	20381.121	326.16165	0.0	0.0	90.0	0.8000000
104	15691.0000	20462.000	355.00000	15.0	0.0	-45.0	0.2500000
75	15794.0000	20512.998	366.99997	0.0	0.0	45.0	0.8000000
75	15725.2900	20751.439	353.26999	0.0	0.0	45.0	0.6000000
104	15670.0000	20615.998	352.00000	15.0	0.0	-90.0	0.4000000
71	15946.1719	20555.084	341.48697	15.0	0.0	90.0	1.0000000
70	15749.6904	20351.377	332.39999	15.0	0.0	0.0	0.8000000
120	16030.5859	20526.488	334.41220	0.0	0.0	0.0	0.6000000
104	15836.5859	20628.418	374.24103	15.0	0.0	45.0	0.3000000
120	15612.3135	20507.391	328.32239	0.0	0.0	-180.0	0.6000000
131	15597.9297	20675.750	324.00000	0.0	0.0	-225.0	1.6000000
120	15185.0498	20762.211	324.00000	0.0	0.0	-45.0	0.6000000
120	14865.5596	21075.270	324.00000	0.0	0.0	-135.0	0.6000000
9	14828.0000	20859.000	315.00000	0.0	0.0	310.0	2.0000000
9	14686.0000	21145.000	315.00000	0.0	0.0	300.0	2.0000000
123	14656.7900	21150.568	324.00000	0.0	0.0	-45.0	0.3000000
122	14750.0000	21159.000	324.00000	0.0	0.0	90.0	1.7000000
104	14752.1396	21053.107	327.60995	0.0	0.0	45.0	0.5000000
84	14775.2500	20880.430	324.00000	0.0	0.0	0.0	1.5000000
9	14761.4092	20978.938	315.00000	0.0	0.0	290.0	2.0000000
123	14637.0010	21115.119	119.04227	-10.0	0.0	-225.0	0.4000000
77	15117.4893	20681.850	307.10367	-20.0	0.0	-385.0	0.5000000
77	15113.2598	20580.229	324.00000	-20.0	0.0	-475.0	0.4000000
77	14980.9971	20332.959	324.00000	-20.0	0.0	90.0	0.3000000
71	15161.8379	20390.258	314.46188	0.0	0.0	0.0	1.0000000
77	15004.1699	20565.719	324.00000	-20.0	0.0	-250.0	0.4000000
77	14915.7500	20648.020	324.00000	-20.0	0.0	-270.0	0.2000000
75	14942.7686	20745.289	324.00000	0.0	0.0	90.0	1.0000000
75	15040.8291	20433.600	324.00000	0.0	0.0	35.0	0.9000000
9	15061.9688	20578.930	315.00000	0.0	0.0	295.0	2.0000000
9	15055.3301	20346.699	315.00000	0.0	0.0	250.0	2.0000000
9	14947.5498	20743.840	315.00000	0.0	0.0	320.0	2.0000000
80	15030.7588	20653.770	324.00000	0.0	0.0	1305.0	0.4000000
80	15865.6172	20301.377	320.35928	0.0	0.0	1260.0	0.3000000
75	15797.1895	20214.250	328.00305	0.0	0.0	90.0	0.9000000
71	15967.6377	19971.117	324.00000	0.0	0.0	0.0	1.0000000
131	15681.0596	20214.107	326.04965	0.0	0.0	-360.0	1.6000000
115	15589.9990	20292.000	331.00000	0.0	0.0	45.0	0.9000000
80	15209.6602	19995.770	324.00000	0.0	0.0	1260.0	0.2000000
131	15349.4297	19844.100	430.80014	0.0	0.0	-270.0	1.6000000
102	15783.6797	19478.000	327.07999	0.0	0.0	210.0	1.0000000
112	15964.9902	19675.699	324.00000	0.0	0.0	55.0	1.8000000
75	15889.3174	19484.285	324.00000	0.0	0.0	90.0	0.7000000
120	15689.6299	19670.561	326.06796	0.0	0.0	-90.0	0.6000000
103	15650.0000	19550.000	324.00000	0.0	0.0	-182.0	0.6800000
75	15886.8496	19746.809	324.00000	0.0	0.0	90.0	0.9000000
9	15923.5000	19678.459	315.00000	0.0	0.0	45.0	2.0000000
9	15804.9102	19566.949	315.00000	0.0	0.0	35.0	2.0000000
9	15686.8594	19519.270	315.00000	0.0	0.0	10.0	2.0000000
103	15850.0000	19650.000	324.00000	0.0	0.0	-137.0	0.6800000
104	15752.9697	19576.768	325.27609	0.0	0.0	0.0	0.3000000
131	15604.7393	19726.168	324.00000	0.0	0.0	-135.0	1.6000000
112	15463.9189	19488.260	324.00000	0.0	0.0	-35.0	1.8000000
77	15224.4404	19726.309	324.00000	-20.0	0.0	-205.0	0.5000000
77	15285.2402	19672.227	324.00000	-20.0	0.0	-160.0	0.5000000
95	15348.8389	19865.461	324.00000	0.0	0.0	135.0	1.0000000
80	15557.9697	19579.230	324.00000	0.0	0.0	1215.0	0.3500000
9	15535.4404	19512.090	315.00000	0.0	0.0	-5.0	2.0000000
9	15446.8096	19540.090	315.00000	0.0	0.0	-40.0	2.0000000
9	15330.2402	19651.908	315.00000	0.0	0.0	-50.0	2.0000000
9	15219.5391	19794.340	315.00000	0.0	0.0	-55.0	2.0000000
70	15495.9795	19664.959	324.00000	0.0	0.0	0.0	0.8000000
80	15028.3203	20286.178	324.00000	0.0	0.0	1215.0	0.4000000
77	14947.0000	20251.998	324.00000	-20.0	0.0	-225.0	0.2000000
101	15157.2295	19953.818	329.84000	0.0	0.0	25.0	0.7000000
84	14970.7090	20135.859	324.00000	0.0	0.0	0.0	1.5000000
9	15034.9795	20075.189	315.00000	0.0	0.0	-70.0	2.0000000
9	15115.5703	19950.561	315.00000	0.0	0.0	-55.0	2.0000000
9	15018.7100	20206.051	315.00000	0.0	0.0	-100.0	2.0000000
120	15125.8701	20150.547	324.00000	0.0	0.0	-180.0	0.6000000
84	14390.1748	20061.000	343.99997	0.0	0.0	30.0	1.7000000
9	14364.8467	20084.301	315.00000	0.0	0.0	90.0	2.0000000
77	15161.3691	19798.881	324.00000	-20.0	0.0	-295.0	0.5000000
77	14578.3691	19512.590	324.00000	-15.0	0.0	-45.0	0.4000000
92	14378.2988	19794.967	326.56570	0.0	0.0	540.0	0.5000000
124	14404.6201	19679.350	326.78793	45.0	0.0	315.0	0.8000000
9	14437.9697	19565.648	315.00000	0.0	0.0	135.0	2.0000000
123	13950.0000	20850.000	324.00000	0.0	0.0	45.0	0.5000000
122	13937.4395	20945.189	324.00000	0.0	0.0	45.0	2.0000000
123	14053.9990	20903.000	324.00000	0.0	0.0	90.0	0.4000000
48	14132.3701	20822.609	230.16000	0.0	0.0	90.0	1.6000000
9	14037.0000	20794.000	315.00000	0.0	0.0	135.0	2.0000000
9	13910.7891	20887.119	315.00000	0.0	0.0	150.0	2.0000000
123	13772.5498	21048.447	324.00000	0.0	0.0	90.0	0.4000000
123	13847.2275	20948.230	324.00000	0.0	0.0	90.0	0.3000000
104	13856.7295	20844.680	327.08554	0.0	0.0	45.0	0.3500000
31	13560.0996	20900.930	326.36365	180.0	0.0	-540.0	2.5000000
33	13686.1729	21080.953	324.00000	0.0	0.0	90.0	2.5000000
9	13761.1797	20958.527	315.00000	0.0	0.0	160.0	2.0000000
9	13625.0000	20981.631	298.00000	0.0	0.0	-185.0	2.0000000
80	13722.6787	20965.998	324.00000	0.0	0.0	585.0	0.3000000
80	13792.3604	20912.811	324.00000	0.0	0.0	495.0	0.3000000
84	14289.1191	20462.600	345.76355	0.0	0.0	45.0	1.7000000
80	14165.2500	20748.566	338.07388	0.0	0.0	495.0	0.3000000
9	14232.5469	20524.270	315.00000	0.0	0.0	120.0	2.0000000
20	14141.4287	20654.000	332.00000	0.0	0.0	90.0	1.1000000
122	14037.4102	20753.189	334.21298	0.0	0.0	45.0	2.0000000
77	14039.9990	20637.000	359.00000	-15.0	0.0	135.0	0.4000000
77	14221.6094	20653.631	324.00000	-15.0	0.0	-90.0	0.4000000
77	14167.0195	20539.820	324.00000	-15.0	0.0	180.0	0.4000000
75	14247.3496	20444.479	324.00000	0.0	0.0	45.0	1.0000000
71	13971.0010	20468.000	334.27393	15.0	0.0	0.0	1.0000000
9	14142.4102	20670.549	315.00000	0.0	0.0	125.0	2.0000000
9	14301.8291	20383.389	315.00000	0.0	0.0	110.0	2.0000000
70	13540.0098	20341.801	348.00000	-30.0	0.0	-70.0	0.8000000
120	13839.3691	20730.680	324.55209	0.0	0.0	45.0	0.6000000
123	13150.0000	20950.000	324.00000	0.0	0.0	45.0	0.3500000
35	13449.7930	20981.889	325.79614	0.0	0.0	-720.0	3.5999999
31	13339.9492	20901.500	321.88028	0.0	0.0	0.0	2.5000000
26	13450.2275	21066.992	325.89789	0.0	0.0	270.0	4.2500000
33	13214.9990	21078.205	324.00000	0.0	0.0	90.0	2.5000000
75	13124.2891	21082.236	325.26001	0.0	0.0	45.0	1.0000000
9	13102.7295	20979.920	315.00000	0.0	0.0	190.0	2.0000000
9	13287.8994	20994.240	298.14349	0.0	0.0	-180.0	2.0000000
9	13471.9805	20990.600	298.00000	0.0	0.0	-180.0	2.0000000
104	12712.0000	20776.998	326.17563	0.0	0.0	45.0	0.6000000
123	12846.2295	20838.609	324.00000	0.0	0.0	45.0	0.5000000
123	12950.0000	20850.000	324.00000	0.0	0.0	225.0	0.3000000
101	12881.8799	20935.699	331.68460	0.0	0.0	25.0	1.0000000
122	13036.1104	21054.090	336.76001	0.0	0.0	45.0	2.0000000
120	12961.2598	20824.668	324.00000	0.0	0.0	-60.0	0.6000000
104	13034.2500	20929.648	327.19000	0.0	0.0	45.0	0.4500000
9	12874.5391	20832.379	315.00000	0.0	0.0	210.0	2.0000000
9	13026.4404	20941.080	315.00000	0.0	0.0	220.0	2.0000000
76	12952.4492	21011.439	335.58240	0.0	0.0	45.0	0.1000000
120	13422.0000	20421.000	349.91296	-15.0	0.0	0.0	0.6000000
77	13438.6504	20330.451	286.43848	-15.0	0.0	-0.0	0.2500000
123	12746.0000	20661.000	324.00000	0.0	0.0	45.0	0.3000000
122	12834.5000	20736.010	324.00000	0.0	0.0	45.0	2.0000000
115	12984.8301	20724.029	324.00000	0.0	0.0	45.0	1.2000000
9	12726.8184	20748.160	315.00000	0.0	0.0	210.0	2.0000000
84	14350.3096	20265.039	341.83212	0.0	0.0	45.0	1.7000000
84	14280.2090	20281.770	324.00000	0.0	0.0	210.0	1.5000000
84	14319.0898	20112.340	331.38312	0.0	0.0	255.0	1.5000000
120	14156.0791	19994.670	324.00000	0.0	0.0	45.0	0.6000000
9	14343.3701	20239.039	315.00000	0.0	0.0	105.0	2.0000000
9	14339.2305	19954.049	315.00000	0.0	0.0	70.0	2.0000000
77	13542.0000	20147.701	355.00000	-15.0	0.0	270.0	0.2700000
71	13576.8096	20013.910	339.74167	15.0	0.0	135.0	1.0000000
80	13509.1631	19931.414	352.38315	0.0	0.0	450.0	0.3000000
77	13630.5752	19915.844	317.42392	-15.0	0.0	270.0	0.2700000
101	13532.8154	20231.072	363.30255	0.0	0.0	0.0	1.0000000
75	13643.5791	20143.010	324.00000	0.0	0.0	45.0	0.7000000
124	14276.5293	19662.816	343.67996	0.0	0.0	315.0	0.8000000
84	14350.3887	19546.219	330.23956	0.0	0.0	0.0	1.5000000
9	14336.0000	19749.000	315.00000	0.0	0.0	110.0	2.0000000
70	14189.2002	19618.119	331.45410	0.0	0.0	0.0	0.8000000
120	13742.9395	19849.469	327.07581	0.0	0.0	0.0	0.6000000
70	13722.1494	19774.379	319.35999	0.0	0.0	0.0	0.8000000
101	13592.5000	19833.209	326.34113	0.0	0.0	25.0	0.8000000
20	13448.9902	20143.199	324.00000	0.0	0.0	0.0	1.1000000
71	13277.0000	20206.000	317.99997	-10.0	0.0	45.0	1.0000000
77	13268.2500	20035.199	359.00482	-15.0	0.0	90.0	0.3000000
77	13430.8301	20238.469	375.00000	-15.0	0.0	-0.0	0.2500000
77	13439.8496	20044.779	375.40997	-15.0	0.0	180.0	0.3000000
70	13110.9697	20049.814	366.53119	0.0	0.0	0.0	0.8000000
104	13108.0000	19915.998	333.00000	30.0	0.0	0.0	0.3000000
101	13392.9990	20179.000	378.00000	0.0	0.0	0.0	0.8000000
101	13148.4160	20169.000	363.00000	0.0	0.0	0.0	0.8000000
120	13322.4443	19945.949	353.24286	0.0	0.0	-90.0	0.6000000
80	13350.9990	20097.000	367.61218	-15.0	0.0	90.0	0.3000000
101	13211.5117	19948.357	342.82483	0.0	0.0	0.0	1.0000000
104	13345.9453	19990.000	365.48849	0.0	0.0	0.0	0.3500000
77	13070.2588	20155.629	307.16998	-15.0	0.0	-225.0	0.2500000
75	13056.8193	20239.938	336.20953	0.0	0.0	45.0	1.0000000
80	12937.0000	20249.000	343.97882	15.0	0.0	225.0	0.3000000
120	12910.0010	20189.000	353.00000	-19.0	0.0	45.0	0.6000000
101	12954.0498	20061.297	352.04633	0.0	0.0	0.0	1.0000000
120	13081.0986	19561.561	324.00000	0.0	0.0	45.0	0.6000000
75	13289.8896	19492.930	324.00000	0.0	0.0	90.0	0.8000000
104	13422.8252	19874.000	351.20316	15.0	0.0	0.0	0.2500000
75	13298.2891	19852.842	332.71881	0.0	0.0	0.0	0.8000000
101	13142.0000	19595.000	324.00000	0.0	0.0	25.0	0.7000000
71	12763.4189	19706.830	324.00000	0.0	0.0	0.0	1.0000000
80	12836.2988	19554.570	324.00000	0.0	0.0	540.0	0.4000000
115	13031.0088	19552.850	324.00000	0.0	0.0	45.0	1.2000000
77	12746.5195	19544.500	324.00000	0.0	0.0	190.0	0.2500000
9	12935.9893	19507.680	315.00000	0.0	0.0	-5.0	2.0000000
9	12746.8301	19519.930	315.00000	0.0	0.0	0.0	2.0000000
71	12929.5986	19598.979	324.00000	0.0	0.0	-90.0	0.7000000
20	24745.0000	19243.000	23.15681	20.0	0.0	-700.0	0.8000000
102	24681.7480	19108.848	32.00000	0.0	0.0	45.0	0.8000000
6	24699.0000	19395.000	18.00000	0.0	0.0	80.0	2.0000000
6	24682.7305	19199.529	18.00000	0.0	0.0	90.0	2.0000000
76	24645.0703	19250.330	24.00000	0.0	0.0	-320.0	0.1500000
6	24681.1289	18988.170	18.00000	0.0	0.0	90.0	2.0000000
77	24720.5527	18672.980	24.00000	-15.0	0.0	290.0	0.4000000
6	24679.6289	18804.119	18.00000	0.0	0.0	90.0	2.0000000
77	24722.4570	18803.268	24.00000	-15.0	0.0	-25.0	0.2000000
76	24637.0195	18748.727	19.01000	0.0	0.0	-320.0	0.1500000
128	24655.6875	18980.580	24.00000	0.0	0.0	45.0	0.8000000
80	24759.1602	19037.770	34.75000	0.0	0.0	-45.0	0.3000000
6	24656.8496	18635.578	18.00000	0.0	0.0	70.0	2.0000000
76	24787.4688	18762.689	24.00000	0.0	0.0	115.0	0.1000000
77	24661.7480	18515.000	24.00000	-10.0	0.0	-100.0	0.5000000
77	24618.4258	18388.734	24.00000	-15.0	0.0	200.0	0.3000000
76	24621.2793	18621.049	11.65602	0.0	0.0	-230.0	0.2500000
120	24596.0000	18265.998	31.20831	7.0	0.0	-405.0	0.6000000
6	24594.8477	18443.080	18.00000	0.0	0.0	80.0	2.0000000
20	24618.0000	18076.000	24.00000	20.0	0.0	-675.0	0.9000000
75	24628.7773	18140.789	24.00000	0.0	0.0	45.0	1.0000000
76	24646.5703	17962.510	16.11328	0.0	0.0	70.0	0.1000000
124	24577.7793	19165.328	24.00000	-45.0	0.0	-405.0	0.6000000
76	24542.2676	19348.490	19.50000	0.0	0.0	-230.0	0.2500000
124	24551.6562	19239.150	24.00000	0.0	0.0	-405.0	0.7000000
128	24513.4297	19147.777	24.00000	0.0	0.0	0.0	0.7000000
120	24550.3301	18839.229	24.00000	0.0	0.0	-405.0	0.6000000
80	24463.7871	18874.750	24.00000	0.0	0.0	-45.0	0.3000000
115	23493.7500	19051.816	24.00000	0.0	0.0	45.0	0.9000000
123	23337.8594	19312.398	24.00000	0.0	0.0	-450.0	0.3000000
120	23383.5195	19225.561	24.00000	0.0	0.0	-135.0	0.6000000
6	23364.3379	19110.520	18.00000	0.0	0.0	-60.0	2.0000000
123	23448.3887	19144.930	24.00000	0.0	0.0	45.0	0.4000000
115	23444.4570	19246.949	24.00000	0.0	0.0	45.0	1.4000000
115	23560.0000	19159.000	24.00000	0.0	0.0	45.0	0.8000000
123	23256.0000	19256.000	3.00000	-15.0	0.0	90.0	0.7000000
123	23262.1484	19446.730	24.00000	0.0	0.0	45.0	0.5000000
122	23266.9688	19141.170	24.00000	0.0	0.0	45.0	2.0000000
6	23262.5098	19290.480	18.00000	0.0	0.0	-60.0	2.0000000
6	23172.0098	19455.510	18.00000	0.0	0.0	-60.0	2.0000000
123	23125.1387	19374.539	24.00000	0.0	0.0	-90.0	0.4000000
105	23329.0000	18670.000	36.00000	-25.0	0.0	90.0	2.3000000
6	23413.7305	18715.168	18.00000	0.0	0.0	-90.0	2.0000000
6	23417.9902	18912.039	18.00000	0.0	0.0	-90.0	2.0000000
120	23494.1504	18740.480	24.00000	0.0	0.0	-180.0	0.6000000
122	23452.8398	18940.998	24.00000	0.0	0.0	45.0	2.3000000
105	23379.1992	18803.889	24.00000	0.0	0.0	90.0	1.8000000
101	23468.9980	18710.000	24.00000	0.0	0.0	-20.0	0.6000000
105	23536.0000	18751.998	24.00000	20.0	0.0	90.0	1.3000000
101	23313.5566	18772.260	29.76005	0.0	0.0	-20.0	0.6000000
6	24572.8594	18223.979	18.00000	0.0	0.0	90.0	2.0000000
77	24588.8398	18474.189	24.00000	-15.0	0.0	155.0	0.2000000
80	24523.4473	18564.459	24.00000	0.0	0.0	45.0	0.4000000
75	24481.9102	18270.389	24.00000	0.0	0.0	45.0	0.8000000
80	24498.5586	18450.227	24.00000	0.0	0.0	-45.0	0.3000000
84	24567.0000	17817.000	24.00000	0.0	0.0	0.0	1.1000000
120	24394.8770	17817.080	24.00000	0.0	0.0	-360.0	0.6000000
71	24455.3672	18146.070	24.00000	0.0	0.0	0.0	0.7000000
6	24559.0000	18039.000	18.00000	0.0	0.0	80.0	2.0000000
6	24528.8887	17843.000	18.00000	0.0	0.0	85.0	2.0000000
104	24309.3086	18025.408	29.07000	0.0	0.0	0.0	0.3000000
80	24430.8008	17995.727	24.00000	0.0	0.0	0.0	0.3000000
80	24529.0000	18019.000	24.00000	0.0	0.0	-45.0	0.3000000
105	23462.9980	18612.998	24.00000	10.0	0.0	90.0	2.0999999
105	23323.0000	18530.000	37.00000	0.0	0.0	-45.0	1.6000000
77	23415.5938	18235.568	24.00000	-15.0	0.0	-70.0	0.4000000
77	23376.1660	18292.289	24.00000	-10.0	0.0	45.0	0.4000000
77	23400.1680	18407.285	20.00000	-15.0	0.0	-10.0	0.2500000
6	23404.7051	18310.752	18.00000	0.0	0.0	-90.0	2.0000000
6	23413.3789	18516.150	18.00000	0.0	0.0	-90.0	2.0000000
76	23417.6777	18515.865	17.02045	0.0	0.0	-140.0	0.1500000
76	23559.3359	18253.926	24.00000	0.0	0.0	-230.0	0.1000000
80	23516.8066	18430.129	24.00000	0.0	0.0	-180.0	0.4000000
101	23502.6406	18313.311	24.00000	0.0	0.0	25.0	0.7000000
77	23473.3066	18119.588	24.00000	-15.0	0.0	-115.0	0.3000000
77	23354.0176	18048.688	24.00000	-15.0	0.0	-115.0	0.4000000
77	23366.1660	18138.287	24.00000	-10.0	0.0	90.0	0.6000000
120	23315.1797	17827.389	24.00000	0.0	0.0	-225.0	0.6000000
6	23362.9570	18112.000	18.00000	0.0	0.0	-110.0	2.0000000
80	23446.3770	17971.676	24.00000	0.0	0.0	-225.0	0.4000000
131	23532.1289	17882.209	23.00000	0.0	0.0	-720.0	1.6000000
131	23602.7578	18018.537	24.00000	0.0	0.0	-630.0	2.0000000
77	23278.7207	17977.520	24.00000	-15.0	0.0	110.0	0.4000000
6	23167.1191	17778.799	18.00000	0.0	0.0	-135.0	2.0000000
6	23280.6465	17941.020	18.00000	0.0	0.0	-115.0	2.0000000
76	23199.1660	17882.285	24.00000	0.0	0.0	-95.0	0.1000000
20	24676.0000	17510.000	24.00000	10.0	0.0	-450.0	0.9000000
120	24616.2598	17586.949	34.64000	0.0	0.0	-360.0	0.6000000
71	24626.9980	17408.000	24.00000	0.0	0.0	0.0	0.8000000
128	24774.2090	17349.047	27.69404	12.0	0.0	45.0	0.8000000
6	24614.0000	17453.000	18.00000	0.0	0.0	115.0	2.0000000
76	24715.8789	17465.010	16.91597	0.0	0.0	115.0	0.1000000
80	24619.6875	16928.051	24.00000	0.0	0.0	-90.0	0.3047619
77	24787.9980	17200.000	24.00000	-20.0	0.0	280.0	0.4000000
77	24756.5664	17035.959	24.00000	-20.0	0.0	-45.0	0.2000000
77	24725.1895	17119.279	24.00000	-20.0	0.0	45.0	0.2000000
115	24695.2891	16998.629	24.00000	0.0	0.0	45.0	1.4000000
80	24607.2090	17077.730	24.00000	0.0	0.0	45.0	0.3000000
76	24767.9590	17317.420	24.00000	0.0	0.0	115.0	0.1000000
6	24805.6191	16952.500	18.00000	0.0	0.0	90.0	2.0000000
6	24773.8691	17107.080	18.00000	0.0	0.0	110.0	2.0000000
6	24698.0000	17276.000	18.00000	0.0	0.0	115.0	2.0000000
76	24879.8691	17042.398	24.00000	0.0	0.0	90.0	0.2000000
76	24820.4980	16956.699	24.00000	0.0	0.0	205.0	0.1000000
80	24688.4297	17270.078	24.00000	0.0	0.0	-180.0	0.4000000
76	24865.2383	17113.789	24.00000	0.0	0.0	205.0	0.1000000
104	24659.0000	16670.000	26.00000	0.0	0.0	-90.0	0.4000000
77	24839.0586	16850.000	24.00000	-20.0	0.0	270.0	0.5000000
77	24699.0000	16578.000	24.00000	-20.0	0.0	225.0	0.3500000
77	24741.6797	16755.068	24.00000	-20.0	0.0	-90.0	0.3000000
80	24631.4062	16782.857	24.00000	0.0	0.0	225.0	0.3809524
80	24748.9082	16890.920	24.00000	0.0	0.0	-15.0	0.3809524
6	24619.1094	16573.250	18.00000	0.0	0.0	50.0	2.0000000
6	24727.8691	16706.490	18.00000	0.0	0.0	50.0	2.0000000
6	24792.0000	16822.000	18.00000	0.0	0.0	70.0	2.0000000
76	24725.8203	16656.100	24.00000	0.0	0.0	115.0	0.1000000
76	24824.5566	16677.789	24.00000	0.0	0.0	45.0	0.2000000
76	24861.9590	16732.379	24.00000	0.0	0.0	160.0	0.1000000
76	24630.8066	16481.850	24.00000	0.0	0.0	45.0	0.1000000
80	24567.8301	17610.500	24.00000	0.0	0.0	-45.0	0.3000000
6	24552.0098	17628.420	18.00000	0.0	0.0	105.0	2.0000000
71	24448.8867	17616.508	24.00000	0.0	0.0	0.0	0.6000000
75	24510.0000	17484.000	24.00000	0.0	0.0	45.0	0.7000000
120	24220.0000	17223.000	24.00000	0.0	0.0	-200.0	0.5000000
120	24560.4590	17245.811	24.00000	0.0	0.0	-360.0	0.6000000
131	24266.8398	17192.369	24.00000	0.0	0.0	-680.0	1.6000000
131	24135.7988	17122.549	24.00000	0.0	0.0	-765.0	2.0000000
131	24165.4805	17340.230	24.00000	0.0	0.0	-880.0	1.9000000
71	22955.3887	17444.779	24.00000	-15.0	0.0	-135.0	1.1000000
71	23035.7109	17633.680	24.00000	-15.0	0.0	-135.0	0.9000000
101	23159.1699	17743.027	24.00000	0.0	0.0	25.0	0.7000000
120	22912.5898	17480.199	24.00000	0.0	0.0	-270.0	0.6000000
6	23006.7598	17658.439	18.00000	0.0	0.0	-145.0	2.0000000
80	23129.8164	17496.648	24.00000	0.0	0.0	-135.0	0.4000000
104	23241.2402	17662.141	25.38735	0.0	0.0	0.0	0.3000000
120	23353.0000	17073.000	44.00000	5.0	0.0	-230.0	0.5000000
120	23204.1602	16989.459	46.00000	0.0	0.0	-200.0	0.5000000
122	23251.0391	17086.789	44.00000	0.0	0.0	45.0	1.8000000
123	23259.8809	16976.090	48.15657	0.0	0.0	45.0	0.3000000
80	24550.4121	16730.869	24.00000	0.0	0.0	-90.0	0.2285714
80	24582.8574	16612.770	24.00000	0.0	0.0	0.0	0.3047619
120	24401.5898	16532.020	24.00000	0.0	0.0	-405.0	0.6000000
123	24582.3477	16424.840	24.00000	0.0	0.0	0.0	0.3000000
120	24208.5977	16208.330	24.00000	0.0	0.0	-405.0	0.6000000
104	24332.5781	16459.270	27.76339	0.0	0.0	0.0	0.2000000
6	24492.6094	16441.240	18.00000	0.0	0.0	45.0	2.0000000
6	24215.7090	16181.149	18.00000	0.0	0.0	50.0	2.0000000
6	24357.0000	16320.000	18.00000	0.0	0.0	40.0	2.0000000
123	24314.5684	16204.351	24.00000	0.0	0.0	90.0	0.5000000
123	24425.5996	16282.801	24.00000	0.0	0.0	-180.0	0.3500000
104	24254.5801	16348.920	28.11475	0.0	0.0	0.0	0.3000000
80	24474.0000	16314.149	33.21000	0.0	0.0	-180.0	0.2300000
80	24388.9473	16219.640	33.20000	0.0	0.0	-225.0	0.2300000
122	24243.0488	16446.910	24.00000	0.0	0.0	45.0	2.0000000
123	24153.4980	16254.390	24.00000	0.0	0.0	45.0	0.3000000
122	23195.7090	16894.859	44.00000	0.0	0.0	45.0	1.5000000
80	23363.1230	16225.266	24.00000	0.0	0.0	45.0	0.3000000
128	23222.8281	16424.781	20.33000	0.0	0.0	45.0	0.8000000
120	23262.9570	16128.769	24.00000	0.0	0.0	-360.0	0.6000000
0	23147.7266	16189.711	0.00000	0.0	0.0	0.0	1.0000000
120	23003.8613	16233.607	23.07331	0.0	0.0	-405.0	0.6000000
80	23037.9355	16400.369	24.00000	0.0	0.0	-90.0	0.4000000
124	22043.0000	19204.000	327.00000	45.0	0.0	-315.0	0.7000000
124	22153.0000	19154.000	333.00000	0.0	0.0	-405.0	0.8000000
92	22411.1387	19064.219	325.75998	0.0	0.0	-125.0	0.6000000
9	22316.0391	19082.359	315.00000	0.0	0.0	150.0	2.0000000
9	22167.6367	19157.719	315.00000	0.0	0.0	160.0	2.0000000
80	22469.5586	18946.787	334.92410	0.0	0.0	-135.0	0.3000000
92	22650.1699	18706.680	324.00000	0.0	0.0	-170.0	0.6000000
9	22547.0000	18847.000	315.00000	0.0	0.0	130.0	2.0000000
9	22609.5000	18733.617	315.00000	0.0	0.0	105.0	2.0000000
76	22565.5996	18970.449	324.00000	0.0	0.0	60.0	0.1500000
120	22078.0000	18814.000	324.00000	0.0	0.0	-150.0	0.6000000
101	22143.1875	18951.689	328.20709	0.0	0.0	25.0	1.0000000
75	22165.2305	18766.859	324.00000	0.0	0.0	90.0	0.8000000
124	22451.0195	18851.600	328.00000	0.0	0.0	-405.0	0.7000000
20	22050.9102	19038.221	324.00000	10.0	0.0	-540.0	1.1000000
9	22430.0098	18987.859	315.00000	0.0	0.0	130.0	2.0000000
70	22359.0586	18779.709	314.65656	0.0	0.0	0.0	0.8000000
80	22248.2500	18898.039	324.00000	0.0	0.0	-360.0	0.3000000
104	21853.0000	19062.000	349.00000	0.0	0.0	-90.0	0.3000000
77	21849.0000	19301.238	324.00000	25.0	0.0	-495.0	0.3500000
77	21931.6309	19150.062	343.99997	25.0	0.0	-360.0	0.3500000
77	21665.9980	19251.000	324.00000	25.0	0.0	-180.0	0.4500000
71	21709.0781	19092.637	369.51437	0.0	0.0	0.0	1.0000000
9	21995.5176	19209.670	315.00000	0.0	0.0	170.0	2.0000000
9	21823.1895	19221.117	315.00000	0.0	0.0	180.0	2.0000000
9	21643.1875	19224.529	315.00000	0.0	0.0	180.0	2.0000000
128	21798.1797	19227.277	324.00000	0.0	0.0	-180.0	1.0000000
84	21230.7305	19174.209	330.18967	0.0	0.0	135.0	1.6000000
77	21544.9609	19127.789	352.12408	25.0	0.0	45.0	0.3500000
77	21453.9297	19272.172	324.00000	25.0	0.0	-585.0	0.3500000
84	21320.4004	19120.039	324.00000	0.0	0.0	0.0	1.5000000
9	21471.7988	19202.580	315.00000	0.0	0.0	195.0	2.0000000
9	21312.8691	19139.520	315.00000	0.0	0.0	205.0	2.0000000
75	21992.1406	18929.947	324.00000	0.0	0.0	135.0	0.8000000
120	21634.0391	18891.646	324.00000	0.0	0.0	45.0	0.6000000
77	21730.0293	18953.619	201.17000	0.0	0.0	-360.0	0.3500000
80	21273.8496	18668.461	324.00000	0.0	0.0	-360.0	0.3000000
120	21186.5684	18649.770	334.06247	0.0	0.0	135.0	0.6000000
70	22512.7266	18553.949	333.02383	0.0	0.0	0.0	0.8000000
75	22725.0312	18552.891	330.29266	0.0	0.0	0.0	0.8000000
92	22587.8496	18321.930	328.54999	0.0	0.0	-215.0	0.6000000
11	22620.0000	18451.998	308.00000	0.0	0.0	80.0	2.0000000
9	22628.5801	18584.658	315.00000	0.0	0.0	90.0	2.0000000
9	22476.0898	18260.719	315.00000	0.0	0.0	35.0	2.0000000
9	22572.0000	18360.369	315.00000	0.0	0.0	55.0	2.0000000
80	22394.2695	18592.268	324.17990	0.0	0.0	-405.0	0.3000000
80	22050.9199	18199.488	324.00000	0.0	0.0	-225.0	0.3000000
71	22281.5801	18294.340	335.47784	-15.0	0.0	0.0	1.0000000
75	22355.9609	18454.580	328.91208	0.0	0.0	90.0	0.8000000
124	22450.0000	18250.000	324.00000	0.0	0.0	-405.0	0.8000000
120	22184.1270	18365.289	324.00000	0.0	0.0	-45.0	0.6000000
75	22166.3145	18207.484	358.42191	0.0	0.0	90.0	0.8000000
76	22470.9199	18146.070	324.00000	0.0	0.0	60.0	0.1500000
75	22046.2988	17781.658	330.41998	0.0	0.0	45.0	0.8000000
102	22101.0566	18100.689	330.74194	-20.0	0.0	45.0	0.8000000
102	22229.2305	18124.082	347.07996	25.0	0.0	45.0	1.0000000
75	22122.4551	18051.896	330.07266	0.0	0.0	45.0	0.8000000
75	22260.6406	17983.896	324.00000	0.0	0.0	0.0	0.8000000
75	22351.9980	18054.279	324.00000	0.0	0.0	225.0	0.8000000
20	22240.9980	18062.000	292.99997	10.0	0.0	-675.0	1.1000000
124	22359.6699	18156.971	326.56366	-45.0	0.0	-405.0	0.7000000
9	22357.0098	18180.709	315.00000	0.0	0.0	35.0	2.0000000
9	22077.7383	17970.109	315.00000	0.0	0.0	50.0	2.0000000
9	22228.8301	18097.840	315.00000	0.0	0.0	35.0	2.0000000
115	21235.0195	18558.859	324.71521	-15.0	0.0	-45.0	1.1000000
101	21776.9707	17802.250	342.99997	0.0	0.0	25.0	0.9000000
112	22025.0898	17910.557	336.73996	0.0	0.0	5.0	2.0000000
70	21961.5996	18050.498	328.95001	0.0	0.0	0.0	0.8000000
75	21658.4199	17923.920	339.84000	0.0	0.0	45.0	0.8000000
120	21611.8301	18023.721	329.36392	0.0	0.0	-90.0	0.6000000
9	21961.4082	17833.879	315.00000	0.0	0.0	50.0	2.0000000
80	21690.2383	17872.000	345.38385	-25.0	0.0	-405.0	0.3000000
75	21256.7441	18070.455	366.81934	0.0	0.0	45.0	0.8000000
75	21382.0000	18065.998	347.43372	0.0	0.0	0.0	0.6000000
75	21495.2598	17986.910	325.29236	0.0	0.0	0.0	0.8000000
71	21361.4785	17863.930	374.45398	0.0	0.0	0.0	0.8000000
104	21340.9902	17983.221	385.61569	0.0	0.0	0.0	0.2500000
86	21255.4102	17953.680	345.63428	0.0	0.0	0.0	1.2000000
70	21512.1484	17824.828	378.00031	0.0	0.0	0.0	0.8000000
80	21245.1465	18192.484	324.00000	0.0	0.0	-360.0	0.3000000
104	21247.0000	17839.000	359.00000	20.0	0.0	-90.0	0.2500000
84	21104.4492	19111.547	333.28732	0.0	0.0	0.0	1.6000001
76	20909.7891	19126.039	324.00000	0.0	0.0	15.0	0.2000000
9	21118.5371	19085.061	315.00000	0.0	0.0	190.0	2.0000000
76	21020.9297	19160.840	316.18198	0.0	0.0	15.0	0.1500000
84	20690.9492	19050.520	324.00000	0.0	0.0	-0.0	1.6000000
70	21172.9102	18887.250	356.25287	0.0	0.0	0.0	0.8000000
20	20945.6445	18767.242	324.00000	10.0	0.0	-675.0	1.1000000
104	21150.0000	18759.775	351.00000	15.0	0.0	90.0	0.3500000
75	21110.6895	18673.250	343.75388	0.0	0.0	45.0	0.6000000
77	21062.0000	18753.000	369.99997	20.0	0.0	90.0	0.2000000
77	20855.2500	18757.340	381.03204	20.0	0.0	-90.0	0.2000000
77	20951.9082	18848.770	382.41998	20.0	0.0	180.0	0.2000000
77	20851.0000	18855.000	376.00000	20.0	0.0	-135.0	0.3000000
77	21056.3574	18853.240	377.72995	20.0	0.0	-225.0	0.3000000
130	20889.2598	18819.688	380.00000	0.0	0.0	45.0	0.8000000
130	21028.2793	18810.244	378.13507	0.0	0.0	-45.0	0.8000000
75	20910.5078	18696.219	366.10580	0.0	0.0	225.0	0.8000000
75	21006.6309	18692.699	359.23114	0.0	0.0	135.0	0.8000000
101	20938.9590	18980.750	324.00000	0.0	0.0	25.0	1.0000000
9	20939.1699	19041.201	315.00000	0.0	0.0	197.0	2.0000000
9	20784.0000	18975.000	315.00000	0.0	0.0	210.0	2.0000000
70	20747.0000	18670.000	362.00000	15.0	0.0	-45.0	0.8000000
84	20450.7207	18880.770	324.00000	0.0	0.0	-45.0	1.6000000
101	20629.5195	18630.039	334.60556	0.0	0.0	25.0	1.0000000
84	20587.5488	18877.711	345.99997	0.0	0.0	-0.0	1.8000000
9	20391.8906	18691.779	315.00000	0.0	0.0	225.0	2.0000000
9	20512.1895	18793.219	315.00000	0.0	0.0	210.0	2.0000000
9	20666.8906	18896.750	315.00000	0.0	0.0	218.0	2.0000000
44	20208.3242	19228.590	0.00000	0.0	0.0	-30.0	2.7800000
60	20155.5371	19113.062	321.26416	0.0	0.0	0.0	1.0000000
0	20220.0000	19107.000	341.00000	0.0	0.0	0.0	0.7000000
57	19772.0234	19398.287	99.41051	0.0	0.0	45.0	5.0000000
57	19782.6094	19146.180	157.01938	0.0	0.0	45.0	2.0000000
37	19795.0000	19424.000	72.99999	0.0	0.0	-270.0	6.8400002
27	19550.0000	19053.824	169.61377	0.0	0.0	180.0	3.5000000
27	19550.0000	19210.549	129.77666	0.0	0.0	180.0	3.5000000
27	19549.6484	19367.609	91.15430	0.0	0.0	180.0	3.5000000
7	19807.0000	19114.432	197.99998	0.0	0.0	270.0	6.9099998
37	19795.0000	19217.000	126.00000	0.0	0.0	-270.0	6.8400002
7	19807.0000	19323.000	145.99998	0.0	0.0	-90.0	6.9099998
77	20301.4453	18634.420	288.34576	0.0	0.0	-360.0	0.5000000
57	19756.8887	18690.594	277.00000	0.0	0.0	45.0	5.0000000
57	19764.0488	18956.260	141.69598	0.0	0.0	45.0	3.0000000
37	19795.0000	19009.000	179.00000	0.0	0.0	90.0	6.8400002
27	19550.0000	18739.240	248.33141	0.0	0.0	180.0	3.5000000
27	19550.0000	18896.529	208.25615	0.0	0.0	180.0	3.5000000
7	19807.0000	18698.000	300.00000	0.0	0.0	-90.0	6.9099998
37	19795.0000	18801.000	231.00000	0.0	0.0	90.0	6.8400002
7	19807.0000	18906.000	253.00000	0.0	0.0	-450.0	6.9099998
111	20953.5195	18580.688	241.10365	45.0	0.0	-180.0	0.7000000
120	20939.9590	18552.840	336.00000	0.0	0.0	80.0	0.5000000
75	20378.9805	18585.391	324.00000	0.0	0.0	45.0	0.8000000
102	20512.9980	18607.000	328.00000	0.0	0.0	-45.0	0.9000000
80	20725.1777	18549.379	324.72595	0.0	0.0	-315.0	0.3000000
71	20659.0000	18457.000	313.00000	0.0	0.0	0.0	0.9000000
75	20593.5508	18551.309	325.53928	0.0	0.0	45.0	0.8000000
130	20466.1309	18564.260	326.00000	0.0	0.0	-45.0	1.0000000
80	20544.5488	18449.170	324.00000	0.0	0.0	-360.0	0.3000000
120	20679.5000	18469.240	324.00000	0.0	0.0	180.0	0.6000000
75	21167.5391	17920.613	352.57156	0.0	0.0	45.0	0.8000000
80	21175.0000	17794.000	324.00000	0.0	0.0	-360.0	0.3000000
70	21140.0977	18066.229	324.00000	0.0	0.0	45.0	0.8000000
120	21079.3145	17967.523	324.00003	0.0	0.0	-90.0	0.6000000
120	20437.5859	17777.338	328.76447	0.0	0.0	45.0	0.6000000
97	19937.1719	18429.350	457.55496	0.0	0.0	400.0	1.2500000
9	20109.3789	18498.189	315.00000	0.0	0.0	205.0	2.0000000
77	20063.7598	18472.988	324.00000	20.0	0.0	-135.0	0.4000000
77	20166.7891	18576.377	324.00000	0.0	0.0	-225.0	0.5000000
77	20278.1289	18535.760	256.48001	0.0	0.0	-225.0	0.4000000
75	20034.6289	18567.971	329.49997	0.0	0.0	225.0	0.8000000
77	20232.2500	18418.439	253.00000	0.0	0.0	-315.0	0.3500000
80	19962.4297	18444.730	324.00000	0.0	0.0	-405.0	0.3000000
9	19935.4492	18421.270	315.00000	0.0	0.0	-160.0	2.0000000
9	20252.0195	18580.898	315.00000	0.0	0.0	215.0	2.0000000
70	20136.8398	18399.828	362.81995	0.0	0.0	0.0	0.8000000
120	20093.5508	18259.270	337.93558	0.0	0.0	90.0	0.6000000
104	19953.2090	18328.219	325.32941	0.0	0.0	-90.0	0.2500000
34	19864.4492	18521.000	318.96335	0.0	0.0	170.0	1.8000000
37	19795.0000	18592.000	285.00000	0.0	0.0	90.0	6.8400002
7	19807.0000	18487.998	348.00000	0.0	0.0	-450.0	6.9099998
26	19550.0000	18474.000	324.00000	0.0	0.0	-450.0	4.2500000
35	19550.1855	18389.658	324.00000	0.0	0.0	-1440.0	3.5999999
27	19550.0000	18582.035	287.00000	0.0	0.0	180.0	3.5000000
9	19736.1719	18361.018	297.01044	0.0	0.0	180.0	2.0000000
9	19553.7695	18361.396	297.01044	0.0	0.0	180.0	2.0000000
75	20172.8711	17895.180	326.60339	0.0	0.0	45.0	0.7000000
46	19932.2148	17867.504	324.00000	0.0	0.0	0.0	0.5000000
75	19489.9375	17794.256	360.33527	0.0	0.0	0.0	0.7000000
6	22727.0605	17442.219	18.00000	0.0	0.0	-128.0	2.0000000
86	22756.5195	17454.010	24.00000	0.0	0.0	45.0	1.2000000
71	22754.9980	17346.000	24.00000	0.0	0.0	-225.0	0.7000000
6	22843.5781	17551.699	18.00000	0.0	0.0	-145.0	2.0000000
101	22759.3691	17539.141	20.78629	0.0	0.0	25.0	0.9000000
6	22630.6465	17296.830	18.00000	0.0	0.0	-120.0	2.0000000
6	22489.7891	16983.590	18.00000	0.0	0.0	-110.0	2.0000000
77	22479.9707	17015.449	24.00000	10.0	0.0	90.0	0.6000000
76	22514.9199	17214.729	11.14939	0.0	0.0	55.0	0.3000000
76	22579.0000	17340.000	0.51404	0.0	0.0	55.0	0.2000000
80	22650.0488	16987.510	24.00000	0.0	0.0	-225.0	0.4000000
6	22555.2285	17129.799	18.00000	0.0	0.0	-110.0	2.0000000
120	22617.6309	17058.199	24.00000	0.0	0.0	-225.0	0.6000000
77	22406.3516	16923.312	24.00000	0.0	0.0	225.0	0.8000000
105	21857.7188	17632.770	345.99997	10.0	0.0	-630.0	1.4999999
74	21724.0000	17374.000	377.00000	235.0	0.0	45.0	0.3000000
101	21752.5703	17529.609	332.08536	0.0	0.0	25.0	1.0000000
131	21654.6602	17366.961	327.96005	0.0	0.0	-225.0	2.0000000
131	21608.7832	17432.293	329.55359	0.0	0.0	-270.0	2.0000000
9	21797.0000	17509.000	315.00000	0.0	0.0	70.0	2.0000000
9	21750.2598	17365.098	315.00000	0.0	0.0	77.0	2.0000000
77	21769.0000	17690.000	372.00000	-20.0	0.0	-495.0	0.3000000
77	21842.1699	17741.988	353.00000	-15.0	0.0	-765.0	0.2000000
80	21957.4668	17723.189	330.02786	0.0	0.0	-405.0	0.3000000
77	21665.0000	17649.000	364.00000	-15.0	0.0	-585.0	0.3000000
75	21654.8164	17538.789	347.43646	0.0	0.0	45.0	0.8000000
104	21874.2988	17488.619	337.38031	0.0	0.0	0.0	0.4500000
9	21862.1094	17662.238	315.00000	0.0	0.0	65.0	2.0000000
77	21665.8594	17755.891	378.23236	15.0	0.0	-495.0	0.3500000
131	21681.8594	17480.590	337.81213	0.0	0.0	-360.0	2.0000000
76	21941.5273	17605.549	325.95001	0.0	0.0	60.0	0.1500000
75	21249.6895	17643.879	324.00000	0.0	0.0	90.0	0.8000000
120	21344.8457	17650.840	323.99994	0.0	0.0	-90.0	0.6000000
75	21520.1816	17702.535	333.60046	0.0	0.0	0.0	0.8000000
128	21471.4746	17605.961	324.00000	0.0	0.0	-180.0	1.0000000
122	21750.0000	17250.000	327.00000	-25.0	0.0	90.0	1.9000000
80	21674.2500	17259.850	325.10999	0.0	0.0	-405.0	0.3000000
123	21848.2871	17335.980	323.98999	0.0	0.0	-45.0	0.4000000
123	21795.8105	17154.689	324.00000	0.0	0.0	45.0	0.3000000
75	21832.1699	17238.641	329.97000	0.0	0.0	45.0	0.8000000
77	21650.8789	16946.199	324.00000	15.0	0.0	-270.0	0.3000000
77	21662.9980	17141.559	338.00000	15.0	0.0	-225.0	0.3500000
75	21636.4570	17044.279	342.39038	0.0	0.0	45.0	0.8000000
9	21674.9785	17078.379	315.00000	0.0	0.0	65.0	2.0000000
9	21715.9082	17206.609	315.00000	0.0	0.0	75.0	2.0000000
104	21754.2500	17039.498	331.90335	0.0	0.0	0.0	0.3500000
71	21533.2695	17289.070	315.58658	0.0	0.0	0.0	1.0000000
20	21453.9688	17050.789	324.00000	10.0	0.0	-675.0	1.1000000
101	21376.2109	16941.949	342.87726	0.0	0.0	25.0	1.0000000
77	21251.5703	17063.389	328.25998	15.0	0.0	-450.0	0.3500000
77	21430.7383	16985.049	212.99998	15.0	0.0	-720.0	0.3500000
75	21560.2891	16945.439	335.58698	0.0	0.0	45.0	0.8000000
80	21250.9863	16920.260	324.00000	0.0	0.0	-405.0	0.3000000
77	21363.8203	17261.189	331.18668	15.0	0.0	-495.0	0.3500000
77	21469.0000	17112.000	213.00002	15.0	0.0	-540.0	0.3500000
77	21533.1289	17018.990	208.85907	15.0	0.0	90.0	0.3500000
77	21367.6895	17081.658	212.99998	15.0	0.0	270.0	0.3500000
75	21553.9004	17148.447	346.13480	0.0	0.0	45.0	0.8000000
75	21354.9277	17144.930	333.90024	0.0	0.0	45.0	0.8000000
9	21599.1172	16977.510	315.00000	0.0	0.0	45.0	2.0000000
120	21475.7207	17058.750	373.72000	0.0	0.0	-90.0	0.6000000
80	22561.8398	16801.629	24.00000	0.0	0.0	315.0	0.5000000
80	22472.7090	16489.689	24.00000	0.0	0.0	405.0	0.5000000
130	22439.1191	16665.977	24.00000	0.0	0.0	0.0	1.2000000
6	22404.0000	16768.000	18.00000	0.0	0.0	-110.0	2.0000000
6	22448.1797	16888.539	18.00000	0.0	0.0	-110.0	2.0000000
77	22395.5723	16711.553	24.00000	0.0	0.0	90.0	1.0000000
77	22262.2031	16565.963	24.00000	-10.0	0.0	45.0	0.8000000
77	22083.2695	16532.301	24.00000	-10.0	0.0	45.0	0.6000000
120	22408.0488	16581.020	24.00000	0.0	0.0	-225.0	0.6000000
6	22093.0195	16500.529	18.00000	0.0	0.0	-150.0	2.0000000
6	22269.8594	16604.770	18.00000	0.0	0.0	-140.0	2.0000000
128	22858.0000	16162.000	24.00000	0.0	0.0	-90.0	0.9000000
80	22114.1191	16421.738	24.00000	0.0	0.0	450.0	0.5000000
115	22270.5996	16461.770	24.00000	0.0	0.0	0.0	1.1000000
77	21547.1895	16822.061	337.00000	25.0	0.0	-315.0	0.4000000
77	21331.2090	16844.500	324.00000	15.0	0.0	-360.0	0.3500000
101	21453.6582	16758.291	324.00000	0.0	0.0	25.0	0.9000000
84	21251.9980	16737.998	324.00000	0.0	0.0	0.0	1.3000000
9	21472.9492	16882.061	315.00000	0.0	0.0	35.0	2.0000000
9	21327.2285	16790.189	315.00000	0.0	0.0	35.0	2.0000000
76	21889.5098	16476.789	34.13559	0.0	0.0	30.0	0.3000000
6	21760.4297	16328.630	18.00000	0.0	0.0	-150.0	2.0000000
6	21919.7500	16406.430	18.00000	0.0	0.0	-150.0	2.0000000
120	21792.5879	16232.720	24.00000	0.0	0.0	-225.0	0.6000000
80	21922.8906	16333.420	24.00000	0.0	0.0	-225.0	0.4000000
84	21734.0000	16255.000	26.00000	0.0	0.0	0.0	0.7000000
84	21327.1797	16163.300	24.00000	0.0	0.0	0.0	1.5000000
84	21575.8086	16136.170	24.00000	0.0	0.0	0.0	1.0000000
84	21558.2266	16308.220	24.00000	0.0	0.0	0.0	1.0000000
6	21440.4395	16122.110	18.00000	0.0	0.0	-150.0	2.0000000
6	21605.0195	16225.760	18.00000	0.0	0.0	-140.0	2.0000000
75	20363.2773	17732.301	345.00375	0.0	0.0	45.0	0.8000000
48	20453.4609	17349.348	224.30132	0.0	0.0	135.0	1.8000000
104	20650.0000	17450.000	382.98221	0.0	0.0	0.0	0.3500000
75	20708.6875	17593.666	329.87503	0.0	0.0	45.0	0.7000000
80	20589.2793	17366.430	378.00000	0.0	0.0	-315.0	0.3000000
80	21172.9590	17137.029	324.00000	0.0	0.0	-495.0	0.4000000
70	21165.3281	16979.006	321.54422	0.0	0.0	0.0	0.8000000
76	21051.5586	16946.850	324.00000	0.0	0.0	-135.0	0.1500000
120	21049.8105	17136.059	324.00000	0.0	0.0	0.0	0.6000000
71	21035.9688	17139.580	324.00000	0.0	0.0	0.0	1.0000000
75	20431.7695	17257.703	355.27344	0.0	0.0	0.0	0.7000000
120	20461.3105	17154.311	333.94595	0.0	0.0	-270.0	0.6000000
0	19950.0000	17350.000	500.00000	0.0	0.0	0.0	1.0000000
0	19550.0000	17350.000	500.00000	0.0	0.0	0.0	1.0000000
131	20049.9902	17363.389	382.49997	-0.0	0.0	-45.0	2.0000000
131	19951.6074	17482.621	382.49997	-0.0	0.0	-360.0	2.0000000
69	20139.6230	17747.680	263.29895	0.0	0.0	-585.0	2.0000000
80	20296.9062	17358.805	379.45770	0.0	0.0	-270.0	0.4000000
132	19950.0000	17350.000	260.00000	0.0	0.0	0.0	1.1000000
101	20223.0000	17502.914	346.94089	0.0	0.0	25.0	1.0000000
20	20144.8555	17352.711	376.98032	10.0	0.0	90.0	1.1000000
70	20034.7832	17566.578	382.49997	0.0	0.0	0.0	0.8000000
80	20194.4004	17676.859	378.86719	0.0	0.0	-225.0	0.4000000
75	20057.0078	17424.797	382.49997	0.0	0.0	45.0	0.8000000
75	20057.8418	17711.174	381.99713	0.0	0.0	45.0	0.8000000
131	19719.9180	17415.430	382.49997	-0.0	0.0	-360.0	2.0000000
20	19645.0000	17433.000	321.00000	10.0	0.0	-225.0	1.1000000
71	19532.0391	17659.840	366.99997	10.0	0.0	-180.0	1.0000000
132	19550.0000	17350.000	260.00000	0.0	0.0	0.0	1.1000000
49	19649.1445	17359.305	389.61868	0.0	0.0	-45.0	0.5500000
75	19875.0488	17655.926	346.29526	0.0	0.0	90.0	0.7000000
49	19799.6719	17427.736	389.16769	0.0	0.0	0.0	0.6500000
80	19523.2871	17504.469	382.49997	0.0	0.0	-180.0	0.4000000
75	19888.8848	17445.547	382.49997	0.0	0.0	45.0	0.8000000
131	19906.6309	17124.539	761.79535	0.0	0.0	-405.0	2.0000000
0	19950.0000	16950.000	500.00000	0.0	0.0	0.0	1.0000000
0	19550.0000	16950.000	500.00000	0.0	0.0	0.0	1.0000000
131	19977.6250	17075.088	382.30957	-0.0	0.0	-90.0	2.0000000
131	20112.8301	17241.898	386.51486	-0.0	0.0	-450.0	2.0000000
132	19950.0000	16950.000	260.00000	0.0	0.0	0.0	1.1000000
49	19924.3965	17154.391	388.08408	0.0	0.0	-45.0	0.5000000
71	20062.9980	17137.998	366.99997	15.0	0.0	70.0	0.8000000
75	20203.7695	17213.510	350.60632	0.0	0.0	45.0	0.8000000
49	20018.8438	17269.523	389.94122	0.0	0.0	0.0	0.6500000
49	20039.2598	17037.051	366.43344	-25.0	0.0	-85.0	0.4000000
75	20045.7168	16918.305	346.29584	0.0	0.0	45.0	0.8000000
131	19854.5430	16937.807	382.24893	-0.0	0.0	-180.0	2.0000000
131	19657.5742	16940.969	382.49997	-0.0	0.0	-225.0	2.0000000
131	19574.7031	17268.543	382.49997	-0.0	0.0	-270.0	2.0000000
31	19607.7188	17096.508	382.49997	0.0	0.0	-90.0	2.5000000
132	19550.0000	16950.000	260.00000	0.0	0.0	0.0	1.1000000
49	19766.4648	16915.678	390.94376	0.0	0.0	0.0	0.6500000
31	19842.1699	17260.430	382.49997	0.0	0.0	45.0	2.5000000
31	19787.0508	17010.840	382.49997	0.0	0.0	-90.0	2.5000000
49	19867.8887	17279.709	388.79630	0.0	0.0	-45.0	0.5000000
44	19750.0000	17150.000	382.00000	0.0	0.0	45.0	3.3000000
49	19622.9688	17027.680	388.78799	0.0	0.0	-45.0	0.5500000
49	19540.4609	17197.545	389.58020	0.0	0.0	0.0	0.6500000
74	21143.5859	16849.752	472.64261	0.0	0.0	-380.0	0.2200000
29	20972.4023	16599.953	338.41306	0.0	0.0	25.0	0.5000000
76	21151.8105	16845.180	324.00000	0.0	0.0	0.0	0.2500000
80	21164.7891	16747.631	324.00000	0.0	0.0	-450.0	0.3000000
76	21180.4492	16608.848	297.39346	0.0	0.0	-135.0	0.1500000
75	21129.9590	16568.307	324.00000	0.0	0.0	45.0	0.9000000
80	20788.9199	16718.990	324.00000	0.0	0.0	-360.0	0.3000000
75	21035.9961	16862.469	324.00000	0.0	0.0	0.0	0.9000000
75	20758.3398	16636.820	324.00000	0.0	0.0	45.0	0.9000000
9	21000.8887	16616.131	315.00000	0.0	0.0	30.0	2.0000000
9	20838.6895	16510.770	315.00000	0.0	0.0	35.0	2.0000000
9	21176.9199	16705.096	315.00000	0.0	0.0	30.0	2.0000000
80	20899.7168	16795.160	324.00000	0.0	0.0	-495.0	0.3000000
76	20655.5586	16544.949	324.00000	0.0	0.0	-110.0	0.2500000
75	20740.7598	16800.020	324.00000	0.0	0.0	0.0	0.9000000
80	20465.0000	16580.000	324.00000	0.0	0.0	-360.0	0.4000000
101	20553.5938	16572.820	324.00000	0.0	0.0	25.0	1.0000000
120	20532.0273	16796.270	324.00000	0.0	0.0	-45.0	0.6000000
70	20627.5977	16704.219	324.00000	0.0	0.0	0.0	1.0000000
9	20569.6465	16253.819	315.00000	0.0	0.0	60.0	2.0000000
76	20585.6797	16133.540	307.77277	0.0	0.0	-110.0	0.2500000
86	20455.3789	16147.553	346.39984	0.0	0.0	0.0	1.2000000
84	20750.7207	16442.000	324.00000	0.0	0.0	0.0	1.5000000
80	20406.7793	16480.137	324.00000	0.0	0.0	-495.0	0.3000000
80	20524.2988	16481.420	327.10999	0.0	0.0	-450.0	0.3000000
101	20652.1699	16220.419	324.00000	0.0	0.0	25.0	1.0000000
75	20436.3105	16383.940	324.00000	0.0	0.0	0.0	0.9000000
102	20451.0000	16273.000	354.00000	0.0	15.0	0.0	0.8000000
75	20458.2910	16214.912	378.57965	0.0	0.0	0.0	0.9000000
9	20502.5293	16069.650	315.00000	0.0	0.0	80.0	2.0000000
9	20688.5898	16387.629	315.00000	0.0	0.0	45.0	2.0000000
75	20355.9336	16139.941	353.36267	0.0	0.0	0.0	0.9000000
71	20584.5098	16368.930	312.66071	-15.0	0.0	-90.0	1.0000000
120	20104.8301	16811.289	324.19382	0.0	0.0	-225.0	0.6000000
20	19650.0000	16776.000	343.99997	10.0	0.0	0.0	1.3000000
70	19839.9102	16759.238	344.51996	25.0	0.0	45.0	0.7000000
71	19645.7949	16631.559	364.22754	0.0	0.0	0.0	1.0000000
75	19772.8203	16546.590	336.00000	0.0	0.0	90.0	0.7000000
75	19513.4004	16556.650	338.23291	0.0	0.0	90.0	0.7000000
49	19648.0000	16858.133	389.42877	0.0	0.0	-45.0	0.4500000
75	19740.8594	16798.637	382.49997	0.0	0.0	45.0	0.8000000
75	19559.0645	16821.070	382.49997	0.0	0.0	45.0	0.8000000
71	20233.5156	16304.631	313.99451	0.0	0.0	0.0	1.2000000
75	20276.3535	16439.750	324.00000	0.0	0.0	45.0	0.9000000
120	20070.0996	16218.970	324.00000	0.0	0.0	0.0	0.6000000
80	20203.2188	16110.829	324.00000	0.0	0.0	-450.0	0.4000000
20	19657.0000	16367.000	261.00000	10.0	0.0	-45.0	1.0000000
80	19642.9590	16463.676	372.56000	0.0	0.0	-180.0	0.4000000
120	19781.6504	16219.021	324.00000	0.0	0.0	-225.0	0.6000000
104	19650.0000	16250.000	350.00000	20.0	0.0	0.0	0.3000000
75	19532.7383	16294.087	332.77832	0.0	0.0	90.0	0.7000000
46	19558.6738	16114.347	324.86078	0.0	0.0	0.0	0.5000000
77	24182.0488	15986.710	24.00000	0.0	0.0	405.0	0.3000000
77	24069.3184	15844.138	24.00000	0.0	0.0	270.0	0.5000000
77	24084.7891	15659.101	24.00000	0.0	0.0	90.0	0.3500000
6	24112.0000	16017.000	18.00000	0.0	0.0	65.0	2.0000000
6	24000.4980	15636.459	18.00000	0.0	0.0	100.0	2.0000000
6	24034.1406	15845.969	18.00000	0.0	0.0	70.0	2.0000000
80	23930.8066	15788.199	24.00000	0.0	0.0	315.0	0.5000000
80	24013.7500	15981.798	24.00000	0.0	0.0	-180.0	0.4000000
105	24159.5293	15257.219	32.20235	0.0	0.0	90.0	2.0999999
105	24149.0000	15372.000	38.00000	0.0	0.0	180.0	1.4000000
120	23898.4102	15595.798	24.00000	0.0	0.0	-360.0	0.6000000
6	24090.9980	15292.999	18.00000	0.0	0.0	95.0	2.0000000
6	24051.8594	15459.340	18.00000	0.0	0.0	110.0	2.0000000
76	24107.9590	15546.829	19.18000	0.0	0.0	110.0	0.2000000
105	24033.6211	15449.001	24.00000	0.0	0.0	0.0	1.8000000
122	24044.4570	15333.589	24.00000	0.0	0.0	45.0	3.0000000
101	24000.4199	15549.948	29.10413	0.0	0.0	25.0	0.6000000
131	23899.4180	15419.949	24.00000	0.0	0.0	-810.0	2.0000000
80	23328.7207	15725.079	24.00000	0.0	0.0	-180.0	0.4000000
128	23256.6367	15899.490	24.00000	0.0	0.0	-45.0	0.8000000
0	23033.1445	15995.383	0.00000	0.0	0.0	0.0	1.0000000
0	23044.5000	15830.936	0.00000	0.0	0.0	0.0	1.0000000
0	23100.0000	15700.000	0.00000	0.0	0.0	0.0	1.0000000
0	22967.2188	15771.018	0.00000	0.0	0.0	0.0	1.0000000
120	23210.0801	15563.938	21.95000	0.0	0.0	-45.0	0.6000000
120	22937.9609	15613.113	0.00000	0.0	0.0	-450.0	0.6000000
128	23058.1895	15441.400	21.65012	0.0	0.0	-360.0	1.0000000
76	24185.7988	15140.399	24.00000	0.0	0.0	-90.0	0.1000000
105	24147.0000	15049.001	31.00000	0.0	0.0	90.0	1.8000000
77	23946.1172	14802.460	7.95344	0.0	0.0	405.0	0.3000000
76	23830.2598	14845.369	24.00000	0.0	0.0	110.0	0.2000000
6	24038.3691	15010.170	18.00000	0.0	0.0	50.0	2.0000000
6	23914.7598	14887.779	18.00000	0.0	0.0	40.0	2.0000000
6	23761.3809	14782.829	18.00000	0.0	0.0	30.0	2.0000000
6	24092.6191	15142.619	18.00000	0.0	0.0	80.0	2.0000000
80	23918.5098	14917.830	20.76125	0.0	0.0	-45.0	0.3000000
80	24050.9688	14969.319	28.52000	-10.0	0.0	90.0	0.3000000
105	24047.9883	15047.228	24.00000	0.0	0.0	-90.0	1.3000000
122	23951.0000	15041.000	24.00000	0.0	0.0	45.0	1.8000001
131	23838.9805	14971.120	24.00000	0.0	0.0	-855.0	1.8000000
77	23808.5703	14743.539	24.00000	0.0	0.0	225.0	0.3500000
31	23355.9668	14802.439	20.73488	0.0	0.0	-180.0	2.5000000
120	23733.2070	14917.920	24.00000	0.0	0.0	-405.0	0.6000000
31	23147.5195	14799.559	26.15063	180.0	0.0	-360.0	2.5000000
18	23485.0000	14384.196	24.00000	0.0	0.0	90.0	1.3000000
77	23652.7500	14639.540	24.00000	0.0	0.0	45.0	0.5000000
80	23711.8203	14776.378	24.00000	0.0	0.0	270.0	0.4000000
80	23587.2109	14737.999	24.00000	0.0	0.0	315.0	0.3000000
57	23473.3496	14397.721	24.00000	0.0	0.0	45.0	3.0000000
57	23485.2578	14503.245	24.00000	0.0	0.0	45.0	5.0000000
6	23599.8086	14721.092	18.00000	0.0	0.0	10.0	2.0000000
6	23424.7871	14707.362	0.92786	0.0	0.0	0.0	2.0000000
33	23486.0000	14628.941	24.00000	0.0	0.0	90.0	2.5000000
18	23485.0000	14500.678	24.00000	0.0	0.0	90.0	1.3000000
18	23015.0000	14383.602	24.00000	0.0	0.0	90.0	1.3000000
35	23249.7910	14725.360	25.62291	0.0	0.0	-900.0	3.5999999
32	23250.0000	14381.065	26.00000	0.0	0.0	270.0	10.0000000
26	23250.0000	14640.836	25.90398	0.0	0.0	90.0	4.2500000
6	22904.9609	14716.000	18.00000	0.0	0.0	-5.0	2.0000000
6	23269.3320	14710.411	0.92786	0.0	0.0	0.0	2.0000000
33	23014.3945	14628.586	24.00000	0.0	0.0	90.0	2.5000000
18	23015.0000	14500.269	24.00000	0.0	0.0	90.0	1.3000000
75	24603.9590	12702.408	24.00000	0.0	0.0	45.0	1.0000000
9	23796.0000	13507.001	18.00000	0.0	0.0	145.0	2.0000000
57	23487.1680	14309.850	24.00000	0.0	0.0	45.0	1.5000000
57	23493.7500	13979.326	24.00000	0.0	0.0	45.0	1.5000000
18	23485.0000	14111.776	24.00000	0.0	0.0	90.0	1.3000000
18	23015.0000	14111.760	24.00000	0.0	0.0	90.0	1.3000000
57	23465.9980	13797.000	24.00000	0.0	0.0	45.0	5.0000000
31	23351.9980	13514.999	22.00000	180.0	0.0	-180.0	2.5000000
18	23485.0000	13839.992	24.00000	0.0	0.0	90.0	1.3000000
77	23687.9785	13638.840	23.63937	0.0	0.0	540.0	0.4000000
80	23597.3496	13511.859	24.00000	0.0	0.0	360.0	0.4000000
120	23728.4082	13514.220	21.85226	0.0	0.0	-495.0	0.6000000
57	23478.9004	13898.495	24.00000	0.0	0.0	45.0	3.0000000
9	23702.1992	13554.197	18.00000	0.0	0.0	165.0	2.0000000
9	23598.0996	13575.271	18.00000	0.0	0.0	180.0	2.0000000
9	23419.4492	13583.000	3.36324	0.0	0.0	-180.0	2.0000000
33	23486.0000	13687.000	24.00000	0.0	0.0	90.0	2.5000000
75	23562.1680	13610.660	20.75233	0.0	0.0	0.0	1.0000000
31	23142.0195	13512.340	17.00000	0.0	0.0	0.0	2.5000000
18	23015.0000	13839.603	24.00000	0.0	0.0	90.0	1.3000000
32	23250.0000	13928.065	26.00000	0.0	0.0	270.0	10.0000000
35	23249.8418	13590.411	24.00000	0.0	0.0	-720.0	3.5999999
26	23250.0000	13675.065	26.00000	0.0	0.0	270.0	4.2500000
80	22890.9492	13514.521	17.28916	0.0	0.0	360.0	0.4000000
9	23044.6992	13585.569	3.36324	0.0	0.0	-180.0	2.0000000
9	23241.9609	13583.110	3.36324	0.0	0.0	-180.0	2.0000000
33	23015.2715	13687.267	24.00000	0.0	0.0	90.0	2.5000000
84	24233.6172	13156.419	24.00000	0.0	0.0	0.0	1.5000000
120	24266.5781	13099.718	23.98737	0.0	0.0	-495.0	0.6000000
9	24191.8203	13216.319	18.00000	0.0	0.0	140.0	2.0000000
9	24289.2090	13104.630	18.00000	0.0	0.0	125.0	2.0000000
77	24150.9375	13333.650	24.00000	0.0	0.0	540.0	0.5000000
80	24147.8691	13200.900	22.43610	0.0	0.0	405.0	0.4000000
9	24052.8691	13327.339	18.00000	0.0	0.0	145.0	2.0000000
9	23913.7695	13421.649	18.00000	0.0	0.0	145.0	2.0000000
80	23990.5195	13365.120	24.00000	0.0	0.0	270.0	0.4000000
77	24448.1602	12964.510	24.00000	0.0	0.0	585.0	0.4000000
80	24349.4492	12996.489	23.84200	0.0	0.0	315.0	0.4000000
9	24458.0605	12799.000	18.00000	0.0	0.0	115.0	2.0000000
9	24382.1465	12953.779	18.00000	0.0	0.0	120.0	2.0000000
46	23888.7598	13038.649	10.15947	0.0	0.0	180.0	0.8000000
90	23968.9199	12884.639	18.00000	0.0	0.0	-140.0	2.0000000
90	23873.4688	12703.489	18.00000	0.0	0.0	31.0	1.1000000
129	23772.0000	12743.999	10.00000	0.0	0.0	-55.0	2.0000000
59	23836.0000	12693.999	9.00000	0.0	0.0	45.0	0.7000000
59	23797.0000	12743.999	9.00000	0.0	0.0	45.0	0.7000000
90	23679.8164	13150.670	18.00000	0.0	0.0	-120.0	2.0000000
90	23299.4805	13292.489	18.00000	0.0	0.0	-95.0	2.0000000
49	22970.4590	13083.960	16.22762	0.0	0.0	45.0	0.7100000
49	22972.8398	13286.900	14.09178	0.0	0.0	-45.0	0.6100000
49	23123.2695	13176.540	14.24485	0.0	0.0	0.0	0.7100000
90	23523.4785	13051.039	18.00000	0.0	0.0	65.0	1.1000000
129	23618.0000	12907.001	8.33393	0.0	0.0	-40.0	2.0000000
129	23431.0000	13014.000	10.00000	0.0	0.0	-25.0	2.0000000
59	23561.0000	12983.000	9.00000	0.0	0.0	45.0	0.7000000
59	23503.0000	13012.999	9.00000	0.0	0.0	45.0	0.7000000
59	23446.0000	13039.999	9.00000	0.0	0.0	45.0	0.7000000
51	22982.5000	12811.870	14.20778	-10.0	0.0	45.0	0.6000000
129	23012.0000	13052.000	10.00000	0.0	0.0	10.0	2.0000000
129	23203.0000	13067.000	10.00000	0.0	0.0	0.0	2.0000000
49	23150.0000	12850.000	10.00000	0.0	0.0	0.0	0.7100000
49	23250.0000	12750.000	10.00000	0.0	0.0	0.0	0.7100000
49	23151.0000	12650.000	10.00000	0.0	0.0	0.0	0.7100000
49	23050.0000	12950.000	18.22081	0.0	0.0	0.0	0.7100000
0	22863.5840	15883.057	0.00000	0.0	0.0	0.0	1.0000000
120	22737.4590	16001.500	24.00000	0.0	0.0	-450.0	0.6000000
120	22637.9785	15728.250	22.00000	0.0	0.0	-315.0	0.5000000
80	22546.0000	15883.000	24.00000	0.0	0.0	-135.0	0.3000000
126	22198.5801	15756.050	57.73785	0.0	0.0	405.0	3.0000000
115	22265.0078	15985.199	32.00000	-15.0	0.0	-45.0	1.1000000
120	22257.0898	15892.394	30.00000	0.0	0.0	-405.0	0.6000000
131	22349.0801	15754.270	43.87075	0.0	0.0	-630.0	2.0000000
80	22750.0000	15606.000	19.02792	0.0	0.0	0.0	0.4000000
104	22104.7188	15227.179	24.92000	0.0	0.0	0.0	0.2000000
120	22028.1777	15699.688	47.69434	0.0	0.0	-405.0	0.6000000
6	21298.0898	16018.280	18.00000	0.0	0.0	-140.0	2.0000000
71	21558.0000	15928.000	17.76419	-15.0	0.0	-135.0	0.7000000
104	21217.9590	15725.319	24.00000	0.0	0.0	0.0	0.3000000
120	21531.8672	16025.740	24.00000	0.0	0.0	-225.0	0.6000000
124	21352.9297	15945.619	24.00000	0.0	0.0	-405.0	0.7000000
104	21259.0078	15915.140	24.00000	0.0	0.0	0.0	0.2000000
131	21351.6777	15940.158	114.28000	0.0	0.0	-720.0	2.0000000
80	21683.6797	15338.718	24.00000	0.0	0.0	450.0	0.5000000
76	21924.5703	15228.500	1.89598	0.0	0.0	40.0	0.2000000
77	21656.0000	15217.000	24.00000	0.0	0.0	170.0	0.4000000
80	21993.0195	15281.638	24.00000	0.0	0.0	-135.0	0.4000000
6	21930.4688	15209.649	18.00000	0.0	0.0	-15.0	2.0000000
6	21744.9102	15266.069	18.00000	0.0	0.0	-15.0	2.0000000
76	21957.0195	15376.280	12.04376	0.0	0.0	-140.0	0.1000000
104	21698.7891	15443.840	25.36951	0.0	0.0	0.0	0.2000000
80	21856.8594	15407.326	24.00000	0.0	0.0	-225.0	0.4000000
104	21819.0195	15288.100	27.19000	0.0	0.0	0.0	0.3000000
112	21224.3594	15373.220	24.00000	0.0	0.0	310.0	2.0000000
95	21360.9590	15561.200	24.00000	0.0	0.0	135.0	0.8000000
76	21515.8164	15244.290	24.00000	0.0	0.0	130.0	0.2000000
6	21551.9492	15309.090	18.00000	0.0	0.0	-10.0	2.0000000
6	21381.1699	15353.839	18.00000	0.0	0.0	-20.0	2.0000000
6	21237.2168	15425.990	18.00000	0.0	0.0	-35.0	2.0000000
76	21435.0996	15259.288	30.89695	0.0	0.0	40.0	0.1000000
120	21405.0195	15397.220	24.00000	0.0	0.0	-130.0	0.6000000
0	21358.0801	15544.589	24.00000	0.0	0.0	0.0	1.0000000
122	22851.0977	14848.600	24.00000	0.0	0.0	45.0	1.8000000
105	22479.8301	14893.579	24.00000	10.0	0.0	225.0	1.8000000
120	22535.3789	14922.170	24.00000	0.0	0.0	-270.0	0.5000000
120	22840.6191	14814.490	24.00000	0.0	0.0	-135.0	0.6000000
6	22591.8594	14841.719	18.00000	0.0	0.0	-32.0	2.0000000
104	22608.4297	14878.489	24.82374	0.0	0.0	0.0	0.2000000
101	22438.1602	14984.950	24.00000	0.0	0.0	25.0	0.4000000
76	22067.0293	15153.329	10.55479	0.0	0.0	-50.0	0.1500000
120	22264.8398	15153.769	24.00000	0.0	0.0	-135.0	0.6000000
6	22444.6465	14940.050	18.00000	0.0	0.0	-35.0	2.0000000
6	22110.3906	15140.529	18.00000	0.0	0.0	-20.0	2.0000000
6	22286.1562	15053.360	18.00000	0.0	0.0	-35.0	2.0000000
80	22167.2891	15141.719	24.00000	0.0	0.0	-135.0	0.3000000
105	22297.5684	14956.220	37.62000	0.0	0.0	90.0	2.0999999
105	22158.8398	15038.159	37.79981	10.0	0.0	135.0	1.8000000
101	22381.9395	14889.269	24.00000	0.0	0.0	25.0	0.6000000
101	22270.3496	15056.439	24.00000	0.0	0.0	25.0	0.6000000
77	22879.6797	14666.479	24.00000	0.0	0.0	180.0	0.5000000
77	22728.5801	14713.249	24.00000	0.0	0.0	225.0	0.3500000
77	22602.9297	14737.779	24.00000	0.0	0.0	315.0	0.3000000
77	22538.0898	14775.640	24.00000	-20.0	0.0	405.0	0.2300000
6	22749.6484	14758.800	18.00000	0.0	0.0	-25.0	2.0000000
9	22098.0000	14506.920	315.00000	0.0	0.0	135.0	2.0000000
77	22036.6289	14617.259	306.84998	0.0	0.0	0.0	0.4000000
80	22062.0898	14454.010	324.00000	0.0	0.0	-405.0	0.3000000
77	22145.2793	14564.800	324.00000	0.0	0.0	-45.0	0.3000000
75	22221.1289	14528.971	332.00000	0.0	0.0	55.0	0.8000000
9	22178.8672	14392.141	315.00000	0.0	0.0	110.0	2.0000000
77	21803.0000	15200.998	25.00000	-15.0	0.0	180.0	0.5000000
77	21990.0000	15128.999	24.00000	-25.0	0.0	170.0	0.4000000
122	21250.0000	14850.000	324.00000	0.0	0.0	45.0	2.0999999
101	21747.0000	14753.999	330.90482	0.0	0.0	25.0	1.0000000
122	21651.9980	14652.000	324.00000	0.0	0.0	90.0	2.0999999
76	21647.9668	14764.646	324.00000	0.0	0.0	0.0	0.1500000
9	21710.0801	14674.876	315.00000	0.0	0.0	170.0	2.0000000
70	21904.7188	14457.891	310.84000	0.0	0.0	0.0	1.0000000
77	22014.4980	14591.390	184.49998	-15.0	0.0	135.0	0.3000000
77	22026.9297	14523.489	228.70999	-15.0	0.0	-45.0	0.3000000
77	21901.7188	14670.540	277.00000	0.0	0.0	0.0	0.5000000
9	21981.2676	14587.140	315.00000	0.0	0.0	155.0	2.0000000
9	21846.0000	14642.220	315.00000	0.0	0.0	165.0	2.0000000
80	21867.1699	14563.060	324.00000	0.0	0.0	-450.0	0.3000000
70	21746.9395	14565.310	324.00000	0.0	0.0	45.0	0.8000000
80	21241.9102	14744.740	324.00000	0.0	0.0	-315.0	0.3000000
86	21550.0000	14750.000	324.00000	0.0	0.0	45.0	1.2000000
122	21450.0000	14750.000	324.00000	0.0	0.0	45.0	2.0999999
123	21550.0000	14650.000	324.00000	0.0	0.0	135.0	0.2000000
122	21543.7793	14556.410	324.00000	0.0	0.0	45.0	1.6000000
123	21350.0000	14750.000	324.00000	0.0	0.0	180.0	0.2500000
123	21250.0000	14650.000	324.00000	0.0	0.0	135.0	0.4000000
123	21450.0000	14550.000	324.00000	0.0	0.0	135.0	0.3000000
120	21554.1406	14528.060	324.00000	0.0	0.0	-450.0	0.6000000
9	21553.9688	14693.658	315.00000	0.0	0.0	175.0	2.0000000
9	21370.0000	14728.000	315.00000	0.0	0.0	165.0	2.0000000
9	21217.5996	14776.340	315.00000	0.0	0.0	160.0	2.0000000
115	21350.0000	14650.000	324.00000	-15.0	0.0	-45.0	1.4000000
120	21450.4570	14634.779	324.00000	0.0	0.0	-225.0	0.6000000
97	20663.4141	15733.312	555.00000	0.0	0.0	180.0	1.2500000
77	20992.2090	15718.680	21.87407	-10.0	0.0	90.0	0.5000000
77	21043.8086	15870.350	24.00000	-10.0	0.0	60.0	0.4000000
84	21129.9980	16012.090	24.00000	0.0	0.0	0.0	1.0000000
80	21125.5410	15838.899	24.00000	0.0	0.0	-225.0	0.4000000
86	21148.5664	15656.740	24.00000	0.0	0.0	45.0	1.2000000
120	21120.7207	15728.640	24.00000	0.0	0.0	-225.0	0.6000000
6	21067.0508	15667.740	18.00000	0.0	0.0	-80.0	2.0000000
6	21074.9473	15796.159	18.00000	0.0	0.0	-110.0	2.0000000
6	21148.7969	15902.789	18.00000	0.0	0.0	-140.0	2.0000000
77	20555.2637	16036.049	324.00000	15.0	0.0	-135.0	0.4000000
77	20494.0000	15983.000	327.00000	25.0	0.0	-120.0	0.3000000
77	20480.8906	15673.448	333.00000	25.0	0.0	-90.0	0.4000000
77	20474.1504	15877.840	324.00000	25.0	0.0	-110.0	0.4000000
101	20346.0000	15867.920	374.07101	0.0	0.0	25.0	1.0000000
77	20485.5781	15786.670	329.63699	0.0	0.0	-90.0	0.7000000
77	20516.6406	15931.149	324.00000	0.0	0.0	-90.0	0.5000000
9	20469.4434	15716.677	315.00000	0.0	0.0	90.0	2.0000000
9	20476.6387	15894.830	315.00000	0.0	0.0	85.0	2.0000000
103	21157.0000	15546.001	24.00000	0.0	0.0	-270.0	0.6500000
77	21032.9102	15592.510	51.00000	-10.0	0.0	105.0	0.3000000
6	21122.5684	15537.320	18.00000	0.0	0.0	-55.0	2.0000000
76	21033.4082	15489.659	24.00000	0.0	0.0	85.0	0.1000000
101	21079.6191	15549.050	24.00000	0.0	0.0	25.0	0.6000000
131	21126.2695	15451.579	72.29545	0.0	0.0	-600.0	1.8000000
70	20342.1484	15546.100	351.00299	0.0	0.0	0.0	0.8000000
104	20347.8301	15351.889	332.16821	10.0	0.0	0.0	0.4000000
77	20521.7246	15606.000	350.00000	0.0	0.0	-90.0	0.5000000
77	20552.1992	15474.229	321.32272	15.0	0.0	-45.0	0.4000000
77	20522.4492	15530.333	348.07379	25.0	0.0	-90.0	0.3000000
76	20623.0898	15333.631	324.00000	0.0	0.0	-65.0	0.2500000
75	20475.5195	15342.099	324.00000	0.0	0.0	90.0	0.9000000
9	20531.0000	15350.000	315.00000	0.0	0.0	108.0	2.0000000
9	20484.2109	15522.670	315.00000	0.0	0.0	100.0	2.0000000
101	20445.1328	15440.642	343.38623	0.0	0.0	25.0	1.0000000
75	20328.9258	15441.936	344.35495	0.0	0.0	90.0	0.9000000
70	20325.0000	15970.000	355.41605	15.0	0.0	-135.0	0.8000000
71	20262.2949	15749.451	347.17194	15.0	0.0	-90.0	1.0000000
120	20085.0469	15788.899	324.00000	0.0	0.0	0.0	0.6000000
75	20314.7480	15663.837	355.10608	0.0	0.0	0.0	0.9000000
75	20218.7402	15905.661	346.15799	0.0	0.0	0.0	0.9000000
80	20303.3105	15215.280	324.00000	0.0	0.0	-450.0	0.3000000
75	20234.9082	15553.679	336.44354	0.0	0.0	90.0	0.9000000
80	20160.4688	15607.677	327.23645	0.0	0.0	-450.0	0.3000000
120	20189.3262	15426.204	324.00000	0.0	0.0	0.0	0.6000000
77	21155.5801	14885.750	324.00000	0.0	0.0	-135.0	0.4000000
69	20840.6797	15045.199	255.33998	0.0	0.0	-585.0	2.0000000
77	21032.0000	14923.000	324.00000	0.0	0.0	45.0	0.3000000
77	21042.0371	14818.390	324.00000	0.0	0.0	45.0	0.3000000
77	20953.2402	14953.260	324.00000	0.0	0.0	45.0	0.2000000
80	20949.7695	14825.399	324.00000	0.0	0.0	-360.0	0.4000000
120	20787.0703	14849.690	324.00000	0.0	0.0	15.0	0.6000000
101	20807.9766	15129.869	324.00000	0.0	0.0	25.0	1.0000000
101	20924.0996	15039.999	324.00000	0.0	0.0	25.0	1.0000000
75	20877.8008	14864.470	324.00000	0.0	0.0	0.0	0.8000000
9	21061.9805	14851.840	315.00000	0.0	0.0	155.0	2.0000000
9	20904.4805	14940.390	315.00000	0.0	0.0	150.0	2.0000000
9	20755.0098	15042.920	315.00000	0.0	0.0	140.0	2.0000000
80	20881.5605	14954.270	324.00000	0.0	0.0	-360.0	0.3000000
48	20555.2793	15149.590	256.67999	0.0	0.0	135.0	1.8000000
120	20459.0000	15095.230	324.00000	0.0	0.0	40.0	0.6000000
71	20685.8984	15192.610	318.48145	0.0	0.0	-148.0	1.0000000
127	20672.3809	14954.910	324.00000	0.0	0.0	0.0	1.3000000
70	20737.4473	15050.850	327.88000	0.0	0.0	0.0	0.8000000
75	20591.4297	14961.879	324.00000	0.0	0.0	0.0	0.9000000
9	20625.3496	15175.360	315.00000	0.0	0.0	130.0	2.0000000
71	20444.4238	15207.907	324.00003	0.0	0.0	0.0	1.0000000
77	21150.0000	14738.144	324.00000	0.0	0.0	45.0	0.2500000
70	21140.9082	14654.979	324.00000	0.0	0.0	0.0	0.7000000
80	21063.7871	14758.729	324.00000	0.0	0.0	-270.0	0.3000000
127	21010.0000	14572.000	376.71765	90.0	0.0	180.0	1.3000000
102	20998.0000	14650.000	324.00000	0.0	0.0	0.0	0.9000000
101	21056.8125	14492.747	324.00000	0.0	0.0	25.0	0.9000000
80	20627.3203	14379.539	323.76114	0.0	0.0	-135.0	0.3000000
75	20544.6816	14396.384	324.65112	0.0	0.0	-45.0	0.9000000
127	20571.8496	14518.210	324.00000	0.0	0.0	180.0	1.3000000
120	20390.6387	14513.048	324.00000	0.0	0.0	90.0	0.6000000
75	20406.7207	14401.825	353.38324	0.0	0.0	0.0	0.9000000
20	19538.7656	14851.848	324.00000	10.0	0.0	-270.0	1.1000000
75	19657.8965	14894.561	318.87506	0.0	0.0	90.0	1.1000000
120	19616.2070	15009.489	324.00000	0.0	0.0	90.0	0.6000000
104	19754.0000	14999.001	324.96097	0.0	0.0	0.0	0.3500000
75	19532.8516	14953.862	337.14911	0.0	0.0	135.0	0.8000000
71	20236.0000	14408.000	346.23413	15.0	0.0	-135.0	1.0000000
105	19553.3398	14387.909	330.00000	0.0	0.0	135.0	1.1000000
75	19535.0000	14482.001	329.00000	0.0	0.0	135.0	0.8000000
80	19547.0586	14757.658	332.53583	0.0	0.0	90.0	0.3000000
112	22122.0430	14025.008	324.00000	0.0	0.0	30.0	2.0000000
124	22050.0000	14150.000	324.00000	0.0	0.0	-405.0	0.7000000
101	22129.5996	14192.008	324.00000	0.0	0.0	25.0	0.9000000
75	22272.7773	14182.270	324.00000	0.0	0.0	10.0	0.8000000
92	22237.3398	14296.359	331.59076	0.0	0.0	-180.0	0.6000000
9	22093.7402	14058.390	315.00000	0.0	0.0	40.0	2.0000000
9	22170.7090	14168.739	315.00000	0.0	0.0	65.0	2.0000000
9	22198.0000	14278.000	315.00000	0.0	0.0	87.0	2.0000000
77	22863.8984	13622.760	22.76582	0.0	0.0	450.0	0.4000000
84	22591.5898	13618.379	24.00000	0.0	0.0	0.0	1.5000000
120	22688.5977	13539.529	24.00000	0.0	0.0	-450.0	0.6000000
9	22555.9609	13536.600	18.00000	0.0	0.0	-160.0	2.0000000
9	22869.9883	13586.409	18.00000	0.0	0.0	-180.0	2.0000000
9	22704.9980	13570.909	18.00000	0.0	0.0	-170.0	2.0000000
71	21995.7246	14336.070	318.07999	0.0	0.0	0.0	0.7000000
80	22010.7188	14027.439	324.00000	0.0	0.0	-405.0	0.3000000
80	21743.2188	13944.520	324.00000	0.0	0.0	-495.0	0.4000000
71	21880.7500	14011.479	313.13657	0.0	0.0	0.0	1.0000000
9	21957.0391	13956.430	315.00000	0.0	0.0	35.0	2.0000000
120	21912.0078	14209.426	323.99994	0.0	0.0	-360.0	0.6000000
80	21756.4062	14038.710	324.00000	0.0	0.0	-405.0	0.3000000
46	21654.9062	14073.320	324.00000	0.0	0.0	-90.0	0.5000000
49	21590.0000	13936.830	332.79999	0.0	0.0	-45.0	0.5500000
120	21440.0000	13970.000	324.00000	0.0	0.0	120.0	0.6000000
9	21829.2891	13902.370	315.00000	0.0	0.0	5.0	2.0000000
75	22015.8867	13863.510	334.20999	0.0	0.0	45.0	0.8000000
77	21662.4102	13793.910	324.00000	0.0	0.0	-135.0	0.3000000
77	21767.9199	13835.620	275.19998	0.0	0.0	-135.0	0.3000000
77	21857.3184	13858.320	215.39705	0.0	0.0	-135.0	0.3000000
77	21695.4902	13838.851	324.00000	-15.0	0.0	45.0	0.2000000
75	21895.3887	13890.180	324.00000	0.0	0.0	0.0	0.8000000
9	21629.7402	13869.240	315.00000	0.0	0.0	25.0	2.0000000
77	21801.0508	13839.020	246.60391	-15.0	0.0	45.0	0.2000000
77	21951.0508	13850.770	263.44000	-15.0	0.0	135.0	0.2000000
49	21199.2500	13607.680	355.00000	-15.0	0.0	45.0	0.5500000
71	21315.1406	13702.949	315.00409	10.0	0.0	-148.0	1.0000000
75	21284.1211	13545.350	349.00000	0.0	0.0	45.0	0.8000000
122	21350.0000	13550.000	344.99997	0.0	0.0	90.0	3.0000000
77	21527.7695	13711.670	329.00000	0.0	0.0	-135.0	0.4000000
77	21578.4277	13770.990	324.00000	-15.0	0.0	45.0	0.3000000
70	21432.4805	13884.920	321.23346	0.0	0.0	0.0	0.8000000
101	21449.2988	13754.590	324.00000	0.0	0.0	25.0	0.9000000
75	21321.6797	13832.930	321.79364	0.0	0.0	45.0	0.9000000
9	21372.8691	13565.730	315.00000	0.0	0.0	72.0	2.0000000
9	21457.0000	13733.000	315.00000	0.0	0.0	55.0	2.0000000
80	21444.4297	13606.890	331.96402	0.0	0.0	-450.0	0.3000000
90	22884.0586	13261.879	18.00000	0.0	0.0	-75.0	2.0000000
46	22655.4785	13241.659	9.62489	0.0	0.0	180.0	0.8000000
75	22266.0605	13457.040	23.72942	0.0	0.0	0.0	1.0000000
75	22072.9180	13307.628	24.00000	0.0	0.0	0.0	1.0000000
77	22384.0000	13486.699	23.60097	0.0	0.0	450.0	0.5000000
80	22448.0703	13373.190	17.57252	0.0	0.0	-0.0	0.4000000
9	22058.9180	13173.880	18.00000	0.0	0.0	-130.0	2.0000000
9	22172.7891	13286.130	18.00000	0.0	0.0	-130.0	2.0000000
9	22268.0391	13368.840	18.00000	0.0	0.0	-140.0	2.0000000
9	22395.4766	13454.647	18.00000	0.0	0.0	-150.0	2.0000000
80	22265.2109	13243.590	24.00000	0.0	0.0	315.0	0.4000000
90	22537.1992	13050.350	18.00000	0.0	0.0	-50.0	2.0000000
90	22715.9980	13000.999	18.00000	0.0	0.0	-55.0	1.1000000
59	22481.0000	12703.000	9.00000	0.0	0.0	45.0	0.7000000
129	22499.0000	12696.999	10.00000	0.0	0.0	55.0	2.0000000
129	22648.0000	12869.000	10.00000	0.0	0.0	45.0	2.0000000
129	22822.0000	13003.000	10.00000	0.0	0.0	30.0	2.0000000
59	22796.0000	13009.000	9.00000	0.0	0.0	45.0	0.7000000
59	22740.9980	12972.000	9.00000	0.0	0.0	45.0	0.7000000
59	22690.9980	12935.001	9.00000	0.0	0.0	45.0	0.7000000
59	22517.0000	12761.000	9.00000	0.0	0.0	45.0	0.7000000
46	22207.0195	12750.670	9.00000	0.0	0.0	225.0	0.8000000
59	22440.0000	12656.000	9.00000	0.0	0.0	45.0	0.7000000
90	22264.0488	12778.370	18.00000	0.0	0.0	-30.0	2.0000000
90	22437.0000	12743.000	18.00000	0.0	0.0	-35.0	1.1000000
0	21250.0000	13450.000	468.69949	0.0	0.0	0.0	1.0000000
84	21906.7969	13146.788	24.00000	0.0	0.0	0.0	1.5000000
49	21191.3496	13299.970	331.76184	0.0	0.0	0.0	0.6500000
131	21182.6738	13306.318	333.88000	0.0	0.0	-880.0	1.9000000
127	21448.3574	13494.307	324.00000	0.0	0.0	-450.0	2.0000000
104	21354.9980	13464.000	342.99997	15.0	0.0	90.0	0.3500000
75	21322.3184	13376.480	343.31671	0.0	0.0	45.0	0.9000000
84	21347.8203	13169.680	337.34015	0.0	0.0	135.0	1.1000000
132	21250.0000	13450.000	226.27135	0.0	0.0	0.0	1.1000000
9	21326.9980	13403.999	315.00000	0.0	0.0	75.0	2.0000000
9	21241.7168	13133.299	315.00000	0.0	0.0	50.0	2.0000000
9	21293.4531	13260.430	315.00000	0.0	0.0	80.0	2.0000000
77	21749.4492	12799.869	22.51261	0.0	0.0	450.0	0.5000000
80	21770.0371	12675.000	18.52382	0.0	0.0	135.0	0.4000000
120	22017.2285	13068.089	21.05164	0.0	0.0	-405.0	0.6000000
9	21843.4297	12917.109	18.00000	0.0	0.0	-120.0	2.0000000
9	21940.6484	13050.600	18.00000	0.0	0.0	-130.0	2.0000000
9	21763.0410	12764.260	18.00000	0.0	0.0	-110.0	2.0000000
80	21859.0586	12895.890	21.21902	0.0	0.0	-0.0	0.4000000
75	21771.0898	12959.841	24.00000	0.0	0.0	0.0	1.0000000
84	21256.9570	13051.219	336.37994	0.0	0.0	45.0	1.3000000
84	21208.6602	13071.409	325.35001	0.0	0.0	180.0	1.3000000
60	21182.9629	12688.698	41.20733	0.0	0.0	0.0	1.0000000
131	20346.0273	14272.040	481.00000	0.0	0.0	-720.0	2.0000000
131	20423.0996	13954.698	481.00000	0.0	0.0	-630.0	2.0000000
131	20464.6504	13968.801	483.95471	0.0	0.0	-720.0	2.0000000
131	20360.6895	14229.061	481.00000	0.0	0.0	-495.0	2.0000000
131	20375.2891	14256.649	481.00000	0.0	0.0	-405.0	2.0000000
71	20979.0000	14162.000	329.00000	-20.0	0.0	-45.0	1.0000000
80	20858.0000	13942.000	343.66940	25.0	0.0	-405.0	0.3000000
75	20819.8555	14173.671	330.19391	0.0	0.0	0.0	0.9000000
75	21067.5879	14074.989	329.20956	0.0	0.0	45.0	0.9000000
69	20855.4688	14053.253	243.45064	0.0	0.0	-360.0	2.0000000
70	21006.0000	13978.000	341.99997	15.0	0.0	45.0	0.8000000
120	20854.5703	14209.259	324.00000	0.0	0.0	-270.0	0.6000000
80	21109.5605	14132.460	324.00000	0.0	0.0	-135.0	0.2000000
80	21119.0098	14063.359	324.00000	0.0	0.0	-225.0	0.2000000
75	20763.5645	13933.505	348.75598	0.0	0.0	45.0	0.9000000
131	20337.9980	13961.000	361.00000	-15.0	0.0	90.0	2.0000000
71	20408.0000	14103.999	362.07623	0.0	0.0	-130.0	0.8000000
131	20506.8262	13958.000	391.72586	-45.0	0.0	-90.0	2.0000000
71	20670.8184	14047.519	350.78751	0.0	0.0	0.0	1.0000000
75	20464.4980	14204.440	348.54425	0.0	0.0	45.0	0.9000000
48	20552.3789	14246.788	265.46646	0.0	0.0	135.0	1.4000000
132	20350.0000	14250.000	195.00000	0.0	0.0	0.0	1.5000000
132	20450.0000	13950.000	195.00000	0.0	0.0	0.0	1.5000000
20	20542.3887	14048.348	372.62665	10.0	0.0	-225.0	1.1000000
75	20634.4688	14167.702	343.20639	0.0	0.0	0.0	0.9000000
75	20695.0000	14241.000	330.00000	0.0	0.0	0.0	0.7000000
131	20458.3301	13926.829	482.54361	0.0	0.0	-585.0	2.0000000
131	20337.7188	13658.160	482.70789	0.0	0.0	-675.0	2.0000000
131	20346.0898	13628.619	479.99997	0.0	0.0	-585.0	2.0000000
131	20355.0000	13669.000	480.00003	0.0	0.0	-360.0	2.0000000
131	20368.1699	13652.789	479.99997	0.0	0.0	-765.0	2.0000000
131	20365.1406	13635.980	480.66000	0.0	0.0	-855.0	2.0000000
131	20467.0000	13891.938	468.27203	-45.0	0.0	-180.0	2.0000000
75	21166.5195	13508.897	371.53760	0.0	0.0	45.0	0.9000000
120	21064.1992	13646.270	328.95273	0.0	0.0	-405.0	0.6000000
132	21095.0137	13526.397	184.89998	45.0	0.0	0.0	1.1000000
120	20819.3594	13816.640	324.00000	0.0	0.0	-270.0	0.6000000
75	20969.6289	13875.105	323.99994	0.0	0.0	0.0	0.9000000
71	20516.2070	13593.730	339.76010	-20.0	0.0	-130.0	1.0000000
75	20413.6602	13572.149	379.83633	0.0	0.0	45.0	0.9000000
131	20419.0000	13717.999	382.97339	-0.0	0.0	-45.0	2.0000000
80	20670.0000	13882.001	334.27151	15.0	0.0	0.0	0.3000000
75	20636.6445	13664.583	329.02814	0.0	0.0	45.0	0.9000000
69	20362.2168	13847.390	289.62000	-25.0	0.0	-270.0	1.1000000
132	20350.0000	13650.000	195.00000	0.0	0.0	0.0	1.5000000
48	20538.7773	13737.123	276.00000	15.0	0.0	450.0	1.3000000
75	20448.2188	13801.436	378.03110	0.0	0.0	45.0	0.9000000
75	20574.9746	13900.732	348.96420	0.0	0.0	0.0	0.9000000
131	20327.2891	14241.569	481.00000	0.0	0.0	-585.0	2.0000000
80	20110.7715	14314.850	326.58490	0.0	0.0	0.0	0.3000000
75	20321.1621	14027.379	360.08710	0.0	0.0	-45.0	0.9000000
48	20276.1621	14050.999	245.00000	12.0	0.0	270.0	1.6000000
120	20192.1875	14160.674	325.89075	0.0	0.0	45.0	0.6000000
75	20208.8398	14291.502	336.61075	0.0	0.0	45.0	0.9000000
75	19615.0000	14092.999	330.16766	0.0	0.0	135.0	0.9000000
120	19653.5898	14252.110	330.00000	0.0	0.0	180.0	0.6000000
105	19546.0000	14250.000	334.00000	0.0	0.0	135.0	1.4000000
80	19571.4883	13963.029	328.57999	0.0	0.0	-450.0	0.4000000
9	19500.3867	14154.370	315.00000	0.0	0.0	-85.0	2.0000000
9	19510.0801	13968.759	315.00000	0.0	0.0	-90.0	2.0000000
105	19535.7383	14072.138	329.47794	0.0	0.0	90.0	1.1000000
131	20323.0000	13645.000	481.00000	0.0	0.0	-630.0	2.0000000
71	20247.0000	13689.999	356.89932	20.0	0.0	-95.0	0.7000000
75	20231.5723	13819.910	331.03586	0.0	0.0	-90.0	0.9000000
48	20160.6211	13562.720	264.34998	15.0	0.0	-45.0	1.6000000
120	20114.2754	13575.047	332.18726	0.0	0.0	-225.0	0.6000000
80	20221.2715	13922.854	331.50510	0.0	0.0	-225.0	0.2000000
75	20247.5625	13568.104	368.26852	0.0	0.0	-90.0	0.9000000
77	19534.6777	13828.119	324.00000	-15.0	0.0	-395.0	0.3000000
80	19600.8984	13514.679	341.00000	0.0	0.0	-675.0	0.3000000
75	19690.7188	13595.729	325.80939	0.0	0.0	90.0	1.1000000
75	19686.6113	13834.600	341.16681	0.0	0.0	135.0	1.0000000
9	19516.6191	13774.359	315.00000	0.0	0.0	-90.0	2.0000000
80	19591.8496	13687.790	336.70996	0.0	0.0	-585.0	0.4000000
120	19782.8887	13702.119	324.76996	0.0	0.0	180.0	0.6000000
0	20850.0000	13150.000	561.99091	0.0	0.0	0.0	1.0000000
0	21050.0000	13250.000	511.55438	0.0	0.0	0.0	1.0000000
75	21124.1875	13222.819	324.00000	0.0	0.0	45.0	0.9000000
71	20989.7285	13500.479	340.14462	0.0	0.0	-45.0	1.0000000
80	21013.0410	13135.840	324.53760	0.0	0.0	-495.0	0.4000000
75	20908.9746	13235.422	324.66595	0.0	0.0	0.0	0.9000000
132	20850.0000	13150.000	325.00000	0.0	0.0	0.0	1.1000000
132	21050.0000	13250.000	276.68201	0.0	0.0	0.0	1.1000000
49	20924.2695	13360.089	333.92001	0.0	0.0	-45.0	0.5500000
120	21092.0000	13451.323	338.48523	0.0	0.0	-450.0	0.3000000
71	20336.2480	13491.960	374.94403	0.0	0.0	-130.0	0.7000000
48	20435.0000	13448.000	295.37534	15.0	0.0	-315.0	1.3000000
120	20505.5098	13387.830	327.10999	0.0	0.0	-225.0	0.6000000
80	20771.2891	13015.939	323.98999	0.0	0.0	-540.0	0.4000000
84	21101.5195	12945.259	324.76996	0.0	0.0	0.0	1.5000000
84	21009.1797	12954.039	324.38000	0.0	0.0	135.0	1.3000000
84	20866.8711	12865.270	336.78000	0.0	0.0	0.0	1.5000000
9	20865.5703	12873.230	315.00000	0.0	0.0	40.0	2.0000000
9	21031.3203	12969.249	315.00000	0.0	0.0	20.0	2.0000000
9	21147.2207	13038.089	315.00000	0.0	0.0	40.0	2.0000000
84	20741.5977	12879.579	340.24411	0.0	0.0	135.0	1.5000000
77	20547.2812	12691.076	318.08710	45.0	0.0	190.0	0.4000000
120	20692.8809	12978.778	324.21158	0.0	0.0	-405.0	0.6000000
9	20749.0195	12721.970	315.00000	0.0	0.0	70.0	2.0000000
75	20425.4297	12715.166	326.03040	0.0	0.0	90.0	0.9000000
75	20265.3770	13183.319	328.03708	0.0	0.0	-135.0	0.9000000
80	20224.8496	13099.438	324.00000	0.0	0.0	90.0	0.3000000
75	20199.9336	13358.192	379.35034	0.0	0.0	-45.0	0.9000000
70	20306.8184	13299.989	333.86078	15.0	0.0	0.0	0.8000000
69	20154.3359	13267.999	293.99997	-25.0	0.0	-180.0	1.4000000
20	20258.7852	13452.051	359.82529	10.0	0.0	-45.0	1.1000000
120	20091.8203	13148.370	329.45999	0.0	0.0	-225.0	0.6000000
80	20073.0000	13320.000	342.99997	0.0	0.0	-405.0	0.3000000
75	20299.5430	13394.347	380.67291	0.0	0.0	-135.0	0.9000000
120	19564.4199	13346.140	328.00000	0.0	0.0	-45.0	0.6000000
75	19561.0000	13405.808	329.00000	0.0	0.0	90.0	1.0000000
37	19298.0000	19426.998	72.99999	0.0	0.0	-270.0	6.8400002
7	19295.0000	19115.000	197.99998	0.0	0.0	450.0	6.9099998
37	19298.0000	19219.000	126.00000	0.0	0.0	-270.0	6.8400002
7	19295.0000	19324.000	145.99998	0.0	0.0	90.0	6.9099998
44	18740.0000	19156.000	0.00000	0.0	0.0	60.0	2.7800000
60	18876.0566	19121.910	289.18997	0.0	0.0	0.0	1.0000000
0	18869.0000	19173.000	341.00000	0.0	0.0	0.0	0.7000000
37	19298.0000	19010.000	179.00000	0.0	0.0	90.0	6.8400002
7	19295.0000	18697.000	300.00000	0.0	0.0	90.0	6.9099998
37	19298.0000	18801.000	231.00000	0.0	0.0	90.0	6.8400002
7	19295.0000	18906.000	253.00000	0.0	0.0	-630.0	6.9099998
77	17862.3711	19172.170	228.37000	-20.0	0.0	-310.0	0.5000000
77	17997.3809	19133.189	343.98999	-20.0	0.0	-760.0	0.4000000
77	17905.6094	19201.920	334.00000	-20.0	0.0	-715.0	0.3000000
76	17926.0000	19089.000	331.69333	0.0	0.0	-580.0	0.2700000
124	17826.0430	19072.736	345.70105	-45.0	0.0	270.0	0.5000000
9	17871.1387	19140.146	315.00000	0.0	0.0	140.0	2.0000000
84	18307.2578	18661.980	353.17120	0.0	0.0	-45.0	1.5000000
84	18290.0391	18759.029	333.53394	0.0	0.0	-225.0	1.5000000
76	18450.1992	18641.400	322.35071	0.0	0.0	-45.0	0.1700000
101	18561.5469	18660.090	332.92307	0.0	0.0	25.0	0.9000000
9	18420.4004	18632.379	315.00000	0.0	0.0	150.0	2.0000000
9	18257.3281	18747.799	315.00000	0.0	0.0	145.0	2.0000000
75	18008.6211	18717.250	368.55344	0.0	0.0	-100.0	0.7000000
48	17862.9590	18743.773	384.00000	0.0	0.0	0.0	1.3000000
112	17956.0098	18777.570	296.24466	0.0	0.0	55.0	1.8000000
102	17841.5000	18849.410	369.38275	0.0	0.0	30.0	1.0000000
84	18161.0176	18704.418	341.00000	0.0	0.0	-125.0	1.2000000
128	17835.5703	18631.510	355.00000	20.0	0.0	0.0	0.8000000
77	18100.9297	18922.439	324.00000	0.0	0.0	-355.0	0.6000000
77	18077.5000	19033.590	263.48477	0.0	0.0	-715.0	0.3000000
77	17989.1797	19002.139	244.66328	0.0	0.0	-445.0	0.5000000
102	17954.0000	18732.000	362.00000	0.0	0.0	75.0	0.8000000
124	18050.0000	18873.070	353.00000	0.0	0.0	315.0	0.6000000
124	17849.3301	18979.648	367.99997	-45.0	0.0	315.0	0.7000000
101	17918.9004	18944.539	367.45999	0.0	0.0	25.0	0.7000000
75	17818.8691	18698.270	377.64996	0.0	0.0	0.0	0.7000000
9	18110.8398	18884.760	315.00000	0.0	0.0	135.0	2.0000000
9	17978.4766	19036.318	315.00000	0.0	0.0	130.0	2.0000000
48	19179.5586	18349.529	263.00000	10.0	0.0	135.0	1.8000000
77	19082.8086	18285.621	330.00000	-20.0	0.0	-175.0	0.4000000
77	19052.9297	18368.510	332.27371	-20.0	0.0	-400.0	0.4000000
75	19285.7793	18373.379	324.00000	0.0	0.0	45.0	0.9000000
34	19219.5098	18494.820	324.00000	0.0	0.0	170.0	1.8000000
37	19298.0000	18592.000	285.00000	0.0	0.0	90.0	6.8400002
7	19295.0000	18487.998	348.00000	0.0	0.0	-630.0	6.9099998
9	19158.0000	18395.000	315.00000	0.0	0.0	170.0	2.0000000
9	19358.9180	18364.957	297.01044	0.0	0.0	180.0	2.0000000
69	18960.9688	18263.180	268.23999	20.0	0.0	-765.0	2.0000000
77	19009.0996	18344.590	324.00000	-20.0	0.0	-310.0	0.6000000
77	18874.2891	18428.721	324.00000	-20.0	0.0	-265.0	0.4000000
104	18703.3301	18436.221	350.40674	0.0	0.0	0.0	0.4500000
75	18772.6992	18314.039	326.01999	0.0	0.0	0.0	0.9000000
120	18840.9590	18214.279	333.11130	0.0	0.0	-315.0	0.6000000
75	18868.9902	18559.609	332.96619	0.0	0.0	0.0	0.9000000
120	18659.2598	18252.668	324.00000	0.0	0.0	-225.0	0.6000000
76	18667.8809	18537.180	296.25134	0.0	0.0	-730.0	0.2700000
9	18977.0195	18431.830	315.00000	0.0	0.0	170.0	2.0000000
9	18796.4102	18474.299	315.00000	0.0	0.0	163.0	2.0000000
75	19056.2305	18141.779	324.00000	0.0	0.0	45.0	0.9000000
80	18945.6797	18095.078	326.87341	0.0	0.0	-360.0	0.4000000
86	18550.0000	18550.000	346.00000	0.0	0.0	0.0	1.3000000
101	18593.4102	18364.658	337.57840	0.0	0.0	25.0	0.7000000
120	18302.5098	18344.670	327.72089	0.0	0.0	-270.0	0.6000000
75	18261.1895	18458.770	339.24026	0.0	0.0	90.0	0.9000000
9	18608.7305	18545.410	315.00000	0.0	0.0	160.0	2.0000000
76	18559.0703	18458.381	324.00000	0.0	0.0	-685.0	0.1700000
71	18416.8281	18441.961	325.19522	0.0	0.0	0.0	1.0000000
128	18032.1875	18610.330	339.00000	20.0	0.0	45.0	0.7000000
75	17943.0723	18608.400	331.95511	0.0	0.0	45.0	0.8000000
80	17986.0000	18506.000	322.00000	0.0	0.0	-405.0	0.3000000
70	17794.2207	17856.529	333.51401	-10.0	0.0	-45.0	0.9000000
120	17881.6504	17962.447	330.13333	0.0	0.0	90.0	0.6000000
115	17892.8184	17958.680	326.00000	0.0	0.0	45.0	1.4000000
74	17454.0000	19394.000	429.00000	0.0	0.0	-380.0	0.2200000
74	17688.1191	19274.820	434.44000	0.0	0.0	-425.0	0.2200000
74	17127.3203	19393.619	429.00000	0.0	0.0	-335.0	0.2200000
101	17726.6504	19329.109	326.08441	0.0	0.0	25.0	0.9000000
101	17348.1680	19402.340	333.28973	0.0	0.0	25.0	0.9000000
105	17570.8594	19353.141	335.64999	10.0	0.0	-540.0	1.9000000
124	17450.0000	19350.000	324.00000	0.0	0.0	315.0	0.8000000
124	17650.0000	19250.000	329.00000	0.0	0.0	315.0	0.8000000
70	17679.1992	19077.859	328.81000	0.0	0.0	0.0	0.8000000
77	17353.9824	19058.668	349.67908	-20.0	0.0	200.0	0.3000000
77	17440.5234	19159.549	348.46115	-20.0	0.0	290.0	0.3000000
130	17449.0430	19076.029	331.51358	0.0	0.0	0.0	1.1000000
9	17755.8789	19197.029	315.00000	0.0	0.0	165.0	2.0000000
9	17430.2441	19285.744	315.00000	0.0	0.0	170.0	2.0000000
9	17610.0000	19245.514	315.00000	0.0	0.0	168.0	2.0000000
80	17547.1289	19158.688	322.44693	-10.0	0.0	-225.0	0.4000000
103	16950.0000	19150.000	329.00000	0.0	0.0	-272.0	0.6800000
77	17009.0703	19242.113	324.00000	-20.0	0.0	-310.0	0.6000000
104	16949.3203	19049.730	328.48956	0.0	0.0	0.0	0.2500000
124	17150.0000	19353.879	324.00000	0.0	0.0	315.0	0.8000000
75	17113.4805	19273.799	324.00000	0.0	0.0	45.0	0.9000000
75	17095.0000	19112.000	325.00000	0.0	0.0	-45.0	0.8000000
105	17248.6191	19406.600	336.75760	10.0	0.0	-450.0	2.0000000
77	17251.1777	19146.299	358.53113	-20.0	0.0	110.0	0.3000000
77	17337.1719	19239.418	357.29114	-20.0	0.0	20.0	0.3000000
95	17337.9727	19168.746	362.25830	0.0	0.0	180.0	1.0000000
9	17262.5996	19305.189	315.00000	0.0	0.0	180.0	2.0000000
9	16921.8203	19242.439	315.00000	0.0	0.0	195.0	2.0000000
9	17095.0000	19280.625	315.00000	0.0	0.0	195.0	2.0000000
75	17696.0000	18859.000	324.00000	0.0	0.0	90.0	0.9000000
128	17745.0000	18764.000	350.00000	25.0	0.0	240.0	0.7000000
104	17750.0000	18640.998	351.00000	20.0	0.0	-740.0	0.2500000
120	17698.5488	18698.127	329.46762	0.0	0.0	-180.0	0.6000000
120	17392.6797	18974.959	324.00000	0.0	0.0	-90.0	0.6000000
101	17764.3438	18946.557	355.58301	0.0	0.0	25.0	0.9000000
120	17005.8496	18825.850	324.00000	0.0	0.0	-90.0	0.6000000
75	17186.4316	18967.811	328.91998	0.0	0.0	0.0	0.9000000
131	17103.1992	19009.566	324.56998	0.0	0.0	-405.0	2.0000000
80	17265.5508	18974.600	323.05505	-10.0	0.0	-180.0	0.4000000
77	16876.2383	19081.840	329.72754	-20.0	0.0	-265.0	0.5000000
77	16826.9590	19208.359	327.00000	-30.0	0.0	-310.0	0.5000000
77	16645.0000	19201.998	328.00000	-30.0	0.0	-310.0	0.4000000
77	16544.0000	19122.000	324.00000	-30.0	0.0	-310.0	0.3000000
9	16765.8301	19191.240	315.00000	0.0	0.0	205.0	2.0000000
9	16609.1094	19114.150	315.00000	0.0	0.0	210.0	2.0000000
70	16588.3574	19026.953	332.30984	0.0	0.0	0.0	0.8000000
9	16220.6387	18833.279	315.00000	0.0	0.0	240.0	2.0000000
20	16255.3301	18739.938	324.00000	10.0	0.0	-135.0	1.1000000
77	16401.2891	18668.301	269.82999	-20.0	0.0	-220.0	0.3000000
77	16222.9795	18662.500	329.00000	0.0	0.0	-490.0	0.3000000
120	16488.3789	18813.551	329.40985	0.0	0.0	-90.0	0.6000000
126	16289.0000	18949.000	339.09363	0.0	0.0	-25.0	2.4000001
101	16129.3994	18738.160	338.69415	0.0	0.0	25.0	0.9000000
9	16451.0000	19021.000	315.00000	0.0	0.0	210.0	2.0000000
9	16309.1201	18934.350	315.00000	0.0	0.0	220.0	2.0000000
11	16194.2002	18794.609	308.00000	0.0	0.0	-90.0	2.0000000
9	16245.9502	18740.119	315.00000	0.0	0.0	-45.0	2.0000000
103	16350.0000	18850.000	327.00000	0.0	0.0	-272.0	0.6800000
104	16326.3594	18741.459	328.00000	0.0	0.0	0.0	0.3000000
128	17429.0000	18235.000	341.44870	10.0	0.0	150.0	0.5000000
120	17376.0391	18316.189	324.00000	0.0	0.0	135.0	0.6000000
77	17325.4785	18226.719	333.31000	-20.0	0.0	0.0	0.3500000
128	17234.4297	18218.816	343.40756	20.0	0.0	240.0	0.7000000
128	17328.5996	18387.660	324.00000	0.0	0.0	195.0	0.7000000
80	16998.0898	18210.061	328.00000	0.0	0.0	-90.0	0.3000000
77	17456.9707	17866.090	324.00000	-20.0	0.0	180.0	0.4000000
77	17436.5684	18044.779	343.53290	-20.0	0.0	-125.0	0.3000000
128	17459.9258	18148.000	341.30319	20.0	0.0	105.0	0.7000000
128	17358.0000	17987.998	335.34070	20.0	0.0	-30.0	0.6000000
101	17434.1211	17939.811	328.00000	0.0	0.0	25.0	0.8000000
75	17666.0000	17853.303	342.99997	0.0	0.0	180.0	0.7000000
9	17461.2988	17834.398	315.00000	0.0	0.0	-40.0	2.0000000
9	17343.1875	17933.189	315.00000	0.0	0.0	-30.0	2.0000000
71	17560.0000	17917.000	328.00000	0.0	0.0	0.0	0.9000000
125	17334.0078	18117.070	359.00000	0.0	0.0	115.0	0.5000000
77	17293.8203	17922.943	356.00000	-20.0	0.0	135.0	0.4000000
77	17147.7891	18155.229	334.00000	-20.0	0.0	55.0	0.3000000
84	16943.1602	18029.990	324.44986	0.0	0.0	90.0	1.5000000
84	17012.0000	17970.650	324.00000	0.0	0.0	0.0	1.5000000
9	17026.7891	18044.680	315.00000	0.0	0.0	-20.0	2.0000000
9	17190.9707	17987.008	315.00000	0.0	0.0	-20.0	2.0000000
128	17200.1562	18114.000	338.11520	10.0	0.0	240.0	0.6000000
128	17235.0000	18032.000	338.00000	10.0	0.0	285.0	0.7000000
77	16509.1699	18564.520	334.01996	-20.0	0.0	-220.0	0.3000000
71	16867.5605	18257.529	336.07169	0.0	0.0	0.0	0.8000000
77	16550.5410	18342.889	303.72415	-20.0	0.0	-175.0	0.4000000
77	16570.6504	18463.711	327.00000	-20.0	0.0	-175.0	0.3000000
76	16749.0469	18338.910	324.00000	0.0	0.0	-670.0	0.1700000
130	16729.4297	18386.420	334.23538	0.0	0.0	135.0	1.1000000
105	16611.8203	18385.139	342.54001	10.0	0.0	-630.0	1.3000000
120	16837.9785	18368.090	324.00000	0.0	0.0	45.0	0.6000000
9	16658.2266	18299.320	315.00000	0.0	0.0	-63.0	2.0000000
9	16535.1602	18461.318	315.00000	0.0	0.0	-45.0	2.0000000
75	16744.0000	18462.998	328.00000	0.0	0.0	45.0	0.7000000
77	16335.7588	18562.020	327.00000	0.0	0.0	-490.0	0.4000000
77	16480.1191	18434.369	326.00000	-20.0	0.0	-220.0	0.5000000
9	16397.4199	18596.139	315.00000	0.0	0.0	-45.0	2.0000000
84	16750.2598	18000.510	324.00000	0.0	0.0	135.0	1.6999999
84	16643.0996	18171.508	324.07999	0.0	0.0	90.0	1.5000000
9	16847.8594	18092.410	315.00000	0.0	0.0	-10.0	2.0000000
9	16749.5391	18143.779	315.00000	0.0	0.0	-55.0	2.0000000
70	19173.6504	17405.410	382.49997	0.0	0.0	0.0	0.8000000
101	19426.0898	17409.109	382.49997	0.0	0.0	25.0	0.7000000
20	19357.7871	17348.711	364.00980	10.0	0.0	-90.0	1.1000000
120	19419.0586	17702.555	361.07584	0.0	0.0	45.0	0.6000000
75	19141.0547	17567.475	346.06329	0.0	0.0	0.0	0.7000000
48	18950.3594	17441.068	265.78192	0.0	0.0	45.0	1.8000000
75	18778.1973	17460.771	327.46796	0.0	0.0	45.0	0.8000000
120	18844.6289	17651.750	324.00000	0.0	0.0	-270.0	0.6000000
75	18871.6133	17595.135	324.07297	0.0	0.0	45.0	0.8000000
131	19454.6953	17125.018	382.49997	-0.0	0.0	-270.0	2.0000000
131	19448.3164	17338.303	382.49997	-0.0	0.0	-315.0	2.0000000
131	19435.7285	16941.277	368.40594	-0.0	0.0	-585.0	2.0000000
104	19398.5293	17216.670	385.42139	0.0	0.0	0.0	0.4500000
69	19263.0605	16937.230	247.51999	0.0	0.0	-630.0	2.0000000
75	19255.3672	17155.891	339.17630	0.0	0.0	-90.0	0.7000000
80	19267.0996	17302.029	377.07999	0.0	0.0	-360.0	0.3000000
49	19411.8965	17027.752	389.39929	0.0	0.0	-45.0	0.5000000
75	19005.1582	17319.869	347.75995	0.0	0.0	45.0	0.7000000
120	18821.9805	17308.291	343.78000	0.0	0.0	45.0	0.6000000
120	17958.2910	17353.160	324.07001	0.0	0.0	0.0	0.6000000
70	17903.5996	17538.939	324.63998	0.0	0.0	0.0	0.8000000
123	18451.4551	16948.650	325.40833	0.0	0.0	45.0	0.4000000
115	18573.0000	16959.000	331.84634	-15.0	0.0	0.0	1.2000000
75	18616.9180	17112.998	324.00000	0.0	0.0	45.0	0.8000000
122	18550.0000	17050.000	324.00000	0.0	0.0	45.0	1.8000000
120	18287.4473	16990.029	338.28647	0.0	0.0	90.0	0.6000000
9	17899.1699	17012.539	315.00000	0.0	0.0	-70.0	2.0000000
77	17811.2500	17130.527	324.00000	-20.0	0.0	135.0	0.4000000
112	17898.2305	17251.029	326.97986	0.0	0.0	-80.0	1.8000000
71	18119.0000	16993.000	319.00497	0.0	0.0	0.0	0.9000000
80	17982.6094	16934.256	324.00000	0.0	0.0	-495.0	0.3000000
77	17957.0000	17064.000	324.00000	-20.0	0.0	180.0	0.3500000
9	17832.5098	17184.580	315.00000	0.0	0.0	-70.0	2.0000000
75	19193.7793	16777.430	340.13470	0.0	0.0	90.0	0.7000000
120	19158.0527	16880.701	349.30106	0.0	0.0	-225.0	0.6000000
101	19425.2812	16829.258	349.71176	0.0	0.0	-20.0	0.9000000
46	19374.3574	16695.180	328.28775	0.0	0.0	0.0	0.5000000
70	18680.9609	16718.648	329.62375	0.0	0.0	0.0	0.8000000
122	18650.0000	16860.000	340.00000	0.0	0.0	45.0	2.0000000
75	18846.5625	16548.439	324.00000	0.0	0.0	90.0	0.9000000
84	18640.4492	16565.551	325.10446	0.0	0.0	0.0	1.5000000
120	18625.4004	16835.379	347.71994	0.0	0.0	45.0	0.6000000
9	18762.5293	16394.381	315.00000	0.0	0.0	-60.0	2.0000000
84	18778.6895	16178.119	324.00000	0.0	0.0	0.0	1.5000000
84	18712.3008	16281.310	324.00000	0.0	0.0	90.0	1.5000000
71	18937.0000	16442.000	310.42856	0.0	0.0	0.0	1.2000000
75	18960.6211	16286.040	324.00000	0.0	0.0	90.0	0.9000000
120	18994.6719	16245.929	324.00000	0.0	0.0	0.0	0.6000000
75	18990.8555	16136.090	324.00000	0.0	0.0	90.0	0.9000000
9	18856.2363	16194.930	315.00000	0.0	0.0	-70.0	2.0000000
75	18203.0000	16893.000	329.86551	0.0	0.0	55.0	0.9000000
71	18250.6270	16856.850	341.44678	0.0	0.0	0.0	1.0000000
115	18463.9102	16775.479	338.00000	0.0	0.0	45.0	1.5999999
80	18358.0000	16892.000	350.94382	0.0	0.0	-180.0	0.3000000
123	18354.3770	16752.730	324.00000	0.0	0.0	45.0	0.5000000
123	18448.0195	16652.629	324.12402	0.0	0.0	135.0	0.4000000
122	18550.0000	16650.000	333.00000	0.0	0.0	0.0	2.3000000
123	18550.0000	16850.000	334.00000	0.0	0.0	0.0	0.3500000
9	18277.6465	16806.439	315.00000	0.0	0.0	-15.0	2.0000000
9	18480.8398	16694.891	315.00000	0.0	0.0	-45.0	2.0000000
9	18620.0996	16562.057	315.00000	0.0	0.0	-45.0	2.0000000
80	18540.1797	16711.869	333.43701	0.0	0.0	-225.0	0.3000000
86	17961.0000	16862.000	324.00000	0.0	0.0	90.0	1.1000000
101	17875.7285	16902.738	330.19998	0.0	0.0	25.0	0.9000000
77	18169.4902	16768.391	324.00000	-20.0	0.0	180.0	0.4000000
77	18058.6699	16756.180	324.00000	-20.0	0.0	135.0	0.3000000
77	18074.3105	16809.410	325.55264	-20.0	0.0	360.0	0.3000000
9	18084.0000	16829.133	315.00000	0.0	0.0	-5.0	2.0000000
9	17989.0000	16873.000	315.00000	0.0	0.0	-50.0	2.0000000
60	17926.0000	16404.000	12.00000	0.0	0.0	0.0	1.0000000
84	17701.0195	17424.299	327.00769	0.0	0.0	0.0	1.2000000
84	17595.2383	17645.020	333.45407	0.0	0.0	135.0	1.7000000
84	17669.3496	17610.170	331.43427	0.0	0.0	0.0	1.5000000
9	17595.8594	17698.039	315.00000	0.0	0.0	-45.0	2.0000000
9	17696.8301	17532.920	327.16275	0.0	0.0	-70.0	2.0000000
9	17765.6797	17365.320	315.00000	0.0	0.0	-70.0	2.0000000
60	17200.4980	17352.158	12.00000	0.0	0.0	0.0	1.0000000
77	17767.5293	17239.770	330.56189	-20.0	0.0	90.0	0.3000000
60	16152.5957	17560.945	0.00000	0.0	0.0	0.0	1.0000000
60	17528.6191	16801.580	12.00000	0.0	0.0	0.0	1.0000000
66	16650.0000	16900.000	0.00000	0.0	0.0	-45.0	1.2000000
49	16450.0000	16550.000	3.53459	0.0	0.0	0.0	0.7100000
49	16150.0000	16450.000	0.75575	0.0	0.0	0.0	0.7100000
49	16067.4697	16159.970	5.00000	0.0	0.0	0.0	0.7100000
49	16350.0000	16450.000	0.00000	0.0	0.0	0.0	0.7100000
49	16250.0000	16350.000	0.00000	0.0	0.0	0.0	0.7100000
76	15667.2090	19419.479	324.00000	0.0	0.0	-110.0	0.1500000
60	16018.0879	19209.320	151.00000	0.0	0.0	0.0	1.0000000
60	15871.2998	18710.240	151.00000	0.0	0.0	0.0	1.0000000
136	15475.2490	18762.654	180.64696	0.0	0.0	450.0	1.0000000
60	15592.7900	18786.270	257.87735	0.0	0.0	0.0	1.0000000
0	14850.0000	19050.000	552.00000	0.0	0.0	0.0	1.0000000
132	14850.0000	19050.000	324.00000	0.0	0.0	0.0	1.1000000
71	14892.8799	19185.488	324.00000	0.0	0.0	0.0	1.0000000
77	14832.8594	19339.867	324.00000	-15.0	0.0	-90.0	0.4000000
124	14797.3193	19305.807	355.11002	90.0	0.0	315.0	0.7000000
9	14833.0000	19246.000	315.00000	0.0	0.0	-245.0	2.0000000
9	14880.3496	19109.670	315.00000	0.0	0.0	100.0	2.0000000
75	14948.9307	19311.770	324.00000	0.0	0.0	70.0	0.7000000
9	14599.1094	19438.711	315.00000	0.0	0.0	155.0	2.0000000
75	14777.2900	19199.199	324.00000	0.0	0.0	45.0	0.6000000
80	14543.6299	19457.719	324.00000	0.0	0.0	765.0	0.3000000
80	14781.5596	19142.699	324.00000	0.0	0.0	630.0	0.3000000
9	14754.2998	19346.250	315.00000	0.0	0.0	140.0	2.0000000
77	14701.1992	19423.721	324.00000	-15.0	0.0	-45.0	0.6000000
124	14619.3096	19384.330	324.00000	0.0	0.0	315.0	0.8000000
124	14704.2891	19336.139	324.00000	45.0	0.0	315.0	0.8000000
77	14627.0000	19255.000	324.00000	-15.0	0.0	225.0	0.2700000
120	14499.7588	19326.020	324.00000	0.0	0.0	15.0	0.6000000
130	14704.5391	19221.670	324.00000	0.0	0.0	-405.0	1.0000000
0	14550.0000	18750.000	552.00000	0.0	0.0	0.0	1.0000000
76	14795.5996	18795.420	300.00000	0.0	0.0	-45.0	0.1000000
102	14970.3008	19037.029	333.11371	0.0	0.0	90.0	1.0000000
112	14800.6592	18867.090	324.00000	0.0	0.0	-170.0	1.8000000
9	14879.5898	18999.229	315.00000	0.0	0.0	70.0	2.0000000
9	14820.0391	18914.107	315.00000	0.0	0.0	30.0	2.0000000
76	14899.6797	18838.551	324.00000	0.0	0.0	-135.0	0.1000000
75	14858.8086	18803.000	324.00000	0.0	0.0	45.0	0.6000000
75	14550.7793	18666.420	324.00000	0.0	0.0	45.0	0.7000000
101	14638.0996	18716.020	325.22845	0.0	0.0	0.0	1.0000000
76	14756.0000	18762.000	324.00000	0.0	0.0	45.0	0.1000000
20	14450.0000	18650.000	324.00000	15.0	0.0	15.0	1.1000000
132	14550.0000	18750.000	324.00000	0.0	0.0	0.0	1.1000000
9	14661.9404	18834.689	315.00000	0.0	0.0	30.0	2.0000000
9	14378.9004	18720.260	315.00000	0.0	0.0	10.0	2.0000000
9	14503.9990	18760.000	315.00000	0.0	0.0	25.0	2.0000000
120	14585.2402	18902.730	324.00000	0.0	0.0	90.0	0.6000000
130	14465.7500	18678.289	324.00000	0.0	0.0	-225.0	1.0000000
80	14590.0098	18844.049	324.00000	0.0	0.0	630.0	0.3000000
103	14449.5801	18751.971	324.00000	0.0	0.0	-182.0	0.6800000
75	14594.2754	18983.723	323.99994	0.0	0.0	70.0	0.7000000
60	16061.0000	18173.000	12.00000	0.0	0.0	0.0	1.0000000
66	15350.0000	17850.000	0.00000	0.0	0.0	-25.0	1.2000000
130	13956.2305	19096.949	324.00000	0.0	0.0	-405.0	1.0000000
120	13951.4189	19113.891	324.00000	0.0	0.0	135.0	0.6000000
71	13569.1299	19361.350	319.40091	0.0	0.0	135.0	0.9000000
123	13550.0000	19150.000	324.00000	0.0	0.0	0.0	0.3500000
122	13549.0010	19256.000	324.00000	0.0	0.0	90.0	1.7000000
77	13682.4404	19068.258	324.00000	-10.0	0.0	135.0	0.4000000
77	13905.1807	19120.369	294.75998	-15.0	0.0	-360.0	0.4000000
101	13845.5791	19081.180	324.00000	0.0	0.0	0.0	1.0000000
9	13589.3604	19190.258	315.00000	0.0	0.0	-35.0	2.0000000
9	13722.7490	19101.410	315.00000	0.0	0.0	-30.0	2.0000000
104	13658.2402	19212.359	327.03000	0.0	0.0	45.0	0.4500000
104	13699.5693	19338.150	325.89746	0.0	0.0	0.0	0.2500000
80	13677.0000	19417.000	324.00000	0.0	0.0	630.0	0.2000000
75	13750.7207	19135.449	324.00000	0.0	0.0	115.0	0.7000000
124	14350.0000	18750.000	324.00000	0.0	0.0	315.0	0.7000000
77	13991.6504	18838.170	324.00000	-15.0	0.0	-225.0	0.4000000
80	14179.5791	18987.410	324.00000	0.0	0.0	855.0	0.4000000
77	13960.8994	18995.770	206.16998	-10.0	0.0	180.0	0.4000000
9	14254.4697	18725.900	315.00000	0.0	0.0	-20.0	2.0000000
84	14298.0000	18655.000	324.00000	0.0	0.0	-40.0	1.5000000
84	14251.1699	18709.529	324.00000	0.0	0.0	-235.0	1.3000000
84	14150.0400	18702.041	324.00000	0.0	0.0	-55.0	1.5000000
20	14050.0000	18750.000	324.00000	15.0	0.0	-75.0	1.1000000
9	14010.0693	18883.227	315.00000	0.0	0.0	-40.0	2.0000000
9	14139.0215	18785.654	315.00000	0.0	0.0	-32.0	2.0000000
80	14195.2305	18859.518	324.00000	0.0	0.0	990.0	0.4000000
102	14051.7305	18902.260	324.54752	0.0	0.0	90.0	1.0000000
77	13858.9092	18975.639	324.00000	-15.0	0.0	135.0	0.6000000
9	13877.2002	18995.529	315.00000	0.0	0.0	-35.0	2.0000000
20	13150.0000	19350.000	324.00000	20.0	0.0	0.0	1.1000000
75	13464.9492	19426.520	324.00000	0.0	0.0	45.0	0.7000000
104	13154.1797	19445.279	326.09912	0.0	0.0	0.0	0.3500000
123	13450.0000	19250.000	324.00000	0.0	0.0	45.0	0.5000000
122	13437.0000	19360.000	324.00000	0.0	0.0	45.0	2.0999999
123	13350.0000	19350.000	324.00000	0.0	0.0	0.0	0.4000000
101	13324.7695	19254.697	331.21158	0.0	0.0	25.0	0.8000000
9	13438.6797	19286.381	315.00000	0.0	0.0	-25.0	2.0000000
9	13280.6592	19365.430	315.00000	0.0	0.0	-25.0	2.0000000
9	13119.7695	19451.500	315.00000	0.0	0.0	-25.0	2.0000000
80	13282.8008	19397.260	324.00000	0.0	0.0	450.0	0.3000000
80	13391.5898	19413.029	324.00000	0.0	0.0	585.0	0.2000000
76	13236.1191	19288.131	247.00000	0.0	0.0	-30.0	0.2000000
77	12719.5693	19425.760	324.00000	0.0	0.0	405.0	0.3500000
77	12924.0010	19448.000	324.00000	-10.0	0.0	180.0	0.3500000
77	12837.9990	19451.000	324.00000	-10.0	0.0	180.0	0.4500000
80	12999.8994	19474.068	324.00000	0.0	0.0	-110.0	0.3000000
76	13054.6982	19385.029	291.35562	0.0	0.0	-25.0	0.2000000
70	13529.9395	17787.678	379.49997	0.0	0.0	45.0	0.7000000
28	13505.0000	17840.000	380.00000	0.0	0.0	25.0	0.5000000
28	13507.0010	17890.000	379.00000	0.0	0.0	40.0	0.5000000
13	13269.0459	18196.666	358.00000	0.0	0.0	-213.0	1.1500000
70	12989.5000	18226.816	379.49997	0.0	0.0	0.0	0.7000000
70	12891.1895	18256.230	379.49997	0.0	0.0	-90.0	0.7000000
28	13067.3496	18212.301	379.49997	0.0	0.0	65.0	0.5000000
28	12954.9893	18265.279	379.49997	0.0	0.0	-25.0	0.5000000
17	12849.2158	18239.887	381.00000	0.0	0.0	79.5	0.9000000
10	12962.2363	18322.385	385.00000	0.0	0.0	-376.1	1.2900000
28	12905.2295	18291.436	378.00000	0.0	0.0	65.0	0.5000000
70	13085.2490	18188.551	379.49997	0.0	0.0	0.0	0.7000000
70	13276.1494	18077.061	379.49997	0.0	0.0	-45.0	0.7000000
70	13185.7305	18130.646	379.49997	0.0	0.0	-90.0	0.7000000
70	13479.1699	17873.869	379.49997	0.0	0.0	135.0	0.7000000
28	13179.2402	18151.301	379.00000	0.0	0.0	65.0	0.5000000
17	13433.5801	17892.459	381.00000	0.0	0.0	35.0	0.9000000
15	13143.8584	18099.359	379.00000	0.0	0.0	-30.0	1.2200000
10	13500.0000	17973.000	385.00000	0.0	0.0	-49.5	1.2900000
28	13285.3193	18099.891	378.00000	0.0	0.0	50.0	0.5000000
35	13407.0010	18003.000	380.00000	0.0	0.0	-405.0	1.0000000
17	13292.1602	18031.240	381.00000	0.0	0.0	139.5	0.9000000
15	12992.6699	18171.219	379.00000	0.0	0.0	-20.5	1.2200000
75	15240.2100	16921.029	7.11000	0.0	0.0	0.0	0.8000000
49	15150.0000	17550.000	4.49210	0.0	0.0	0.0	0.7100000
49	15050.0000	17450.000	1.42065	0.0	0.0	0.0	0.7100000
49	14950.0000	17350.000	0.00000	0.0	0.0	0.0	0.7100000
75	15003.5693	16921.439	0.00000	0.0	0.0	0.0	0.8000000
156	14827.7500	17095.250	0.00000	0.0	0.0	-25.0	1.7000000
49	14884.4395	16967.449	5.00000	0.0	0.0	0.0	0.5100000
49	15050.0000	17050.000	11.43749	0.0	0.0	0.0	0.7100000
49	15150.0000	17150.000	0.00000	0.0	0.0	0.0	0.7100000
49	15050.0000	17250.000	0.00000	0.0	0.0	0.0	0.7100000
75	14524.3301	16949.809	0.00000	0.0	0.0	45.0	0.6000000
71	14663.7998	17147.457	0.00000	0.0	0.0	0.0	1.0000000
148	14410.2998	16963.877	1.45962	-90.0	0.0	105.0	1.8000000
75	14765.6299	16958.221	0.00000	0.0	0.0	45.0	0.8000000
80	14364.6787	17085.689	0.00000	0.0	0.0	105.0	0.3000000
101	14387.1992	17269.170	0.00000	0.0	0.0	0.0	1.0000000
157	14500.3115	17185.117	0.00000	0.0	0.0	0.0	1.8000000
120	14596.1396	17061.479	0.00000	0.0	0.0	-270.0	0.6000000
148	15673.0254	16548.531	0.00000	-15.0	0.0	-0.0	1.8000000
158	15750.0000	16550.000	0.00000	0.0	0.0	140.0	1.8000000
157	15495.7295	16512.439	0.00000	0.0	0.0	15.0	1.8000000
156	15349.7285	16608.359	0.00000	0.0	0.0	-90.0	1.7000000
91	15215.9883	16562.469	0.00000	0.0	0.0	45.0	2.0000000
98	15552.5498	16645.000	0.00000	0.0	0.0	-45.0	1.6000000
71	15318.5498	16821.391	0.00000	0.0	0.0	0.0	1.0000000
20	15451.1094	16645.900	0.00000	0.0	0.0	130.0	1.0000000
120	15234.8691	16702.949	0.00000	0.0	0.0	-315.0	0.6000000
148	15664.2686	16091.420	1.37178	-90.0	0.0	240.0	1.8000000
103	15650.0000	16450.000	0.00000	0.0	0.0	0.0	0.6800000
71	15852.8594	16463.438	0.00000	0.0	0.0	0.0	1.0000000
49	16050.0000	16350.000	4.10578	0.0	0.0	0.0	0.7100000
49	15867.1982	16317.439	5.00000	0.0	0.0	-45.0	0.7100000
49	15872.5801	16128.029	5.00000	0.0	0.0	-90.0	0.6100000
120	15571.6992	16121.919	1.79994	0.0	0.0	180.0	0.6000000
104	15607.0605	16279.308	3.30280	0.0	0.0	0.0	0.4000000
148	15353.9990	16451.000	0.00000	-15.0	0.0	-45.0	1.8000000
148	15258.2490	16475.471	1.57482	-90.0	0.0	195.0	1.4000000
148	15112.4482	16586.760	1.05570	-90.0	0.0	105.0	1.4000000
49	15115.4189	16897.670	5.00000	0.0	0.0	-45.0	0.7100000
49	14935.5576	16817.580	5.00000	0.0	0.0	-45.0	0.7100000
49	15120.0791	16706.637	5.00000	0.0	0.0	0.0	0.6100000
80	14589.7793	16752.801	0.00000	0.0	0.0	150.0	0.2000000
91	14628.0000	16901.998	0.00000	0.0	0.0	0.0	1.9000000
104	14505.9189	16624.400	2.83440	0.0	0.0	0.0	0.3000000
75	15194.3301	16464.949	0.00000	0.0	0.0	45.0	0.8000000
104	14857.0010	16148.000	3.00000	0.0	0.0	0.0	0.2500000
75	14492.3496	16081.809	0.00000	0.0	0.0	45.0	0.8000000
148	14562.4697	16167.659	4.61559	-90.0	0.0	195.0	1.8000000
35	13714.1094	17349.689	380.00000	0.0	0.0	-445.0	1.0000000
70	13586.8701	17699.820	379.49997	0.0	0.0	-90.0	0.7000000
70	13656.0303	17506.121	379.49997	0.0	0.0	45.0	0.7000000
70	13622.5996	17601.559	379.49997	0.0	0.0	0.0	0.7000000
28	13574.0010	17732.000	380.00000	0.0	0.0	25.0	0.5000000
10	13759.6768	17390.699	385.00000	0.0	0.0	-82.4	1.2900000
13	13686.0000	17699.000	358.00000	0.0	0.0	-66.0	1.1500000
15	13567.0078	17591.137	379.00000	0.0	0.0	-70.0	1.2200000
28	13623.0000	17616.000	380.00000	0.0	0.0	25.0	0.5000000
28	13683.0000	17503.000	380.00000	0.0	0.0	25.0	0.5000000
17	13643.7148	17445.629	381.00000	0.0	0.0	105.0	0.9000000
124	14298.2393	17160.068	34.39000	90.0	0.0	290.0	0.7000000
75	14212.5400	16942.059	0.00000	0.0	0.0	90.0	0.9000000
98	14250.0000	17050.000	0.00000	0.0	0.0	90.0	1.6000000
71	14231.2793	17242.240	0.00000	0.0	0.0	0.0	1.0000000
20	14350.0000	17150.000	0.00000	0.0	0.0	130.0	1.0000000
70	13652.4990	16993.340	379.49997	0.0	0.0	0.0	0.7000000
70	13672.5498	17092.539	379.49997	0.0	0.0	45.0	0.7000000
70	13695.5898	17189.820	379.49997	0.0	0.0	45.0	0.7000000
15	13573.1475	16923.350	378.99960	0.0	0.0	-109.5	1.2196698
13	13766.1211	17058.193	358.00000	0.0	0.0	-100.0	1.1500000
15	13615.7119	17084.279	378.99960	0.0	0.0	-100.0	1.2196698
28	13718.6406	17185.891	378.00000	0.0	0.0	75.0	0.5000000
28	13679.0498	17027.609	379.49997	0.0	0.0	75.0	0.5000000
28	13698.8496	17153.389	379.49997	0.0	0.0	75.0	0.5000000
17	13665.2393	17240.840	381.00000	0.0	0.0	-4.0	0.9003300
15	13496.5312	17742.320	379.00000	0.0	0.0	-60.0	1.2200000
36	12887.0000	17481.000	380.00000	0.0	0.0	0.0	5.0000000
70	12818.5596	17395.527	379.00000	0.0	0.0	-90.0	0.7000000
75	12751.1797	17383.949	379.49997	0.0	0.0	45.0	1.0000000
0	12797.6963	17234.000	783.41504	0.0	0.0	270.0	0.8000000
75	12902.0596	17233.018	379.49997	0.0	0.0	45.0	1.0000000
70	12819.7803	17102.090	379.00000	0.0	0.0	0.0	0.8000000
75	12731.7891	17114.938	379.49997	0.0	0.0	45.0	1.0000000
36	12880.0000	17019.000	380.00000	0.0	0.0	-90.0	5.0000000
110	12650.0000	17250.000	203.00000	0.0	0.0	90.0	3.2500000
44	12650.0000	17250.000	380.00000	0.0	0.0	45.0	3.3000000
75	12872.0000	17325.000	379.00000	0.0	0.0	0.0	1.0000000
99	12864.0508	17208.129	341.99997	0.0	0.0	-105.0	1.0000000
74	13721.9268	16851.000	460.00000	0.0	0.0	-100.0	0.3000000
74	13683.1328	16756.881	460.00000	0.0	0.0	-125.0	0.2500000
80	14127.2998	16748.469	0.00000	0.0	0.0	105.0	0.3000000
84	14043.5391	16612.799	0.00000	0.0	0.0	180.0	1.7000000
158	14150.0000	16850.000	0.00000	0.0	0.0	70.0	1.8000000
95	14212.9990	16600.000	0.00000	0.0	0.0	-300.0	1.0000000
103	14250.0000	16850.000	0.00000	0.0	0.0	63.0	0.6800000
0	14195.7988	16595.141	11.95385	0.0	0.0	270.0	1.0000000
17	13539.3779	16763.295	381.00037	0.0	0.0	65.0	0.9003301
70	13621.0010	16895.000	379.00000	0.0	0.0	90.0	0.7000000
35	13508.0000	16618.000	380.00000	0.0	0.0	-487.0	1.0000000
70	13589.9707	16798.678	379.49997	0.0	0.0	-45.0	0.7000000
28	13646.0010	16906.000	379.00000	0.0	0.0	75.0	0.5000000
10	13657.0010	16762.000	385.00000	0.0	0.0	-115.9	1.2900000
28	13610.0010	16784.000	379.00000	0.0	0.0	75.0	0.5000000
120	14210.0889	16420.141	0.00000	0.0	0.0	-260.0	0.5000000
75	13962.3486	16281.060	0.00000	0.0	0.0	90.0	0.9000000
75	14055.2598	16455.650	0.00000	0.0	0.0	90.0	0.9000000
101	14149.6992	16158.067	0.00000	0.0	0.0	0.0	1.0000000
158	13950.0000	16450.000	1.00000	0.0	0.0	50.0	1.8000000
103	14050.0000	16350.000	0.00000	0.0	0.0	63.0	0.6800000
49	14028.0898	16206.189	13.00000	0.0	0.0	-45.0	0.5100000
71	13762.8398	16213.710	0.00000	0.0	0.0	0.0	1.0000000
20	13850.0000	16150.000	0.00000	10.0	0.0	265.0	1.0000000
49	13888.2002	16086.279	14.20000	0.0	0.0	-45.0	0.7100000
156	13851.8994	16297.740	0.99552	0.0	0.0	90.0	1.7000000
17	13380.9678	16549.930	381.00000	0.0	0.0	-46.0	0.9000000
93	12650.0000	16600.000	336.34778	0.0	0.0	0.0	1.0000000
34	12956.0000	16130.000	446.99997	0.0	0.0	40.0	1.5000000
15	13100.9990	16374.001	379.00000	0.0	0.0	-151.5	1.2200000
70	13108.6992	16314.679	379.49997	0.0	0.0	0.0	0.7000000
70	13195.8896	16367.130	379.49997	0.0	0.0	-45.0	0.7000000
70	13279.8496	16425.721	379.49997	0.0	0.0	90.0	0.7000000
70	13354.4102	16484.859	379.49997	0.0	0.0	45.0	0.7000000
28	13136.1191	16323.288	379.00000	0.0	0.0	-60.0	0.5000000
28	13349.3301	16462.949	379.49997	0.0	0.0	-60.0	0.5000000
28	13389.2393	16471.730	378.00000	0.0	0.0	-35.0	0.5000000
10	13228.0000	16294.542	385.00000	0.0	0.0	-148.8	1.2900000
15	13240.3398	16466.150	379.00000	0.0	0.0	-141.5	1.2200000
13	13480.4951	16482.812	358.00000	0.0	0.0	-134.0	1.1500000
28	13246.0098	16386.891	379.00000	0.0	0.0	-60.0	0.5000000
70	13028.0000	16271.001	379.00000	0.0	0.0	0.0	0.7000000
28	13034.2197	16247.659	379.00000	0.0	0.0	-60.0	0.5000000
12	12650.0000	16160.001	171.99998	0.0	0.0	-180.0	1.1500000
13	12942.9990	16168.292	358.00000	0.0	0.0	0.0	1.1500000
18	12911.0000	16070.000	379.00000	0.0	0.0	270.0	1.3000000
17	12969.6885	16277.080	381.00000	0.0	0.0	23.5	0.9000000
120	19072.5488	15801.169	324.82349	0.0	0.0	0.0	0.6000000
128	18998.0000	15985.001	323.71045	0.0	0.0	105.0	1.1000000
77	18870.5098	15926.310	324.00000	-20.0	0.0	90.0	0.4000000
77	18877.4902	15751.760	324.73138	-20.0	0.0	135.0	0.4000000
77	18989.0293	15816.029	308.39999	-20.0	0.0	-270.0	0.4000000
9	18914.0000	15797.000	315.00000	0.0	0.0	-85.0	2.0000000
9	18906.5469	15994.000	315.00000	0.0	0.0	-80.0	2.0000000
69	19085.0000	15233.000	291.03400	0.0	0.0	-945.0	0.9000000
69	19100.1191	15444.870	220.31999	0.0	0.0	-675.0	1.6000000
75	19238.3594	15466.170	326.13095	0.0	0.0	225.0	0.9000000
120	19285.6211	15417.510	327.88254	0.0	0.0	-45.0	0.6000000
80	19219.9102	15559.630	324.00000	0.0	0.0	-495.0	0.3000000
69	18917.3086	15271.919	258.72998	0.0	0.0	-720.0	1.6000000
69	19028.6504	15631.160	263.34998	0.0	0.0	-585.0	2.0000000
69	18929.1094	15467.900	263.48019	0.0	0.0	-630.0	2.0000000
9	18922.5410	15376.828	315.00000	0.0	0.0	-85.0	2.0000000
9	18914.7910	15584.015	315.00000	0.0	0.0	-90.0	2.0000000
60	18372.0000	16061.000	12.00000	0.0	0.0	0.0	1.0000000
60	18362.9980	15389.999	12.00000	0.0	0.0	0.0	1.0000000
80	19388.9609	14865.022	329.96057	0.0	0.0	-495.0	0.4000000
80	19155.1309	15169.670	329.00000	0.0	0.0	0.0	0.3000000
70	19365.5000	15190.158	313.19504	0.0	0.0	0.0	0.8000000
77	19118.6191	15009.570	342.20718	15.0	0.0	-260.0	0.4000000
76	19248.2188	14949.229	328.15543	0.0	0.0	-325.0	0.2500000
75	19348.0000	15046.570	324.24612	0.0	0.0	180.0	0.9000000
9	19118.8789	14887.109	315.00000	0.0	0.0	-50.0	2.0000000
80	19228.9375	15098.508	329.00000	0.0	0.0	-585.0	0.4000000
80	19377.9688	14966.479	328.60995	0.0	0.0	90.0	0.3000000
77	19042.0195	14868.080	339.00000	0.0	0.0	-35.0	0.6000000
77	18935.0000	15034.190	330.00000	0.0	0.0	-35.0	0.5000000
9	18958.8789	15195.030	315.00000	0.0	0.0	-72.0	2.0000000
9	19029.6895	15034.020	315.00000	0.0	0.0	-60.0	2.0000000
9	19246.8496	14744.609	315.00000	0.0	0.0	-50.0	2.0000000
80	19387.9590	14702.269	329.07999	0.0	0.0	-585.0	0.4000000
105	19451.0000	14453.999	333.00000	10.0	0.0	-945.0	1.5999999
105	19463.6680	14563.729	328.00000	0.0	0.0	180.0	1.0000000
105	19340.9980	14359.000	332.00000	10.0	0.0	-765.0	1.8000000
77	19127.5977	14737.000	330.00000	0.0	0.0	-35.0	0.4000000
77	19245.0508	14655.100	329.00000	-15.0	0.0	-530.0	0.3000000
76	19269.1191	14765.779	341.99997	0.0	0.0	-325.0	0.1500000
105	19255.1094	14533.279	332.84830	10.0	0.0	-765.0	1.4000000
105	19353.0000	14456.000	336.01816	10.0	0.0	-585.0	2.0000000
9	19368.1699	14559.329	315.00000	0.0	0.0	-60.0	2.0000000
9	19458.8789	14372.228	315.00000	0.0	0.0	-70.0	2.0000000
105	19337.9980	14560.001	261.00000	0.0	0.0	135.0	1.9000000
60	18564.0000	14885.001	12.00000	0.0	0.0	0.0	1.0000000
66	17600.0000	15600.000	0.00000	0.0	0.0	-65.0	1.2000000
49	17250.0000	15350.000	0.00000	0.0	0.0	0.0	0.7100000
49	17150.0000	15250.000	0.00000	0.0	0.0	0.0	0.7100000
20	16550.0000	15750.000	0.00000	0.0	0.0	130.0	1.0000000
148	16250.6191	15947.870	0.00000	-15.0	0.0	90.0	1.8000000
98	16457.9102	15843.308	0.00000	0.0	0.0	-135.0	1.5000000
70	16216.7100	15845.210	0.00000	0.0	0.0	0.0	0.8000000
91	16410.3477	15793.930	24.11000	45.0	0.0	-45.0	1.9000000
91	16480.4199	15778.811	26.00000	45.0	0.0	15.0	1.9000000
91	16392.5098	15860.579	23.71492	45.0	0.0	-100.0	1.9000000
75	16739.7695	15230.919	0.00000	0.0	0.0	45.0	0.8000000
80	16768.0098	15339.870	0.00000	0.0	0.0	60.0	0.3000000
157	16654.9492	15576.438	0.00000	0.0	0.0	-60.0	1.8000000
120	16551.5391	15370.540	0.00000	0.0	0.0	-225.0	0.6000000
158	16850.0000	15250.000	0.00000	0.0	0.0	115.0	1.8000000
71	16602.5977	15293.329	0.00000	0.0	0.0	0.0	1.0000000
49	17350.0000	15050.000	0.00000	0.0	0.0	0.0	0.7100000
75	17039.2988	15042.560	0.00000	0.0	0.0	45.0	0.8000000
70	16964.0898	15141.770	0.00000	0.0	0.0	0.0	0.8000000
49	17150.0000	14850.000	4.90431	0.0	0.0	0.0	0.7100000
49	17250.0000	14950.000	0.90109	0.0	0.0	0.0	0.7100000
49	17007.5000	14946.530	5.00000	0.0	0.0	-90.0	0.7100000
49	17250.0000	15150.000	0.00000	0.0	0.0	0.0	0.7100000
75	17293.4883	14483.710	0.00000	0.0	0.0	-45.0	1.1000000
75	17058.7402	14510.550	0.00000	0.0	0.0	-45.0	0.8000000
98	16961.9805	14431.410	0.00000	0.0	0.0	45.0	1.5000000
157	17115.1406	14395.619	0.00000	0.0	0.0	0.0	1.8000000
71	17185.8906	14585.140	0.00000	0.0	0.0	0.0	1.0000000
20	17250.0000	14450.000	0.00000	0.0	0.0	130.0	1.0000000
49	17079.0000	14691.000	5.00000	0.0	0.0	-45.0	0.6100000
75	16901.9980	14998.000	0.00000	0.0	0.0	90.0	0.6000000
49	16913.2988	14800.499	5.00000	0.0	0.0	-90.0	0.6100000
49	16796.1094	14960.759	5.00000	0.0	0.0	-45.0	0.7100000
49	16893.0000	14595.000	5.00000	0.0	0.0	-90.0	0.7100000
105	19443.0000	14353.000	332.00000	10.0	0.0	-630.0	2.3000000
105	19456.0000	14253.000	278.68314	0.0	0.0	135.0	1.5000000
105	19453.5293	14149.440	327.70981	10.0	0.0	-990.0	2.0000000
77	19459.2598	14037.068	329.14999	-15.0	0.0	-620.0	0.3000000
105	19384.0000	14233.000	335.00000	10.0	0.0	-765.0	1.2000000
60	19004.0000	14078.000	12.00000	0.0	0.0	0.0	1.0000000
77	19424.2715	13903.800	327.34662	0.0	0.0	-35.0	0.4000000
77	19421.5391	13744.000	324.00000	0.0	0.0	-45.0	0.6000000
77	19446.6094	13610.730	324.00000	-15.0	0.0	-485.0	0.3000000
77	19332.1289	13572.228	326.00943	0.0	0.0	-80.0	0.5000000
9	19435.1094	13560.579	315.00000	0.0	0.0	-120.0	2.0000000
66	18200.0000	14050.000	0.00000	0.0	0.0	90.0	1.2000000
49	17850.0000	14050.000	2.46828	0.0	0.0	0.0	0.7100000
80	19454.1992	13446.669	345.28998	0.0	0.0	-585.0	0.4000000
71	19414.1074	13276.840	335.54974	0.0	0.0	0.0	1.0000000
112	19145.3477	13376.543	327.00000	0.0	0.0	195.0	2.0000000
124	19054.4531	13192.812	325.42130	0.0	0.0	-405.0	0.7000000
70	19184.2305	13123.760	315.66711	0.0	0.0	0.0	0.8000000
75	19269.0000	13327.000	329.00000	0.0	0.0	0.0	0.9000000
124	19129.5371	13282.020	330.00000	45.0	0.0	-405.0	0.6000000
9	19277.4902	13393.820	315.00000	0.0	0.0	-150.0	2.0000000
9	19115.0586	13305.620	315.00000	0.0	0.0	-150.0	2.0000000
76	19255.0684	13244.729	324.59000	0.0	0.0	-325.0	0.1500000
75	19334.5801	13157.584	330.22452	0.0	0.0	45.0	0.9000000
84	18856.7207	13123.523	346.15997	0.0	0.0	0.0	1.5000000
76	18923.1270	13240.460	319.88254	0.0	0.0	-325.0	0.2500000
9	19004.5371	13200.299	315.00000	0.0	0.0	-125.0	2.0000000
120	19117.3789	13024.359	324.00000	0.0	0.0	-90.0	0.6000000
76	19043.7695	13046.669	324.00418	0.0	0.0	-370.0	0.1500000
75	18947.6699	12936.250	324.00000	0.0	0.0	45.0	0.9000000
37	18737.0000	12896.001	279.00000	0.0	0.0	-180.0	8.0000000
27	18722.0000	12650.000	290.00000	0.0	0.0	-90.0	3.5000000
9	18909.0996	12976.709	315.00000	0.0	0.0	255.0	2.0000000
9	18947.4570	13072.749	315.00000	0.0	0.0	-115.0	2.0000000
9	18897.6855	12796.000	294.85236	0.0	0.0	-90.0	2.0000000
7	18622.0000	12910.001	285.00000	0.0	0.0	-720.0	8.3299999
7	18850.0000	12910.001	329.00000	0.0	0.0	-720.0	8.3299999
31	19013.2637	12702.920	326.00000	180.0	0.0	-90.0	2.5000000
26	18830.1797	12650.094	326.00000	0.0	0.0	-360.0	4.2500000
60	18592.0000	13328.000	12.00000	0.0	0.0	0.0	1.0000000
57	18458.0000	12858.000	188.00000	0.0	0.0	45.0	5.0000000
37	18276.0000	12896.001	163.00000	0.0	0.0	-180.0	8.0000000
27	18408.0000	12650.000	210.99998	0.0	0.0	-90.0	3.5000000
27	18564.8809	12650.000	249.38211	0.0	0.0	-90.0	3.5000000
37	18507.0000	12896.001	221.00000	0.0	0.0	-180.0	8.0000000
7	18390.9980	12910.001	230.00000	0.0	0.0	-720.0	8.3299999
57	18070.0000	12842.000	142.00000	0.0	0.0	45.0	5.0000000
7	17929.0000	12910.001	114.00000	0.0	0.0	-720.0	8.3299999
37	17815.0000	12896.001	47.00000	0.0	0.0	-180.0	8.0000000
27	18093.0371	12650.000	131.72615	0.0	0.0	-90.0	3.5000000
27	17935.5469	12650.000	91.65488	0.0	0.0	-90.0	3.5000000
27	17778.1562	12650.000	53.13728	0.0	0.0	-90.0	3.5000000
7	18159.0000	12910.001	171.99998	0.0	0.0	-720.0	8.3299999
37	18046.0000	12896.001	104.99999	0.0	0.0	-180.0	8.0000000
75	17397.5410	14104.939	0.00000	0.0	0.0	-45.0	0.8000000
49	17750.0000	13950.000	0.00000	0.0	0.0	0.0	0.7100000
49	17650.0000	14050.000	0.00000	0.0	0.0	0.0	0.7100000
49	17550.0000	13950.000	0.00000	0.0	0.0	0.0	0.7100000
75	17246.0996	14323.799	0.00000	0.0	0.0	0.0	1.1000000
148	17338.0801	14334.000	0.00000	-15.0	0.0	-45.0	1.9000000
75	17066.2988	14156.939	0.00000	0.0	0.0	45.0	0.8000000
128	16938.8965	14277.808	0.00000	0.0	0.0	-45.0	0.7000000
148	16959.9844	14308.697	0.00000	-15.0	0.0	-90.0	1.8000000
148	16948.5059	14252.447	0.00000	-15.0	0.0	135.0	1.8000000
101	17275.6094	13930.069	0.00000	0.0	0.0	0.0	1.0000000
71	17315.2578	14227.269	0.00000	0.0	0.0	0.0	1.0000000
49	17336.4199	14030.460	5.00000	0.0	0.0	-45.0	0.7100000
49	17190.8691	14135.130	5.00000	0.0	0.0	-90.0	0.6100000
148	17452.2070	13653.119	0.00000	-15.0	0.0	-90.0	1.9000000
49	17342.7695	13815.840	0.00000	0.0	0.0	0.0	0.7100000
80	17204.4180	13764.459	0.00000	0.0	0.0	105.0	0.3000000
49	17165.1406	13914.580	5.00000	0.0	0.0	-135.0	0.6100000
49	17284.4805	13639.859	5.00000	0.0	0.0	-135.0	0.6100000
148	16909.0859	14282.088	0.00000	-15.0	0.0	45.0	1.8000000
75	16440.2305	13970.391	0.00000	0.0	0.0	45.0	0.8000000
80	16092.9395	13954.500	0.00000	0.0	0.0	60.0	0.2000000
148	16444.3398	14121.100	1.19000	-90.0	0.0	0.0	1.8000000
49	16350.0000	14050.000	6.06107	0.0	0.0	-45.0	0.5100000
49	16250.0000	14250.000	10.16830	0.0	0.0	0.0	0.7100000
49	16150.0000	14050.000	7.05126	0.0	0.0	0.0	0.7100000
148	16846.5195	13517.839	0.00000	-90.0	0.0	-135.0	1.8000000
75	16723.6992	13596.120	0.00000	0.0	0.0	45.0	0.8000000
98	16250.0000	13750.000	0.00000	0.0	0.0	45.0	1.5000000
124	16195.3398	13864.630	31.65413	90.0	0.0	290.0	0.7000000
112	16177.3193	13611.420	0.00000	0.0	0.0	-80.0	1.8000000
101	16064.1895	13776.080	0.00000	0.0	0.0	0.0	1.0000000
80	16302.7393	13595.419	0.00000	0.0	0.0	195.0	0.3000000
148	16063.3701	13847.439	0.00000	-15.0	0.0	45.0	1.8000000
5	16170.9990	13575.279	0.00000	0.0	0.0	-76.0	2.2000000
124	17449.4199	13184.880	32.00000	90.0	0.0	335.0	0.7000000
76	17457.8203	13336.811	0.00000	0.0	0.0	-775.0	0.1700000
75	17494.0996	13194.369	0.00000	0.0	0.0	-45.0	0.9000000
20	17449.5391	13249.750	0.00000	0.0	0.0	130.0	1.0000000
71	17407.2305	13488.559	0.00000	0.0	0.0	0.0	1.0000000
75	17067.0000	13392.000	0.00000	0.0	0.0	0.0	0.8000000
112	17300.0000	13250.000	0.00000	0.0	0.0	-305.0	1.8000000
120	17264.0996	13483.631	0.00000	0.0	0.0	-225.0	0.6000000
75	17395.7910	12868.820	0.00000	0.0	0.0	45.0	0.8000000
98	17350.0000	13050.000	0.00000	0.0	0.0	45.0	1.5000000
71	17470.3027	13004.066	0.00000	0.0	0.0	0.0	1.0000000
57	17753.0000	12832.295	58.00000	0.0	0.0	45.0	4.0000000
7	17699.0000	12910.001	53.00000	0.0	0.0	-720.0	8.3299999
35	17378.2051	12650.000	0.00000	0.0	0.0	-450.0	3.5999999
27	17621.1777	12650.000	13.53883	0.0	0.0	-90.0	3.5000000
101	17276.3984	12960.520	0.00000	0.0	0.0	0.0	1.0000000
148	16812.8301	13117.000	0.00000	-90.0	0.0	45.0	1.8000000
91	16811.1191	13286.360	0.00000	0.0	0.0	-360.0	1.8000000
75	16511.1602	13113.890	0.00000	0.0	0.0	45.0	0.8000000
20	16250.0000	13350.000	0.00000	0.0	0.0	130.0	1.0000000
120	16330.2793	13361.949	0.00000	0.0	0.0	-360.0	0.6000000
5	16228.0000	13395.000	0.00000	0.0	0.0	-75.0	2.2000000
5	16267.1494	13214.060	0.00000	0.0	0.0	-80.0	2.2000000
156	16349.0498	13193.120	1.75000	0.0	0.0	90.0	1.7000000
80	16745.9199	12882.109	0.00000	0.0	0.0	-45.0	0.2200000
75	16796.8398	12848.739	0.00000	0.0	0.0	45.0	0.8000000
120	16613.6484	13015.399	0.00000	0.0	0.0	-135.0	0.6000000
80	16870.5430	12904.986	0.00000	0.0	0.0	-165.0	0.3000000
80	16832.7090	12801.904	0.00000	0.0	0.0	-255.0	0.2200000
75	16771.1250	12719.995	0.00000	0.0	0.0	135.0	0.6000000
71	16267.9990	12977.000	0.00000	0.0	0.0	0.0	0.7000000
158	16250.0000	13050.000	0.00000	0.0	0.0	90.0	1.8000000
80	16384.1699	13025.279	0.00000	0.0	0.0	60.0	0.3000000
7	16203.0000	12911.000	4.00000	0.0	0.0	-360.0	8.5000000
37	16078.9990	12907.001	4.00000	0.0	0.0	0.0	8.0000000
35	16325.9980	12653.000	2.00000	0.0	0.0	-270.0	3.5999999
27	16082.0010	12653.000	18.00000	0.0	0.0	90.0	3.5000000
148	15673.7197	16042.960	0.37386	-90.0	0.0	330.0	1.8000000
75	15748.3096	15652.089	0.00000	0.0	0.0	45.0	0.6000000
49	16047.1699	15993.669	5.00000	0.0	0.0	-45.0	0.5100000
104	15952.5195	15850.589	2.55505	0.0	0.0	0.0	0.3000000
75	15396.5000	15948.670	0.00000	0.0	0.0	45.0	0.6000000
148	15844.0889	15306.649	0.81891	-90.0	0.0	15.0	1.8000000
75	15755.9189	15248.410	0.00000	0.0	0.0	45.0	0.8000000
120	15420.5098	15253.700	0.00000	0.0	0.0	-315.0	0.6000000
98	15244.2354	15358.176	0.00000	0.0	0.0	-45.0	1.6000000
71	15421.4893	15412.520	0.00000	0.0	0.0	0.0	1.0000000
75	15267.1406	15633.740	0.00000	0.0	0.0	45.0	0.6000000
91	15249.9482	15487.500	0.00000	0.0	0.0	-0.0	1.9000000
148	15617.1494	15226.180	1.89309	-90.0	0.0	150.0	1.8000000
20	15250.0000	15250.000	0.00000	0.0	0.0	130.0	1.0000000
103	15050.0000	15650.000	0.00000	0.0	0.0	135.0	0.6800000
148	14854.8496	15937.250	0.00000	0.0	0.0	45.0	1.8000000
80	14787.0801	15940.689	0.00000	0.0	0.0	105.0	0.2000000
5	14799.7803	15650.029	0.00000	0.0	0.0	-30.0	2.2000000
91	14515.3789	15901.349	22.40570	55.0	0.0	-35.0	1.9000000
130	14611.5479	15977.670	0.00000	0.0	0.0	-270.0	1.0000000
98	14550.0000	15950.000	0.00000	0.0	0.0	45.0	1.5000000
120	14691.5303	15835.649	1.66625	0.0	0.0	-270.0	0.6000000
157	14697.6992	15712.990	0.00000	0.0	0.0	150.0	1.8000000
80	14491.8896	15812.839	0.00000	0.0	0.0	105.0	0.3000000
20	14550.0000	15750.000	0.00000	0.0	0.0	130.0	1.0000000
5	14423.5996	15842.800	0.00000	0.0	0.0	-25.0	2.2500000
5	14613.1699	15749.930	0.00000	0.0	0.0	-25.0	2.2000000
80	15113.7803	15492.909	0.00000	0.0	0.0	60.0	0.3000000
80	15165.1699	15549.739	0.00000	0.0	0.0	-75.0	0.2000000
158	14950.0000	15550.000	0.00000	0.0	0.0	140.0	1.8000000
70	15928.5400	14844.870	0.00000	0.0	0.0	0.0	0.7000000
148	15659.2500	15138.221	0.00000	-15.0	0.0	45.0	1.8000000
71	15638.8203	14841.789	0.00000	0.0	0.0	0.0	1.0000000
71	15379.2188	15148.230	0.00000	0.0	0.0	0.0	1.0000000
5	15569.5283	14917.700	0.00000	0.0	0.0	-55.0	2.3000000
156	15492.0000	14972.000	2.00000	0.0	0.0	-235.0	1.7000000
75	16028.6592	14731.979	0.00000	0.0	0.0	-45.0	0.8000000
75	15833.8975	14485.100	0.00000	0.0	0.0	45.0	1.1000000
148	16061.4092	14438.569	13.51000	-15.0	0.0	45.0	1.8000000
71	15976.8174	14570.639	0.00000	0.0	0.0	0.0	1.0000000
76	15740.7686	14744.290	0.00000	0.0	0.0	-730.0	0.1700000
120	15926.6689	14675.290	0.00000	0.0	0.0	-225.0	0.6000000
124	15844.7188	14565.489	31.38607	90.0	0.0	290.0	0.7000000
20	15750.0000	14650.000	0.00000	0.0	0.0	130.0	1.0000000
5	15687.0000	14728.999	0.00000	0.0	0.0	-60.0	2.3000000
5	15783.8193	14546.820	0.00000	0.0	0.0	-63.0	2.2500000
35	14796.6494	14798.120	380.00000	0.0	0.0	315.0	1.2000000
45	14869.0000	14821.001	382.00000	0.0	0.0	-46.0	1.2900000
12	14842.0000	14811.000	209.99998	0.0	0.0	-45.0	0.9000000
70	14364.7998	14909.660	379.00000	0.0	0.0	0.0	0.7000000
70	14445.5596	14900.580	379.00000	0.0	0.0	0.0	0.7000000
70	14509.0391	14892.320	379.00000	0.0	0.0	0.0	0.7000000
70	14588.7188	14880.640	379.00000	0.0	0.0	0.0	0.7000000
70	14683.6797	14868.770	379.00000	0.0	0.0	0.0	0.7000000
28	14390.0303	14913.751	378.00000	0.0	0.0	-0.0	0.5000000
17	14715.1230	14817.058	381.07947	0.0	0.0	-193.5	0.8963696
13	14672.5498	14959.142	357.00000	0.0	0.0	260.0	1.2900000
68	14488.9736	14828.171	379.08755	0.0	0.0	-6.5	1.2051193
28	14514.3203	14894.149	378.00000	0.0	0.0	-0.0	0.5000000
28	14641.4287	14865.910	378.87851	0.0	0.0	-0.0	0.5000000
28	14683.3799	14889.250	378.24930	0.0	0.0	-0.0	0.5000000
68	14552.0400	14819.960	379.00000	0.0	0.0	-9.5	1.2100000
35	14786.1387	14517.279	379.00000	0.0	0.0	-80.0	2.5000000
70	14933.3799	14382.930	379.00000	0.0	0.0	0.0	0.7000000
70	14869.2002	14685.100	379.00000	0.0	0.0	0.0	0.7000000
70	14888.0889	14605.729	379.00000	0.0	0.0	0.0	0.7000000
70	14901.4492	14526.250	379.00000	0.0	0.0	0.0	0.7000000
70	14922.0791	14452.460	379.00000	0.0	0.0	0.0	0.7000000
28	14935.4688	14396.040	379.49997	0.0	0.0	-0.0	0.5000000
17	14819.3330	14711.073	381.08112	0.0	0.0	-342.0	0.8986080
13	14986.7783	14636.822	357.00000	0.0	0.0	190.0	1.2900000
68	14842.7930	14491.867	378.92526	0.0	0.0	-80.5	1.2004021
28	14891.2002	14683.439	379.49997	0.0	0.0	-0.0	0.5000000
28	14898.3994	14558.271	379.49997	0.0	0.0	-0.0	0.5000000
28	14913.6006	14434.709	379.49997	0.0	0.0	-0.0	0.5000000
68	14832.1797	14548.692	379.00000	0.0	0.0	-78.0	1.2100000
35	14512.2998	14777.989	379.00000	0.0	0.0	-8.0	2.5000000
49	14249.0010	16050.000	6.00000	0.0	0.0	0.0	0.6100000
49	14050.2002	16050.246	8.46090	0.0	0.0	0.0	0.7100000
71	14347.2598	15872.220	0.00000	0.0	0.0	0.0	1.0000000
49	13950.0000	15850.000	0.00000	0.0	0.0	0.0	0.7100000
49	14150.2002	15950.246	11.64517	0.0	0.0	0.0	0.5100000
51	13736.5098	15879.180	3.60000	-10.0	0.0	0.0	0.6000000
49	13850.0000	15950.000	4.04409	0.0	0.0	0.0	0.7100000
49	13850.0000	15750.000	0.00000	0.0	0.0	0.0	0.7100000
57	12896.0010	15667.999	380.00000	0.0	0.0	45.0	3.0000000
57	12853.9990	15957.001	365.00000	0.0	0.0	45.0	5.0000000
18	12911.0000	15953.000	379.00000	0.0	0.0	270.0	1.3000000
18	12911.0000	15681.000	379.00000	0.0	0.0	270.0	1.3000000
18	12911.0000	15409.000	379.00000	0.0	0.0	270.0	1.3000000
57	12906.3291	15462.880	378.90549	0.0	0.0	45.0	2.0000000
70	14127.0000	14889.999	379.00000	0.0	0.0	0.0	0.7000000
28	14030.8994	14840.810	378.00000	0.0	0.0	30.0	0.5000000
70	13986.7998	14811.090	379.00000	0.0	0.0	0.0	0.7000000
70	14050.0293	14857.919	379.00000	0.0	0.0	0.0	0.7000000
17	14333.2139	14870.982	380.74527	0.0	0.0	86.5	0.8933917
14	14334.0000	14962.999	382.00000	0.0	0.0	0.0	1.2900000
13	14027.8096	14946.579	358.00000	0.0	0.0	-60.0	1.3000000
60	14139.9990	15131.999	118.85831	0.0	0.0	0.0	1.0000000
17	14182.0752	14867.681	380.66443	0.0	0.0	206.0	0.8970100
28	14117.6191	14892.760	378.00000	0.0	0.0	30.0	0.5000000
35	14249.4404	14913.823	380.00000	0.0	0.0	362.0	1.2000000
28	13918.1504	14785.420	378.00000	0.0	0.0	30.0	0.5000000
35	14083.5098	14729.810	379.00000	0.0	0.0	30.0	2.5000000
68	14053.1406	14768.954	378.67111	0.0	0.0	28.0	1.2059801
35	13749.0400	14401.850	379.00000	0.0	0.0	55.0	2.5000000
70	13725.4502	14577.119	379.00000	0.0	0.0	0.0	0.7000000
70	13685.4795	14509.439	379.00000	0.0	0.0	0.0	0.7000000
70	13579.3398	14374.810	379.00000	0.0	0.0	0.0	0.7000000
70	13637.3398	14434.750	379.00000	0.0	0.0	0.0	0.7000000
70	13919.0205	14770.540	379.00000	0.0	0.0	0.0	0.7000000
68	13702.6641	14419.168	379.16068	0.0	0.0	55.0	1.2059801
28	13571.1992	14369.279	378.00000	0.0	0.0	55.0	0.5000000
17	13899.6338	14714.258	380.66443	0.0	0.0	122.0	0.8970100
14	13782.0010	14714.999	382.00000	0.0	0.0	45.0	1.2900000
13	13565.1094	14487.999	358.00000	0.0	0.0	-26.0	1.3000000
28	13655.2402	14458.770	378.00000	0.0	0.0	55.0	0.5000000
17	13787.3486	14585.229	381.00000	0.0	0.0	-127.0	0.9000000
28	13710.5000	14569.789	378.00000	0.0	0.0	45.0	0.5500000
35	13816.3682	14683.000	380.00000	0.0	0.0	406.0	1.2000000
68	13716.6064	14439.230	379.00000	0.0	0.0	54.2	1.2100000
60	13495.9990	15110.129	206.27052	0.0	0.0	0.0	1.0000000
57	12887.0000	14982.001	365.00000	0.0	0.0	45.0	5.0000000
57	12900.7490	14850.786	380.00000	0.0	0.0	45.0	3.0000000
18	12911.0000	15137.000	379.00000	0.0	0.0	270.0	1.3000000
18	12911.0000	14864.999	379.00000	0.0	0.0	270.0	1.3000000
61	12950.0000	14678.000	525.00000	0.0	0.0	0.0	1.2000000
68	13436.3691	14357.867	379.00000	0.0	0.0	-29.0	1.2100000
70	13503.1191	14402.260	379.00000	0.0	0.0	0.0	0.7000000
70	13424.5391	14447.840	379.00000	0.0	0.0	0.0	0.7000000
70	13090.6201	14568.939	379.00000	0.0	0.0	0.0	0.7000000
70	13172.0000	14545.090	379.00000	0.0	0.0	0.0	0.7000000
70	13253.4102	14521.520	379.00000	0.0	0.0	0.0	0.7000000
70	13340.4805	14486.110	379.00000	0.0	0.0	0.0	0.7000000
28	13472.9297	14417.210	378.00000	0.0	0.0	60.0	0.5000000
28	13135.9482	14550.548	378.00000	0.0	0.0	70.0	0.5000000
68	13420.0977	14367.000	378.06970	0.0	0.0	-28.0	1.2100000
68	13111.3359	14489.304	378.06970	0.0	0.0	-15.5	1.2100000
14	13253.9990	14587.000	382.00000	0.0	0.0	-18.0	1.2900000
68	13269.3359	14436.304	378.06970	0.0	0.0	-21.5	1.2100000
28	13258.8486	14526.261	378.00000	0.0	0.0	70.0	0.5000000
28	13374.0293	14475.600	378.00000	0.0	0.0	70.0	0.5000000
31	12702.0000	14517.000	381.00000	180.0	0.0	-180.0	2.5000000
70	13008.3193	14584.920	379.00000	0.0	0.0	0.0	0.7000000
28	13019.9297	14599.409	378.00000	0.0	0.0	70.0	0.5000000
26	12650.0000	14683.309	381.00000	0.0	0.0	-90.0	4.2500000
13	12949.8047	14681.407	358.00000	0.0	0.0	90.0	1.3000000
17	12962.3350	14555.464	380.06967	0.0	0.0	-281.5	0.9000000
158	15850.0000	14350.000	0.00000	0.0	0.0	115.0	1.8000000
49	15950.0000	14050.000	5.86529	0.0	0.0	0.0	0.7100000
49	15993.7695	14353.260	7.51078	0.0	0.0	0.0	0.5100000
49	16050.0000	14150.000	6.24370	0.0	0.0	0.0	0.7100000
49	15850.0000	13950.000	0.00000	0.0	0.0	0.0	0.7100000
49	15749.6748	13650.054	0.00000	0.0	0.0	0.0	0.7100000
49	15850.0400	13749.886	0.00000	0.0	0.0	0.0	0.7100000
49	15750.0000	13849.571	0.00000	0.0	0.0	0.0	0.7100000
51	15881.2695	13565.370	3.15000	-10.0	0.0	45.0	0.6000000
49	15650.6406	13550.096	6.87723	0.0	0.0	0.0	0.7100000
70	14909.0596	14129.799	379.00000	0.0	0.0	0.0	0.7000000
70	14860.4404	14054.570	379.00000	0.0	0.0	0.0	0.7000000
70	14821.4688	13992.700	379.00000	0.0	0.0	0.0	0.7000000
28	14829.4102	14013.438	378.00000	0.0	0.0	-45.0	0.5000000
17	14893.9043	14337.863	380.90939	0.0	0.0	96.5	0.8928611
14	14985.0010	14349.001	382.00000	0.0	0.0	-90.0	1.2900000
13	14965.9199	14026.351	358.00000	0.0	0.0	-30.0	1.3000000
60	15098.0000	14191.000	199.50002	0.0	0.0	0.0	1.0000000
17	14885.3975	14177.463	380.66888	0.0	0.0	-28.0	0.9029801
28	14903.9395	14112.430	378.00000	0.0	0.0	-45.0	0.5000000
35	14933.8916	14248.000	380.00000	0.0	0.0	267.0	1.2000000
35	14744.6396	14080.420	379.00000	0.0	0.0	-123.0	2.5000000
68	14778.9854	14052.450	378.66226	0.0	0.0	-122.0	1.2240398
28	14783.7998	13918.810	378.00000	0.0	0.0	-40.0	0.5000000
35	14414.5693	13754.340	379.00000	0.0	0.0	-147.0	2.5000000
70	14433.1191	13639.119	379.00320	0.0	0.0	0.0	0.7000000
70	14380.6094	13589.220	379.00000	0.0	0.0	0.0	0.7000000
70	14406.0303	13512.970	379.00000	0.0	0.0	0.0	0.7000000
70	14774.6992	13919.989	379.00000	0.0	0.0	0.0	0.7000000
70	14585.0498	13730.620	379.00000	0.0	0.0	0.0	0.7000000
70	14502.2490	13680.851	379.00000	0.0	0.0	0.0	0.7000000
28	14381.7402	13589.051	378.00000	0.0	0.0	-60.0	0.5000000
17	14714.4639	13901.427	380.66888	0.0	0.0	55.0	0.9029801
68	14435.3916	13717.201	378.97665	0.0	0.0	-147.0	1.2157346
14	14739.0000	13798.000	382.00000	0.0	0.0	225.0	1.2900000
13	14503.9990	13570.000	358.00000	0.0	0.0	-60.0	1.3000000
17	14585.0010	13785.001	381.00000	0.0	0.0	-413.5	0.9000000
28	14574.2783	13711.418	378.00000	0.0	0.0	-55.0	0.5000000
28	14464.1895	13651.669	378.00000	0.0	0.0	-55.0	0.5000000
35	14686.3906	13811.603	380.00000	0.0	0.0	223.0	1.2000000
57	15897.0000	12894.000	61.00000	0.0	0.0	45.0	4.0000000
37	15831.9990	12906.999	66.99999	0.0	0.0	0.0	8.0000000
7	15956.9990	12911.000	65.00000	0.0	0.0	0.0	8.5000000
7	15709.9990	12911.000	127.00000	0.0	0.0	0.0	8.5000000
27	15767.9990	12653.000	97.33607	0.0	0.0	90.0	3.5000000
27	15925.0000	12653.000	57.29018	0.0	0.0	90.0	3.5000000
57	15583.0000	12881.999	119.00001	0.0	0.0	45.0	5.0000000
37	15337.9990	12906.999	193.00000	0.0	0.0	0.0	8.0000000
7	15462.0000	12911.000	193.00000	0.0	0.0	-360.0	8.5000000
37	15584.9990	12906.999	130.00000	0.0	0.0	0.0	8.0000000
27	15609.9990	12653.000	136.58870	0.0	0.0	90.0	3.5000000
27	15373.9990	12653.000	194.76091	0.0	0.0	90.0	3.5000000
27	15492.0000	12653.000	165.74683	0.0	0.0	90.0	3.5000000
7	15214.9990	12911.000	253.00000	0.0	0.0	-360.0	8.5000000
27	15255.0000	12653.000	225.10033	0.0	0.0	90.0	3.5000000
68	14400.9990	13369.000	379.00000	0.0	0.0	-66.5	1.2100000
70	14456.6699	13430.620	379.00000	0.0	0.0	0.0	0.7000000
70	14496.4492	13343.150	379.00000	0.0	0.0	0.0	0.7000000
70	14518.6094	13263.780	379.00000	0.0	0.0	0.0	0.7000000
70	14544.1699	13172.341	379.00000	0.0	0.0	0.0	0.7000000
70	14565.2803	13086.319	379.00000	0.0	0.0	0.0	0.7000000
28	14434.4395	13474.040	378.00000	0.0	0.0	-60.0	0.5000000
28	14554.5596	13127.460	378.00000	0.0	0.0	-70.0	0.5000000
68	14362.9990	13452.000	379.00000	0.0	0.0	-64.0	1.2100000
68	14490.1670	13105.181	379.00000	0.0	0.0	-77.0	1.2100000
14	14595.0000	13257.001	382.00000	0.0	0.0	-74.0	1.2900000
28	14483.9404	13363.319	378.00000	0.0	0.0	-65.0	0.5000000
28	14524.2207	13247.949	378.00000	0.0	0.0	-65.0	0.5000000
68	14442.9990	13264.000	379.00000	0.0	0.0	-70.0	1.2100000
61	14682.0010	12933.000	525.00000	0.0	0.0	0.0	1.2000000
57	15161.0000	12894.000	228.47948	0.0	0.0	45.0	4.0000000
7	14966.0000	12911.000	313.00000	0.0	0.0	-360.0	8.5000000
57	14845.0000	12886.000	295.00000	0.0	0.0	45.0	5.0000000
37	14842.0000	12906.999	319.99997	0.0	0.0	0.0	8.0000000
27	15017.9990	12653.000	284.00000	0.0	0.0	90.0	3.5000000
27	14898.9990	12653.000	314.00000	0.0	0.0	90.0	3.5000000
27	15136.0000	12653.000	254.49915	0.0	0.0	90.0	3.5000000
37	15089.9990	12907.001	256.00000	0.0	0.0	0.0	8.0000000
70	14582.8291	13008.049	379.00000	0.0	0.0	0.0	0.7000000
28	14587.9990	13012.161	378.00000	0.0	0.0	-80.0	0.5000000
12	14681.0000	12650.000	170.00000	0.0	0.0	-90.0	1.1500000
13	14682.0010	12932.001	358.00000	0.0	0.0	-90.0	1.3000000
27	14781.0000	12653.000	341.99997	0.0	0.0	90.0	3.5000000
31	14487.9990	12703.000	379.49997	0.0	0.0	-90.0	2.5000000
17	14551.3555	12953.435	381.00000	0.0	0.0	-260.0	0.9000000
96	14278.9990	14264.999	314.00000	0.0	0.0	-316.0	1.5000000
17	13589.9990	14302.000	381.00000	0.0	0.0	-212.0	0.9000000
17	14313.6338	13607.933	380.98148	0.0	0.0	-330.0	0.9000000
0	12650.0000	13546.001	630.00000	0.0	0.0	0.0	1.0500000
0	12650.0000	13550.000	565.00000	0.0	0.0	0.0	1.0000000
132	12650.0000	13550.000	381.00000	0.0	0.0	0.0	1.1000000
31	12700.0752	13863.025	377.00000	0.0	0.0	180.0	2.5000000
0	13550.0000	12650.000	565.00000	0.0	0.0	0.0	1.0000000
0	13546.0010	12650.000	630.00000	0.0	0.0	0.0	1.0400000
132	13550.0000	12650.000	381.00000	0.0	0.0	0.0	1.1000000
31	13862.0166	12700.157	381.00000	180.0	0.0	-450.0	2.5000000
108	13289.5889	13296.620	379.49997	0.0	0.0	-45.0	1.1000000
38	13452.3770	13098.244	379.00000	0.0	0.0	-375.0	14.0500002
43	13469.2402	13433.789	379.00000	0.0	0.0	134.0	6.0000000
25	12864.2412	13165.731	379.00000	0.0	0.0	-157.5	4.9000001
103	13050.0000	13450.000	379.00000	0.0	0.0	-27.0	0.6800000
103	13450.0000	13050.000	379.00000	0.0	0.0	-65.0	0.6800000
21	12650.0000	12650.000	379.00000	0.0	0.0	45.0	1.5000000
30	12650.0000	12650.000	378.00000	0.0	0.0	22.5	4.9000001
77	12622.8604	25136.760	492.00000	0.0	0.0	90.0	0.9000000
77	12299.0430	25097.000	492.00000	0.0	0.0	180.0	0.8000000
77	12531.6094	25060.258	492.00000	0.0	0.0	90.0	0.7000000
77	11869.6396	25150.896	492.00000	0.0	0.0	45.0	0.9000000
77	12116.2676	25161.439	492.00000	0.0	0.0	180.0	1.1000000
84	12452.3701	24874.939	531.00000	0.0	0.0	-40.0	2.5000000
9	12350.5098	24641.570	502.00000	0.0	0.0	-0.0	2.0000000
9	12525.3398	24670.197	502.00000	0.0	0.0	15.0	2.0000000
28	12416.0000	24860.000	494.00000	0.0	0.0	5.0	2.0000000
84	12403.7305	24611.189	531.00000	0.0	0.0	-45.0	1.7000000
77	12431.1191	25018.900	492.00000	0.0	0.0	90.0	0.9000000
84	11996.0000	24650.000	531.00000	0.0	0.0	-70.0	1.7000000
9	11812.4902	24802.947	502.00000	0.0	0.0	-20.0	2.0000000
9	11989.5996	24736.547	502.00000	0.0	0.0	-20.0	2.0000000
9	12191.4600	24664.260	502.00000	0.0	0.0	-20.0	2.0000000
28	12045.0703	24910.939	494.99997	0.0	0.0	-25.0	2.0000000
84	11801.2188	24733.980	531.00000	0.0	0.0	-60.0	1.7000000
84	12201.0400	24594.527	531.00000	0.0	0.0	-70.0	1.7000000
84	12100.0000	24928.785	531.00000	0.0	0.0	-40.0	2.5000000
77	11404.6699	25180.619	492.00000	0.0	0.0	45.0	0.9000000
77	11763.0195	25163.047	492.00000	0.0	0.0	90.0	1.0000000
28	11654.0000	25051.998	494.00000	0.0	0.0	0.0	2.0000000
84	11717.7998	25039.857	531.00000	0.0	0.0	-10.0	2.5000000
84	11402.5791	25041.959	531.00000	0.0	0.0	-10.0	2.5000000
77	10990.9697	25135.348	492.00000	0.0	0.0	90.0	1.0000000
77	11107.2490	25163.850	492.00000	0.0	0.0	45.0	0.9000000
28	11212.0000	25040.000	494.99997	0.0	0.0	15.0	2.0000000
77	11266.7285	25199.459	492.00000	0.0	0.0	45.0	0.7000000
77	11613.5898	25160.840	324.00000	0.0	0.0	90.0	1.0000000
90	11459.3418	24814.102	527.00000	0.0	0.0	-270.0	1.8000000
9	11384.6201	24880.539	502.00000	0.0	0.0	0.0	2.0000000
9	11603.1299	24861.580	502.00000	0.0	0.0	-10.0	2.0000000
84	11582.0000	24792.303	531.00000	0.0	0.0	-50.0	1.7000000
9	10994.6299	24760.170	502.00000	0.0	0.0	30.0	2.0000000
9	11175.2490	24844.570	502.00000	0.0	0.0	20.0	2.0000000
84	10963.1602	24684.721	531.00000	0.0	0.0	-30.0	1.7000000
84	11143.1904	24764.959	531.00000	0.0	0.0	-30.0	1.7000000
84	11362.8193	24796.959	531.00000	0.0	0.0	-40.0	1.7000000
84	11091.6484	25016.469	531.00000	0.0	0.0	-35.0	2.5000000
60	11705.0000	24648.000	245.00000	0.0	0.0	0.0	1.0000000
60	11149.0000	24621.000	245.00000	0.0	0.0	0.0	1.0000000
77	10802.9199	25099.170	492.00000	0.0	0.0	45.0	0.8000000
9	10662.8398	24604.537	502.00000	0.0	0.0	15.0	2.0000000
9	10832.2002	24672.629	502.00000	0.0	0.0	25.0	2.0000000
28	10764.0000	24865.000	494.00000	0.0	0.0	15.0	2.0000000
84	10718.2002	24851.580	531.00000	0.0	0.0	-10.0	2.5000000
77	10522.0000	24959.000	492.00000	0.0	0.0	45.0	0.8000000
77	10723.8594	24995.727	492.00000	0.0	0.0	90.0	1.0000000
9	10153.6699	24666.939	502.00000	0.0	0.0	-20.0	2.0000000
9	10340.6494	24600.719	502.00000	0.0	0.0	-20.0	2.0000000
28	10405.1094	24812.238	494.99997	0.0	0.0	-15.0	2.0000000
84	10110.8896	24639.209	531.00000	0.0	0.0	-65.0	1.7000000
84	10341.4199	24815.799	531.00000	0.0	0.0	-10.0	2.5000000
77	10233.7598	25017.930	492.00000	0.0	0.0	90.0	0.8000000
77	10406.7295	24999.578	492.00000	0.0	0.0	90.0	1.0000000
77	9677.1523	25118.928	492.00000	0.0	0.0	0.0	0.6000000
77	9787.1494	25098.670	492.00000	0.0	0.0	-45.0	0.8000000
77	9327.0000	25129.000	492.00000	0.0	0.0	0.0	0.9000000
77	9568.0986	25096.627	492.00000	0.0	0.0	45.0	1.0000000
84	9687.7998	24918.840	523.00000	0.0	0.0	-35.0	1.8000000
9	9742.4600	24798.900	502.00000	0.0	0.0	-10.0	2.0000000
9	9951.7002	24741.100	502.00000	0.0	0.0	-20.0	2.0000000
84	9881.8584	24724.340	531.00000	0.0	0.0	-65.0	1.7000000
84	9971.2695	24945.070	531.00000	0.0	0.0	-10.0	2.5000000
28	9919.8799	24935.100	494.99997	0.0	0.0	-15.0	2.0000000
77	10004.0303	25004.605	492.00000	0.0	0.0	45.0	1.1000000
84	9618.0000	24733.000	523.00000	0.0	0.0	-35.0	1.8000000
90	9594.2988	24798.383	529.62524	0.0	0.0	-270.0	1.8000000
9	9321.0781	24801.078	502.00000	0.0	0.0	10.0	2.0000000
9	9535.3896	24817.189	502.00000	0.0	0.0	0.0	2.0000000
28	9482.6191	24975.227	494.99997	0.0	0.0	0.0	2.0000000
84	9383.9697	24759.629	531.00000	0.0	0.0	-35.0	1.7000000
84	9500.0195	25017.119	531.00000	0.0	0.0	-45.0	2.5000000
60	9418.9990	24622.000	245.00000	0.0	0.0	0.0	1.0000000
77	11818.1201	24365.420	239.93806	20.0	0.0	225.0	0.2500000
77	11829.2900	24324.039	316.26999	10.0	0.0	270.0	0.2500000
80	11849.1992	24182.049	324.00000	0.0	0.0	765.0	0.4000000
77	11920.0000	24287.000	319.99997	15.0	0.0	225.0	0.3500000
77	11967.8799	24217.588	324.00000	-15.0	0.0	-15.0	0.4000000
9	11859.7988	24216.330	315.00000	0.0	0.0	150.0	2.0000000
60	12121.9990	24501.998	245.00000	0.0	0.0	0.0	1.0000000
101	12254.8984	23747.709	316.17001	0.0	0.0	0.0	1.0000000
75	12410.1699	23766.068	332.53000	0.0	0.0	45.0	0.8000000
92	12278.0000	23896.000	320.95352	0.0	0.0	-170.0	0.6000000
9	12246.2197	23960.230	315.00000	0.0	0.0	125.0	2.0000000
9	12294.8887	23844.980	315.00000	0.0	0.0	100.0	2.0000000
71	11879.5098	24020.109	317.29001	0.0	0.0	0.0	1.0000000
77	12063.3896	24165.559	324.00000	0.0	0.0	0.0	0.3000000
75	12015.1104	23972.137	324.00000	0.0	0.0	45.0	0.8000000
101	12183.4590	24156.740	331.85999	0.0	0.0	0.0	0.9000000
120	11861.5352	23994.074	324.00000	0.0	0.0	-90.0	0.6000000
9	12026.7002	24129.949	315.00000	0.0	0.0	160.0	2.0000000
9	12147.1592	24061.670	315.00000	0.0	0.0	140.0	2.0000000
120	12126.1094	23766.885	324.00003	0.0	0.0	-45.0	0.6000000
80	12041.6699	24078.580	322.91397	0.0	0.0	720.0	0.3000000
104	11704.5098	24215.816	328.23306	0.0	0.0	0.0	0.4000000
105	11416.0596	24456.619	332.30289	10.0	0.0	-495.0	2.3000000
105	11512.2891	24381.586	325.24982	10.0	0.0	-720.0	2.0000000
75	11543.4297	24267.400	324.00000	0.0	0.0	0.0	0.8000000
105	11401.5000	24358.680	250.09286	10.0	0.0	-720.0	2.0000000
9	11606.8584	24365.990	315.00000	0.0	0.0	170.0	2.0000000
105	11710.5000	24440.900	337.52588	10.0	0.0	-585.0	2.0000000
105	11603.6094	24458.330	333.26498	10.0	0.0	-720.0	2.3000000
9	11450.4482	24375.760	315.00000	0.0	0.0	185.0	2.0000000
9	11712.5088	24325.090	315.00000	0.0	0.0	140.0	2.0000000
105	11671.0000	24364.000	250.00000	10.0	0.0	-720.0	2.0000000
77	11015.8291	24243.529	324.00000	0.0	0.0	45.0	0.3000000
77	11324.0000	24420.000	246.00000	20.0	0.0	135.0	0.2500000
77	11112.6094	24296.680	324.00000	0.0	0.0	90.0	0.4200000
77	11179.0000	24349.000	324.00000	15.0	0.0	90.0	0.3500000
77	11253.4697	24405.318	324.00000	10.0	0.0	135.0	0.2500000
80	11238.5498	24195.109	318.99997	0.0	0.0	765.0	0.3000000
80	11121.3701	24179.301	324.00000	0.0	0.0	855.0	0.4000000
120	11357.8193	24199.930	322.71930	0.0	0.0	-45.0	0.6000000
9	11301.3896	24339.719	315.00000	0.0	0.0	200.0	2.0000000
9	11174.3389	24274.969	315.00000	0.0	0.0	215.0	2.0000000
9	11040.8496	24174.717	315.00000	0.0	0.0	220.0	2.0000000
80	11274.8398	24290.078	318.32465	0.0	0.0	810.0	0.4000000
75	11076.2598	24069.680	324.00000	0.0	0.0	0.0	0.9000000
71	10982.2900	23999.068	313.89999	0.0	0.0	0.0	1.0000000
120	11082.8496	23744.248	318.31998	0.0	0.0	-45.0	0.6000000
70	11090.1074	23801.703	324.00000	0.0	0.0	0.0	0.8000000
9	12288.2588	23522.562	315.00000	0.0	0.0	75.0	2.0000000
80	12378.5400	23688.359	327.88660	0.0	0.0	765.0	0.3000000
124	12250.0000	23550.000	324.00000	0.0	0.0	315.0	0.8000000
124	12329.7998	23666.420	324.00000	45.0	0.0	315.0	0.8000000
77	12255.6396	23321.500	312.42487	-15.0	0.0	225.0	0.4000000
77	12315.5801	23394.709	324.00000	-15.0	0.0	315.0	0.3000000
75	12401.3496	23589.840	332.58160	0.0	0.0	45.0	0.8000000
9	12307.5801	23675.369	315.00000	0.0	0.0	90.0	2.0000000
9	12228.4688	23397.137	315.00000	0.0	0.0	55.0	2.0000000
76	12370.0000	23504.998	277.00000	0.0	0.0	-110.0	0.2000000
71	12123.0000	23707.000	324.00000	0.0	0.0	0.0	0.8000000
75	11959.5898	23323.811	308.13000	0.0	0.0	45.0	1.0000000
80	12196.4551	23469.381	324.00000	0.0	0.0	765.0	0.4000000
80	12166.4844	23348.078	324.00000	0.0	0.0	675.0	0.4000000
49	12050.0000	23350.000	335.00000	0.0	0.0	0.0	0.7100000
49	11943.0000	23486.000	332.00000	0.0	0.0	-45.0	0.6100000
120	12108.9297	22975.066	332.97791	0.0	0.0	-180.0	0.6000000
80	12000.8389	22936.969	318.99997	0.0	0.0	15.0	0.3000000
101	11873.3691	22926.998	324.00000	0.0	0.0	0.0	1.0000000
77	12160.8301	23229.906	324.00000	-15.0	0.0	180.0	0.3000000
75	11942.3389	23025.729	324.00000	0.0	0.0	45.0	1.0000000
75	12149.0391	23128.139	327.83133	0.0	0.0	55.0	0.9000000
9	12129.4102	23288.520	315.00000	0.0	0.0	40.0	2.0000000
9	12017.3604	23096.770	315.00000	0.0	0.0	85.0	2.0000000
102	12068.5684	23064.490	329.27441	0.0	0.0	90.0	1.0000000
102	11990.9600	23207.830	324.00000	0.0	0.0	45.0	0.9000000
101	11055.0498	23467.770	324.04999	0.0	0.0	0.0	1.0000000
80	10973.8701	23349.779	336.00000	0.0	0.0	0.0	0.3000000
75	11046.8701	23592.959	325.12854	0.0	0.0	0.0	0.9000000
120	11121.3916	23421.697	300.34381	0.0	0.0	-180.0	0.6000000
49	11795.4697	23301.590	331.00995	0.0	0.0	0.0	0.5500000
120	11396.9502	22961.799	310.00000	0.0	0.0	-110.0	0.6000000
70	11439.0000	23043.000	303.00000	10.0	0.0	90.0	0.8000000
71	11135.6289	22941.598	318.63113	0.0	0.0	0.0	1.0000000
70	10952.8691	23163.668	309.01996	0.0	0.0	0.0	0.8000000
20	11148.5996	23142.029	300.94571	0.0	0.0	180.0	1.1000000
77	11042.5312	23302.229	323.00000	-15.0	0.0	270.0	0.3500000
77	11257.0000	23070.000	324.00000	-15.0	0.0	225.0	0.3000000
75	11366.0000	23184.000	301.00000	0.0	0.0	0.0	0.9000000
75	11081.1299	23175.639	322.28998	0.0	0.0	0.0	0.9000000
101	11203.3496	23269.100	281.04001	0.0	0.0	0.0	1.0000000
80	11105.6689	23092.959	321.63052	0.0	0.0	45.0	0.3000000
80	11274.0000	23169.000	304.00000	-10.0	0.0	-45.0	0.3000000
75	11348.8682	22991.199	322.54764	0.0	0.0	0.0	0.9000000
90	10551.0342	24582.193	522.83795	0.0	0.0	-270.0	1.8000000
84	10553.0293	24507.746	531.00000	0.0	0.0	-45.0	1.7000000
84	10751.6582	24581.107	531.00000	0.0	0.0	-37.0	1.7000000
9	10484.6699	24575.770	502.00000	0.0	0.0	0.0	2.0000000
84	10317.0391	24519.840	531.00000	0.0	0.0	-45.0	1.7000000
60	10736.0000	24409.000	245.00000	0.0	0.0	0.0	1.0000000
9	10092.1602	24179.430	315.00000	0.0	0.0	160.0	2.0000000
60	10296.0000	24418.000	245.00000	0.0	0.0	0.0	1.0000000
84	10855.3105	24129.789	324.00000	0.0	0.0	55.0	1.5000000
20	10842.4600	23754.879	323.45999	0.0	0.0	90.0	1.1000000
77	10920.8584	23842.100	310.53000	-15.0	0.0	-45.0	0.4000000
84	10594.7598	23800.639	382.00000	0.0	0.0	0.0	1.7000000
70	10803.0000	23856.000	349.00000	-15.0	0.0	45.0	0.8000000
84	10675.6191	24068.080	324.00000	0.0	0.0	10.0	1.7000000
9	10530.9297	23918.180	315.00000	0.0	0.0	180.0	2.0000000
9	10743.3398	23980.660	315.00000	0.0	0.0	225.0	2.0000000
9	10873.7285	24080.311	315.00000	0.0	0.0	205.0	2.0000000
84	10515.9697	24011.559	342.99997	0.0	0.0	-35.0	1.7000000
101	10270.0703	23885.289	335.42365	0.0	0.0	0.0	1.0000000
9	10211.0889	24107.188	315.00000	0.0	0.0	140.0	2.0000000
77	10169.0996	24165.727	324.00000	0.0	0.0	0.0	0.6000000
77	10284.0098	24102.430	325.00000	-10.0	0.0	-45.0	0.5000000
77	10411.9785	24020.658	324.00000	0.0	0.0	45.0	0.3000000
76	10169.1387	24034.990	326.04898	0.0	0.0	-45.0	0.2000000
9	10331.8203	23999.039	315.00000	0.0	0.0	140.0	2.0000000
70	10368.9941	23755.506	356.99838	0.0	0.0	0.0	0.8000000
76	10270.4795	24014.070	330.84808	0.0	0.0	-135.0	0.1000000
80	10327.6895	23959.881	328.24237	0.0	0.0	720.0	0.3000000
0	9850.0000	24250.000	450.00000	0.0	0.0	0.0	1.0000000
63	9350.0000	24250.000	548.94818	0.0	0.0	0.0	4.0000000
63	9650.0000	24350.000	480.00003	0.0	0.0	0.0	4.0000000
61	9650.0000	24350.000	529.00000	0.0	0.0	0.0	1.0000000
0	9352.0000	24250.000	590.00000	0.0	0.0	0.0	1.0000000
77	10013.1191	24265.549	324.00000	0.0	0.0	0.0	0.4000000
60	9874.0000	24573.000	245.00000	0.0	0.0	0.0	1.0000000
63	9850.0000	24250.000	400.00000	0.0	0.0	0.0	4.0000000
75	9758.2783	24368.168	333.11398	0.0	0.0	0.0	0.9000000
9	9779.1299	24288.551	315.00000	0.0	0.0	170.0	2.0000000
9	9940.9297	24241.877	315.00000	0.0	0.0	160.0	2.0000000
80	9949.4404	24243.010	324.00000	0.0	0.0	765.0	0.3000000
75	9246.9883	24271.250	335.50443	0.0	0.0	45.0	0.8000000
112	9600.0000	24250.000	324.00000	0.0	0.0	145.0	1.8000000
101	9389.6504	24341.299	331.16000	0.0	0.0	0.0	1.0000000
75	9563.6602	24391.150	329.91623	0.0	0.0	0.0	0.9000000
9	9457.7500	24270.990	315.00000	0.0	0.0	200.0	2.0000000
9	9313.3301	24206.000	315.00000	0.0	0.0	210.0	2.0000000
9	9605.4199	24301.990	315.00000	0.0	0.0	180.0	2.0000000
77	10050.5391	24118.398	213.99998	0.0	0.0	-25.0	0.4000000
80	9982.9883	24163.199	324.00000	0.0	0.0	810.0	0.4000000
70	9680.0000	24029.998	324.00000	0.0	0.0	0.0	0.7000000
120	9794.4385	24079.570	324.00000	0.0	0.0	-225.0	0.6000000
124	9250.0000	24150.000	324.00000	0.0	0.0	315.0	0.8000000
70	9268.0000	23821.000	324.00000	0.0	0.0	0.0	0.7000000
102	9400.0000	24150.000	324.00000	0.0	0.0	0.0	1.0000000
120	9300.6699	23854.590	324.00000	0.0	0.0	-180.0	0.6000000
77	10912.6094	23510.391	365.00000	-15.0	0.0	-45.0	0.4000000
77	10879.7695	23347.080	347.42001	-15.0	0.0	135.0	0.4000000
77	10731.0898	23656.619	362.00000	0.0	0.0	-90.0	0.5000000
71	10548.7393	23525.248	325.07410	0.0	0.0	0.0	1.0000000
75	10679.1797	23559.949	349.53650	0.0	0.0	0.0	0.9000000
101	10701.1299	23410.939	334.73996	0.0	0.0	0.0	1.0000000
120	10643.0195	23459.789	314.78000	0.0	0.0	-135.0	0.6000000
80	10808.8096	23478.836	357.47769	0.0	0.0	810.0	0.4000000
80	10931.7227	23677.082	352.41220	0.0	0.0	0.0	0.4000000
101	10856.7090	23669.814	373.14294	0.0	0.0	0.0	1.0000000
20	10458.8643	23654.000	324.00000	0.0	0.0	-45.0	1.1000000
75	10324.4629	23658.416	341.60608	0.0	0.0	0.0	0.9000000
120	10274.7891	23605.199	334.34998	0.0	0.0	-135.0	0.6000000
75	10840.8574	23054.381	311.59430	0.0	0.0	45.0	0.9000000
59	10198.0000	23107.000	314.00000	0.0	0.0	0.0	0.7000000
90	10221.0000	23100.965	325.00000	0.0	0.0	-145.0	0.5000000
80	10012.2959	23022.014	315.00000	0.0	0.0	55.0	0.4000000
90	9996.2295	22956.990	325.32452	0.0	0.0	-145.0	2.0000000
46	9838.0283	23081.854	315.00000	0.0	0.0	-135.0	0.7000000
80	9739.2803	23139.170	315.00000	0.0	0.0	50.0	0.3000000
90	9639.1895	22973.070	325.32452	0.0	0.0	-145.0	2.0000000
120	9568.0010	23185.703	318.36880	0.0	0.0	-45.0	0.6000000
80	9460.0527	22992.609	318.59528	0.0	0.0	-15.0	0.3000000
77	9236.6797	25052.240	492.00000	0.0	0.0	45.0	0.7000000
77	8996.3984	25034.566	492.00000	0.0	0.0	135.0	0.8000000
9	8942.0000	24626.000	502.00000	0.0	0.0	30.0	2.0000000
9	9115.0195	24728.070	500.00000	0.0	0.0	30.0	2.0000000
28	9095.6299	24897.066	494.99997	0.0	0.0	25.0	2.0000000
77	9077.8398	25019.311	492.00000	0.0	0.0	45.0	1.1000000
84	9177.9492	24718.461	531.00000	0.0	0.0	-35.0	1.7000000
84	8998.4795	24878.910	531.00000	0.0	0.0	-45.0	2.5000000
84	8962.0801	24612.656	531.00000	0.0	0.0	-35.0	1.7000000
77	8878.0000	24881.000	492.00000	0.0	0.0	90.0	1.0000000
28	8722.0000	24737.998	494.99997	0.0	0.0	0.0	2.0000000
84	8542.4297	24798.797	531.00000	0.0	0.0	-45.0	2.5000000
77	8602.3301	24954.301	492.00000	0.0	0.0	-45.0	1.0000000
77	8146.0493	25079.008	492.00000	0.0	0.0	0.0	1.0000000
77	7979.1489	25261.049	492.00000	0.0	0.0	-45.0	1.0000000
28	7868.9995	25093.000	494.99997	0.0	0.0	-20.0	2.0000000
77	7686.1099	25206.330	498.49387	-20.0	0.0	90.0	0.7000000
9	7674.7393	25041.625	501.54013	0.0	0.0	-75.0	2.0000000
9	7665.4854	25187.998	501.54013	0.0	0.0	-100.0	2.0000000
77	7738.0195	25189.178	492.00000	0.0	0.0	0.0	1.0000000
90	8154.1099	24744.311	527.00000	0.0	0.0	65.0	1.8000000
84	8343.9990	24604.000	531.00000	0.0	0.0	-80.0	1.7000000
84	8173.8799	24624.699	531.00000	0.0	0.0	-80.0	1.7000000
84	8016.0698	24713.277	531.00000	0.0	0.0	-80.0	1.3000000
84	8184.0898	24831.658	531.00000	0.0	0.0	-80.0	1.7000000
84	7965.3496	25009.160	531.00000	0.0	0.0	-80.0	1.7000000
9	8262.8789	24658.514	501.54013	0.0	0.0	-35.0	2.0000000
9	8071.8696	24767.059	502.02875	0.0	0.0	-25.0	2.0000000
28	8320.0889	24844.984	494.54016	0.0	0.0	-20.0	2.0000000
77	8380.8398	24943.949	492.00000	0.0	0.0	0.0	1.0000000
77	8266.8164	24912.000	492.00000	0.0	0.0	45.0	1.0000000
84	7708.5991	25009.887	531.00000	0.0	0.0	-125.0	1.7000000
9	7878.8696	24845.516	501.54019	0.0	0.0	-20.0	2.0000000
9	7752.7397	24920.125	501.54013	0.0	0.0	-45.0	2.0000000
84	7806.2700	24831.268	531.00000	0.0	0.0	-80.0	1.5000000
60	7566.0796	24809.600	324.00000	0.0	0.0	0.0	1.0000000
60	7033.0000	25089.000	324.00000	0.0	0.0	0.0	1.0000000
60	6247.3999	24603.119	324.00000	0.0	0.0	0.0	1.0000000
90	8681.0000	24562.998	527.00000	0.0	0.0	-270.0	1.8000000
84	8498.4102	24529.078	531.00000	0.0	0.0	-35.0	1.7000000
84	8733.2598	24538.557	531.00000	0.0	0.0	-35.0	1.7000000
9	8783.6396	24561.465	502.03018	0.0	0.0	10.0	2.0000000
9	8580.9092	24538.082	501.54013	0.0	0.0	0.0	2.0000000
9	8426.3496	24565.305	501.54013	0.0	0.0	-25.0	2.0000000
101	9122.0000	24171.000	335.00000	0.0	0.0	0.0	0.7000000
60	8967.0000	24415.998	324.00000	0.0	0.0	0.0	1.0000000
60	8561.8604	24339.719	324.00000	0.0	0.0	0.0	1.0000000
63	9150.0000	24050.000	480.00003	0.0	0.0	0.0	4.0000000
0	8950.0000	23950.000	444.99997	0.0	0.0	0.0	1.0000000
61	9150.0000	24050.000	529.00000	0.0	0.0	0.0	1.0000000
63	8950.0000	23950.000	400.00000	0.0	0.0	0.0	4.0000000
112	9148.5957	23960.965	324.00000	0.0	0.0	10.0	1.8000000
75	9014.2900	24043.520	332.66638	0.0	0.0	45.0	0.9000000
75	8866.3896	23921.146	324.00000	0.0	0.0	90.0	0.8000000
9	8868.2900	23875.248	315.00000	0.0	0.0	200.0	2.0000000
9	9185.0498	24100.949	315.00000	0.0	0.0	225.0	2.0000000
9	9048.0098	23966.500	315.00000	0.0	0.0	220.0	2.0000000
80	8898.9600	23853.539	324.00000	0.0	0.0	810.0	0.4000000
77	8615.4902	23865.279	324.00000	0.0	0.0	45.0	0.6000000
77	8450.7900	23926.789	324.00000	0.0	0.0	0.0	0.5000000
77	8405.5889	23870.549	324.00000	0.0	0.0	180.0	0.4000000
77	8611.0400	23784.238	324.00000	0.0	0.0	180.0	0.4000000
77	8436.9404	23748.949	223.04344	0.0	0.0	-0.0	0.4000000
77	8753.9004	23797.479	163.95412	0.0	0.0	135.0	0.4000000
77	8787.0000	23900.000	324.00000	0.0	0.0	45.0	0.4000000
9	8482.7598	23882.279	315.00000	0.0	0.0	165.0	2.0000000
9	8676.1699	23840.230	315.00000	0.0	0.0	180.0	2.0000000
84	7966.3496	24264.840	324.00000	0.0	0.0	-80.0	1.7000002
9	8025.2495	24180.730	315.00000	0.0	0.0	160.0	2.0000000
60	8069.7397	24546.520	324.00000	0.0	0.0	0.0	1.0000000
77	7561.1494	24473.078	317.29413	-20.0	0.0	-45.0	0.5000000
84	7723.6802	24379.816	324.60544	0.0	0.0	-35.0	1.5000000
80	7575.8398	24328.170	324.00000	0.0	0.0	720.0	0.4000000
9	7861.8696	24236.740	315.00000	0.0	0.0	160.0	2.0000000
9	7690.8096	24340.039	315.00000	0.0	0.0	140.0	2.0000000
9	7545.0698	24460.730	315.00000	0.0	0.0	140.0	2.0000000
77	8344.9102	24025.270	324.00000	0.0	0.0	0.0	0.4000000
84	8102.3599	24146.529	330.00000	0.0	0.0	10.0	1.4000000
104	8222.1797	23993.449	343.99997	15.0	0.0	360.0	0.4000000
75	7987.0005	24015.000	324.00000	0.0	0.0	0.0	0.9000000
9	8309.0000	23997.000	315.00000	0.0	0.0	140.0	2.0000000
9	8171.0190	24110.850	315.00000	0.0	0.0	145.0	2.0000000
120	8124.0098	23839.707	324.00000	0.0	0.0	-225.0	0.6000000
70	8120.8101	23867.240	325.00000	0.0	0.0	0.0	0.7000000
80	8291.6299	23915.869	324.00000	0.0	0.0	630.0	0.4000000
120	7595.2202	24105.170	328.07999	0.0	0.0	-180.0	0.6000000
70	7682.0000	24126.000	331.00000	10.0	0.0	0.0	0.8000000
71	8879.2695	23697.408	314.44000	0.0	0.0	0.0	1.0000000
75	8820.6299	23568.629	324.00000	0.0	0.0	45.0	0.9000000
120	8941.8398	23490.869	323.98999	0.0	0.0	-135.0	0.6000000
101	8733.9092	23733.820	324.00000	0.0	0.0	0.0	1.0000000
20	8749.8691	23649.299	324.00000	0.0	0.0	45.0	1.1000000
120	8590.9600	23551.238	324.00000	0.0	0.0	-45.0	0.6000000
70	8529.3398	23642.672	318.26675	0.0	0.0	0.0	0.8000000
80	9085.1709	22942.504	315.52985	0.0	0.0	165.0	0.4000000
80	9198.7500	22956.254	316.65720	0.0	0.0	120.0	0.3000000
90	8458.0791	22974.930	331.43472	0.0	0.0	-90.0	2.0000000
80	8484.7500	22978.910	315.00000	0.0	0.0	25.0	0.4000000
101	8024.0000	23435.000	338.00000	0.0	0.0	0.0	0.8000000
77	8067.0000	23403.000	270.00000	-20.0	0.0	-70.0	0.3000000
120	8028.1504	23344.580	341.95999	0.0	0.0	90.0	0.6000000
80	8156.1797	23449.061	334.00000	0.0	0.0	585.0	0.1000000
80	7906.0000	23437.998	342.99997	0.0	0.0	585.0	0.3000000
104	7941.0005	23347.000	346.41174	10.0	0.0	45.0	0.3000000
104	7637.9897	23357.537	375.00000	0.0	0.0	45.0	0.4000000
20	7550.4194	23360.570	373.28705	0.0	0.0	45.0	1.1000000
20	7842.9604	23356.000	313.00000	5.0	0.0	90.0	0.9000000
77	7641.0996	23441.207	351.23001	-20.0	0.0	-25.0	0.3000000
71	7747.9536	23357.000	351.95502	10.0	0.0	-270.0	1.0000000
120	7802.4888	23466.887	344.62189	0.0	0.0	-270.0	0.6000000
75	7846.3433	23414.783	353.72125	0.0	0.0	0.0	0.8000000
75	7616.0752	23537.451	340.88809	0.0	0.0	0.0	0.8000000
80	8147.7295	22935.068	320.31000	0.0	0.0	50.0	0.3000000
80	8377.4502	22987.869	315.00000	0.0	0.0	-40.0	0.3000000
105	7742.6309	23245.619	358.90344	10.0	0.0	-675.0	1.5000000
77	7640.0811	23257.320	366.76779	-20.0	0.0	-115.0	0.3000000
120	7955.4648	22942.379	326.11203	0.0	0.0	90.0	0.6000000
101	7539.7690	23289.170	367.78000	0.0	0.0	70.0	1.0000000
75	7576.8701	23154.059	342.89618	0.0	0.0	0.0	0.8000000
75	7782.5791	23251.098	356.47000	0.0	0.0	45.0	0.8000000
80	7882.7461	23265.459	344.99948	0.0	0.0	630.0	0.3000000
77	7373.3398	24581.459	320.33817	-20.0	0.0	-10.0	0.6000000
77	7190.3101	24590.090	304.96124	-20.0	0.0	35.0	0.5000000
112	7332.8994	24456.240	324.00000	0.0	0.0	145.0	2.0000000
71	7240.1099	24253.311	318.06622	0.0	0.0	0.0	1.0000000
9	7413.2300	24547.600	315.00000	0.0	0.0	155.0	2.0000000
9	7278.7598	24588.219	315.00000	0.0	0.0	170.0	2.0000000
9	7167.1499	24567.355	315.00000	0.0	0.0	205.0	2.0000000
9	6725.3701	24307.820	315.00000	0.0	0.0	215.0	2.0000000
75	6991.2798	24577.539	326.41943	0.0	0.0	25.0	1.0000000
20	6958.0000	24440.998	258.89740	-10.0	0.0	45.0	1.2000000
20	6958.0000	24251.998	296.29474	10.0	0.0	-315.0	1.0000000
102	6799.0000	24201.998	348.51157	0.0	10.0	20.0	1.0000000
105	6850.3501	24357.480	332.05441	10.0	0.0	-720.0	2.8000000
80	7039.7095	24372.967	324.81094	0.0	0.0	630.0	0.4000000
9	7018.9995	24494.744	315.00000	0.0	0.0	210.0	2.0000000
9	6871.9399	24405.828	315.00000	0.0	0.0	215.0	2.0000000
20	6744.9995	24059.000	277.49014	10.0	0.0	0.0	1.1000000
130	6717.1899	24151.488	363.38995	0.0	0.0	-90.0	1.0000000
101	6856.5039	24089.254	350.06604	0.0	0.0	0.0	1.0000000
70	6862.9995	23950.000	337.00000	15.0	0.0	45.0	0.8000000
120	6889.9399	23858.549	325.49771	0.0	0.0	-90.0	0.6000000
75	6749.4399	23939.240	343.51791	0.0	0.0	25.0	0.6000000
20	6665.8799	24336.670	299.16000	10.0	0.0	-315.0	0.8000000
75	6575.9102	24290.180	329.24396	0.0	0.0	45.0	1.0000000
9	6597.7095	24198.439	315.00000	0.0	0.0	225.0	2.0000000
9	6476.5098	24079.146	315.00000	0.0	0.0	225.0	2.0000000
77	6305.9302	23896.520	326.84506	-20.0	0.0	35.0	0.6000000
20	6570.7397	24128.070	237.67014	20.0	0.0	-135.0	1.1000000
71	6623.1597	23913.260	326.53467	15.0	0.0	0.0	1.0000000
104	6594.9995	24056.000	364.94690	15.0	0.0	-45.0	0.4000000
77	6422.0000	24037.998	328.00000	-20.0	0.0	20.0	0.4000000
9	6351.1499	23948.141	315.00000	0.0	0.0	230.0	2.0000000
9	6260.0000	23823.000	315.00000	0.0	0.0	240.0	2.0000000
80	6436.1704	23950.059	326.82001	0.0	0.0	900.0	0.3000000
80	7517.8101	23449.139	360.37601	0.0	0.0	585.0	0.3000000
75	7511.8799	23400.809	378.37997	0.0	0.0	-135.0	0.7000000
75	7345.9595	23361.770	343.01999	0.0	0.0	-45.0	0.8000000
77	7467.2285	23331.219	325.00000	-20.0	0.0	65.0	0.3000000
120	7305.5000	23447.959	338.90997	0.0	0.0	-270.0	0.6000000
101	7338.0640	23458.961	342.44879	0.0	0.0	70.0	1.0000000
75	7438.7476	23462.615	354.73645	0.0	0.0	0.0	0.8000000
104	7501.9800	23046.320	330.13486	0.0	0.0	45.0	0.3000000
120	7485.7500	23057.604	327.81998	0.0	0.0	0.0	0.6000000
70	7460.3599	23226.051	338.98996	15.0	0.0	0.0	0.8000000
75	7113.7100	22978.680	324.00000	0.0	0.0	45.0	0.9000000
80	7473.2979	22959.918	323.94095	0.0	0.0	540.0	0.3000000
75	7426.0000	23112.998	329.00000	0.0	0.0	-45.0	0.7000000
104	6905.1294	22954.000	327.08704	0.0	0.0	0.0	0.5000000
120	7050.1001	22952.061	325.37195	0.0	0.0	-90.0	0.6000000
107	6710.4097	22890.998	205.88000	0.0	-45.0	0.0	0.7000000
29	6380.1699	23712.650	324.17746	0.0	0.0	70.0	0.5000000
105	6371.0000	23443.998	324.00000	10.0	0.0	-675.0	2.3000000
80	6265.0098	23478.260	324.00000	0.0	0.0	855.0	0.3000000
120	6377.0776	23379.557	324.00000	0.0	0.0	195.0	0.6000000
80	6521.2900	23585.467	323.37488	0.0	0.0	720.0	0.4000000
77	6203.3799	23719.629	324.00000	-20.0	0.0	80.0	0.6000000
77	6207.0000	23503.000	324.00000	-20.0	0.0	110.0	0.5000000
9	6230.1294	23690.537	315.00000	0.0	0.0	270.0	2.0000000
9	6228.9697	23354.000	315.00000	0.0	0.0	270.0	2.0000000
9	6228.7397	23523.309	315.00000	0.0	0.0	270.0	2.0000000
75	6672.4297	23300.219	324.00000	0.0	0.0	45.0	0.6000000
105	6402.5796	23113.619	324.00000	10.0	0.0	-675.0	2.8000000
105	6371.5391	23251.020	237.95000	0.0	0.0	-675.0	2.3000000
75	6537.6802	23308.221	324.00000	0.0	0.0	45.0	1.0000000
101	6374.1201	22961.080	324.00000	0.0	0.0	70.0	1.0000000
86	6256.0000	23150.000	299.84470	0.0	0.0	-275.0	1.1000000
9	6256.5498	23198.709	315.00000	0.0	0.0	290.0	2.0000000
9	6327.8198	23041.578	315.00000	0.0	0.0	300.0	2.0000000
9	6416.5498	22892.369	315.00000	0.0	0.0	305.0	2.0000000
75	6136.5801	23259.840	328.79465	0.0	0.0	90.0	0.8000000
105	6231.2598	23268.977	324.00000	10.0	0.0	-585.0	2.8000000
105	6240.0000	23019.000	332.00000	10.0	0.0	-405.0	2.5000000
20	12142.6289	22839.387	324.00000	0.0	0.0	180.0	1.1000000
84	12137.4492	22700.430	334.64651	0.0	0.0	45.0	1.7000000
84	12139.1582	22568.188	324.00000	0.0	0.0	-90.0	1.6000000
70	11921.7998	22526.420	324.00000	0.0	0.0	0.0	1.0000000
75	11974.9287	22678.471	324.00000	0.0	0.0	45.0	1.0000000
120	11980.5596	22837.830	324.00000	0.0	0.0	-180.0	0.6000000
75	12026.7598	22830.539	307.65997	0.0	0.0	45.0	1.0000000
9	12046.9199	22880.180	315.00000	0.0	0.0	120.0	2.0000000
9	12112.2051	22735.016	315.00000	0.0	0.0	105.0	2.0000000
9	12167.7500	22553.279	315.00000	0.0	0.0	110.0	2.0000000
80	12079.9697	22736.311	324.00000	0.0	0.0	675.0	0.4000000
34	12498.8398	22108.330	324.00000	0.0	0.0	135.0	1.6000000
77	12370.9795	22130.930	324.00000	0.0	0.0	315.0	0.5000000
77	12341.9199	22268.660	324.00000	-15.0	0.0	450.0	0.4000000
101	12226.9688	22185.027	324.00000	0.0	0.0	25.0	1.0000000
9	12227.8398	22381.740	315.00000	0.0	0.0	110.0	2.0000000
9	12290.2393	22209.389	315.00000	0.0	0.0	110.0	2.0000000
9	12383.6396	22053.471	315.00000	0.0	0.0	130.0	2.0000000
48	12100.0000	22117.000	264.00000	0.0	0.0	0.0	1.4000000
80	12207.9502	22051.838	324.00000	0.0	0.0	675.0	0.4000000
84	12214.5000	22431.078	348.34000	0.0	0.0	45.0	1.7000000
80	12194.8398	22297.178	324.00000	0.0	0.0	585.0	0.4000000
120	12100.4688	22147.049	324.00000	0.0	0.0	-225.0	0.6000000
120	11061.4697	22832.570	322.84622	0.0	0.0	-360.0	0.6000000
120	11513.2441	22084.518	317.81778	0.0	0.0	10.0	0.6000000
90	11421.0889	22171.041	325.00000	0.0	0.0	-450.0	2.0000000
46	11401.6826	22282.662	315.16827	0.0	0.0	-90.0	0.7000000
80	11278.5596	22106.477	312.80490	0.0	0.0	140.0	0.4000000
75	12597.7383	21700.420	324.00000	0.0	0.0	45.0	1.0000000
77	12613.6699	21873.160	301.91998	-15.0	0.0	675.0	0.3000000
86	12558.2783	21748.020	323.59000	0.0	0.0	0.0	1.2000000
9	12580.0000	21717.000	315.00000	0.0	0.0	77.0	2.0000000
77	12506.0898	22031.609	324.00000	-15.0	0.0	540.0	0.4000000
77	12368.2002	22028.369	324.00000	-15.0	0.0	495.0	0.4000000
101	12554.6602	21918.238	324.00000	0.0	0.0	25.0	1.0000000
75	12536.8604	21799.438	324.00000	0.0	0.0	45.0	1.0000000
75	12463.7988	21684.650	311.22998	0.0	0.0	45.0	1.0000000
9	12568.5098	21819.000	315.00000	0.0	0.0	110.0	2.0000000
9	12506.2998	21917.000	315.00000	0.0	0.0	130.0	2.0000000
80	12471.9395	21901.359	324.00000	0.0	0.0	765.0	0.4000000
71	12382.0000	21806.000	324.00000	0.0	0.0	0.0	0.8000000
63	12450.0000	21350.000	500.87070	0.0	3.0	-45.0	4.0000000
0	12450.0000	21350.000	545.69116	0.0	0.0	0.0	1.0000000
0	12548.3975	21553.666	435.82944	0.0	0.0	0.0	1.0000000
34	12549.1494	21365.750	326.00000	0.0	0.0	60.0	1.3000000
120	12223.7900	21573.398	324.00000	0.0	0.0	-50.0	0.6000000
63	12550.0000	21550.000	390.00000	0.0	0.0	0.0	4.0000000
75	12605.2598	21494.029	324.00000	0.0	0.0	90.0	1.0000000
104	12450.3799	21553.420	324.00000	0.0	0.0	45.0	0.4000000
76	12398.5889	21251.990	307.77756	0.0	0.0	-45.0	0.2000000
75	12495.6494	21314.729	324.00000	0.0	0.0	70.0	1.0000000
128	12310.1191	21491.189	324.00000	0.0	0.0	-135.0	0.9000000
115	12247.2695	21429.168	324.00000	0.0	0.0	45.0	1.4000000
9	12459.0488	21454.648	315.00000	0.0	0.0	50.0	2.0000000
9	12529.3047	21567.000	315.00000	0.0	0.0	65.0	2.0000000
9	12341.1797	21293.857	315.00000	0.0	0.0	70.0	2.0000000
76	12524.5693	21433.490	281.16064	0.0	0.0	-180.0	0.2000000
128	12396.2998	21423.859	321.59998	0.0	0.0	-225.0	0.9000000
128	12283.2188	21304.301	324.00000	0.0	0.0	-360.0	0.9000000
130	12545.2900	21482.369	336.51999	0.0	0.0	45.0	1.0000000
130	12412.4697	21292.090	333.27905	0.0	0.0	-90.0	1.0000000
101	12139.8301	21555.549	324.00000	0.0	0.0	25.0	0.8000000
46	11553.6357	21841.619	320.36356	0.0	0.0	-90.0	0.7000000
59	11512.8301	21666.619	315.00000	0.0	0.0	0.0	1.0000000
80	11668.2002	21682.889	314.88690	0.0	0.0	5.0	0.3000000
90	11311.6299	21751.404	325.00000	0.0	0.0	-315.0	2.0000000
46	11259.4600	21911.568	320.57999	0.0	0.0	0.0	0.7000000
80	11265.0400	21742.439	315.50797	0.0	0.0	-30.0	0.3500000
90	11644.2803	21459.553	325.00000	0.0	0.0	-225.0	2.0000000
80	11406.5098	21600.248	315.00000	0.0	0.0	-40.0	0.2000000
46	11487.0625	21490.865	315.93613	0.0	0.0	-90.0	0.7000000
80	11638.0898	21357.660	312.97998	0.0	0.0	50.0	0.3000000
120	11715.5801	21481.830	318.50000	0.0	0.0	0.0	0.6000000
120	11207.2764	21583.527	316.64740	0.0	0.0	-90.0	0.6000000
80	10667.8936	22053.428	325.91525	0.0	0.0	360.0	0.3000000
120	10587.5293	22268.506	326.61917	0.0	0.0	0.0	0.6000000
75	10478.0000	22262.000	332.00000	0.0	0.0	0.0	0.8000000
123	10456.0000	22353.000	327.00000	0.0	0.0	45.0	0.3500000
105	10484.0000	22153.000	353.00000	0.0	0.0	90.0	3.0000000
120	10371.2402	22178.658	343.01270	0.0	0.0	-225.0	0.6000000
80	10017.9648	22870.107	317.69998	0.0	0.0	-60.0	0.3000000
90	9763.6895	22636.029	325.32452	0.0	0.0	-180.0	2.0000000
120	9921.0889	22793.641	315.00000	0.0	0.0	-90.0	0.6000000
59	9723.5996	22781.797	323.51001	0.0	0.0	0.0	1.0000000
80	9887.6582	22621.219	314.60999	0.0	0.0	120.0	0.3000000
90	9334.4102	22685.627	325.32452	0.0	0.0	-135.0	2.0000000
46	9659.5420	22568.195	320.95413	0.0	0.0	0.0	0.7000000
46	9408.9268	22848.334	318.94073	0.0	0.0	0.0	0.7000000
59	9271.6680	22584.670	325.00000	0.0	0.0	0.0	1.0000000
120	9605.8604	22290.760	322.14645	0.0	0.0	-45.0	0.6000000
90	9504.0996	22320.490	325.32452	0.0	0.0	-225.0	2.0000000
80	9340.2295	22331.490	312.80304	0.0	0.0	-135.0	0.4000000
80	9448.0000	22210.000	317.30615	0.0	0.0	5.0	0.3000000
123	10559.0420	21952.750	365.81348	0.0	0.0	0.0	0.4500000
75	10457.0605	22013.291	378.81982	0.0	0.0	45.0	0.8000000
80	10153.2246	21941.463	340.93326	0.0	0.0	315.0	0.3000000
48	10344.3340	21759.000	289.00000	0.0	0.0	90.0	1.6000000
123	10253.0000	21945.000	368.99997	0.0	0.0	-90.0	0.3500000
80	10198.4980	21689.010	382.49997	0.0	0.0	-180.0	0.4000000
80	10454.8701	21857.268	381.67697	0.0	0.0	405.0	0.3000000
80	10374.4512	21956.314	380.81055	0.0	0.0	315.0	0.3000000
75	10494.9619	21726.471	337.59143	0.0	0.0	45.0	0.8000000
75	10156.6123	21853.275	366.64902	0.0	0.0	45.0	0.8000000
120	10547.1191	21343.799	334.51157	0.0	0.0	-90.0	0.6000000
80	10629.3086	21405.688	332.84918	0.0	0.0	405.0	0.3000000
80	10322.4004	21186.924	324.39227	0.0	0.0	135.0	0.3000000
48	10302.8496	21539.631	338.13000	10.0	0.0	45.0	1.0000000
75	10492.1016	21389.066	361.27835	0.0	0.0	45.0	1.0000000
71	10168.5498	21271.289	355.32275	0.0	0.0	-90.0	1.2000000
123	10352.0000	21354.000	379.00000	0.0	0.0	0.0	0.3500000
102	10115.4229	21548.064	380.00000	0.0	0.0	0.0	1.0000000
105	10171.9512	21432.193	382.49997	0.0	0.0	90.0	1.5000000
122	10450.7686	21549.451	353.43332	0.0	0.0	90.0	2.3000000
123	10047.8896	21744.570	360.04001	0.0	0.0	-135.0	0.4500000
80	10086.5195	21674.770	378.63000	0.0	0.0	-90.0	0.4000000
80	9965.0000	21612.000	358.10004	20.0	0.0	-135.0	0.3000000
120	9869.2695	21707.152	324.00000	0.0	0.0	-225.0	0.6000000
130	10082.3193	21479.229	382.49997	0.0	0.0	0.0	1.1000000
86	10051.5898	21439.547	400.00000	0.0	0.0	0.0	1.2000000
75	9959.1602	21381.805	397.45108	0.0	0.0	0.0	1.0000000
123	9849.9941	21547.562	351.47461	0.0	0.0	45.0	0.4500000
80	9997.1367	21352.570	382.49997	0.0	0.0	-90.0	0.3000000
80	9960.6201	21486.770	362.01999	0.0	0.0	-225.0	0.4000000
122	9532.1396	21444.410	361.39999	0.0	0.0	90.0	2.3000000
80	9607.9697	21500.650	337.39325	0.0	0.0	-180.0	0.4000000
123	9657.0000	21339.000	372.00000	0.0	0.0	-135.0	0.3500000
120	9510.1152	21518.648	367.02502	0.0	0.0	-180.0	0.6000000
75	9566.4062	21360.152	352.17236	0.0	0.0	45.0	0.8000000
63	12350.0000	21150.000	446.91501	0.0	2.0	0.0	4.0000000
0	12350.0000	21150.000	489.92282	0.0	0.0	0.0	1.0000000
128	12253.6504	21172.457	324.00000	0.0	0.0	-225.0	0.9000000
77	12458.4004	20891.641	323.98999	-15.0	0.0	495.0	0.4000000
77	12385.5586	20995.090	324.00000	-15.0	0.0	90.0	0.3000000
77	12567.4697	20821.760	324.00000	-15.0	0.0	180.0	0.3000000
75	12408.0098	21111.490	324.00000	0.0	0.0	90.0	1.0000000
77	12338.0000	20759.000	133.00000	-20.0	0.0	405.0	0.4500000
77	12345.0996	20803.920	163.44000	-20.0	0.0	495.0	0.5000000
80	12260.8486	20924.340	322.00000	0.0	0.0	630.0	0.3000000
9	12290.2988	21096.660	315.00000	0.0	0.0	90.0	2.0000000
9	12343.2998	20882.500	315.00000	0.0	0.0	130.0	2.0000000
128	12265.6699	21043.920	324.00000	0.0	0.0	-360.0	0.8000000
71	12132.4902	21044.580	312.08002	0.0	0.0	-90.0	1.2000000
101	12538.1396	20658.340	324.00000	0.0	0.0	25.0	1.0000000
77	12396.5596	20753.316	241.33000	-15.0	0.0	270.0	0.3000000
69	12257.8799	20617.770	286.96533	0.0	0.0	-360.0	1.0000000
120	12642.2695	20635.809	322.35001	0.0	0.0	-90.0	0.6000000
9	12501.5801	20743.080	315.00000	0.0	0.0	160.0	2.0000000
120	12235.5518	20649.484	324.00003	0.0	0.0	-225.0	0.6000000
80	12337.0498	20683.820	324.00000	0.0	0.0	630.0	0.3000000
80	11796.9990	20514.000	327.00000	0.0	0.0	-135.0	0.3000000
115	11836.0059	20344.340	334.97440	0.0	0.0	0.0	1.2000000
20	11132.9990	20831.162	283.36349	10.0	0.0	-225.0	1.3000000
120	10964.3828	21117.781	324.00000	0.0	0.0	0.0	0.6000000
71	11244.1299	21048.500	330.35065	0.0	0.0	0.0	1.0000000
75	11104.9297	20991.562	330.76450	0.0	0.0	0.0	1.0000000
80	11555.5156	20368.355	354.97418	0.0	0.0	45.0	0.4000000
80	11589.4395	20708.199	348.28000	0.0	0.0	-45.0	0.3000000
75	11667.2930	20579.053	352.87601	0.0	0.0	45.0	1.0000000
75	11426.0811	20640.717	346.87854	0.0	0.0	0.0	1.0000000
20	11537.9932	20559.309	324.00000	10.0	0.0	-315.0	1.0000000
70	11433.8984	20495.709	362.60999	0.0	0.0	0.0	0.8000000
120	11724.2998	20349.068	365.02353	0.0	0.0	0.0	0.6000000
70	11672.6582	20429.180	372.27124	0.0	0.0	0.0	0.8000000
126	11020.0703	20590.740	387.64999	0.0	0.0	25.0	3.0000000
71	11223.0000	20442.000	365.28439	15.0	0.0	45.0	1.0000000
127	11186.0596	20678.721	328.44592	0.0	0.0	-405.0	1.8000000
120	11249.5449	20711.453	346.70514	0.0	0.0	0.0	0.6000000
101	11154.5723	20556.676	382.49997	0.0	0.0	70.0	1.0000000
0	12245.4531	19769.656	317.17001	0.0	0.0	0.0	1.0000000
0	12241.0400	19735.539	316.82999	0.0	0.0	0.0	1.0000000
77	12614.8398	19519.736	218.42999	-10.0	0.0	280.0	0.3500000
70	12619.8594	19628.051	324.00000	0.0	0.0	0.0	0.8000000
80	12508.6797	19489.729	324.00000	0.0	0.0	-110.0	0.3000000
95	12272.8984	19741.527	323.37704	0.0	0.0	45.0	1.0000000
80	12356.9697	19868.328	318.99997	0.0	0.0	-245.0	0.2500000
9	12557.6885	19497.105	315.00000	0.0	0.0	15.0	2.0000000
120	12494.6396	19610.391	325.95694	0.0	0.0	135.0	0.6000000
75	12503.9600	19563.340	320.97000	0.0	0.0	45.0	0.7000000
0	12252.8516	19742.508	355.35077	0.0	0.0	0.0	1.0000000
103	12350.0000	19550.000	318.99997	0.0	0.0	-182.0	0.6800000
0	12268.8389	19731.709	317.35388	0.0	0.0	0.0	1.0000000
0	12272.1396	19754.889	318.20999	0.0	0.0	0.0	1.0000000
112	12148.0000	19498.000	323.00000	0.0	0.0	-45.0	1.8000001
80	12168.0000	19586.000	324.00000	0.0	0.0	-110.0	0.2000000
80	12138.4082	19834.920	322.03000	0.0	0.0	-110.0	0.2000000
104	11992.5469	19674.006	324.00000	0.0	0.0	0.0	0.3000000
75	11144.4004	20291.520	334.00000	0.0	0.0	35.0	1.0000000
80	10888.0596	21150.740	324.00000	0.0	0.0	-45.0	0.3000000
70	10936.1865	21011.328	335.92078	0.0	0.0	0.0	0.8000000
115	10822.5430	20833.475	341.72324	0.0	0.0	45.0	1.2000000
80	10107.0000	20862.000	352.00000	0.0	0.0	-90.0	0.4000000
75	10255.4697	20850.219	367.31998	0.0	0.0	0.0	1.0000000
80	10232.9990	20790.998	361.00000	0.0	0.0	45.0	0.3000000
105	10143.9990	21057.453	370.29849	0.0	0.0	90.0	3.0000000
122	10348.2266	20842.986	341.86179	0.0	0.0	90.0	2.3000000
75	10584.7002	20375.031	339.68533	0.0	0.0	0.0	1.0000000
70	10772.0000	20670.000	350.14600	15.0	0.0	-135.0	0.8000000
75	10600.4795	20612.799	332.55426	0.0	0.0	45.0	0.8000000
127	10885.4697	20407.160	338.25504	0.0	0.0	-540.0	1.8000000
20	10758.6797	20540.279	324.00000	10.0	0.0	-90.0	1.1000000
120	10539.5098	20658.129	331.42358	0.0	0.0	-45.0	0.6000000
80	10610.3457	20506.252	358.28958	0.0	0.0	90.0	0.4000000
115	10842.7871	20542.139	369.62729	0.0	0.0	45.0	1.2000000
70	10434.8906	20418.963	351.02814	0.0	0.0	0.0	0.8000000
123	10045.0000	21144.000	383.00000	0.0	0.0	-135.0	0.2500000
123	9949.8340	20950.137	382.49997	0.0	0.0	-270.0	0.4500000
29	9851.7695	21142.160	382.70026	0.0	0.0	45.0	0.5000000
105	9682.2598	20963.590	375.69342	0.0	0.0	90.0	2.0000000
104	9895.0000	20774.000	362.86047	25.0	0.0	45.0	0.4000000
75	9838.3564	20916.123	395.85965	0.0	0.0	45.0	1.0000000
101	10057.8018	20962.238	377.40210	0.0	0.0	70.0	1.0000000
80	9788.0625	20975.990	382.49997	0.0	0.0	-45.0	0.3000000
80	9789.0000	20832.000	383.00000	0.0	0.0	90.0	0.2000000
122	9646.0000	21150.000	379.00000	0.0	0.0	90.0	1.8000000
122	9536.1299	21051.779	371.27615	0.0	0.0	90.0	2.3000000
80	9649.9004	20761.049	379.84000	0.0	0.0	360.0	0.2000000
86	9657.6924	20851.000	315.00000	0.0	0.0	-90.0	1.0000000
75	9594.2607	20796.830	384.75412	0.0	0.0	0.0	1.0000000
120	9440.1836	20978.246	339.67215	0.0	0.0	-90.0	0.6000000
80	9460.3076	21053.453	344.31320	0.0	0.0	-90.0	0.4000000
80	9726.3584	20743.789	382.49997	0.0	0.0	-45.0	0.3000000
120	9959.6104	20752.840	352.64471	0.0	0.0	-45.0	0.6000000
75	9772.9600	20663.641	374.13531	0.0	0.0	45.0	1.0000000
101	9850.3223	20518.404	324.00000	0.0	0.0	25.0	1.0000000
123	9454.0000	20547.000	364.00000	0.0	0.0	45.0	0.3000000
69	9648.7803	20532.652	294.23517	0.0	0.0	-360.0	1.0000000
75	9413.5303	20442.941	343.73218	0.0	0.0	0.0	1.0000000
123	9354.7275	20749.424	353.21658	0.0	0.0	90.0	0.4500000
120	9267.7998	20358.639	332.79593	0.0	0.0	-90.0	0.6000000
71	9517.1895	20706.070	365.77020	0.0	0.0	-45.0	1.0000000
122	9352.3174	20344.932	335.67017	0.0	0.0	90.0	2.3000000
80	9525.0342	20396.514	341.52136	0.0	0.0	-90.0	0.4000000
70	10924.0000	20184.000	349.00000	15.0	0.0	90.0	0.8000000
120	10880.4736	20092.371	339.41962	0.0	0.0	0.0	0.6000000
80	10768.0000	20174.000	336.00000	0.0	0.0	-45.0	0.4000000
115	10906.0352	19985.230	322.39914	0.0	0.0	0.0	1.2000000
120	10318.5498	20236.988	324.00003	0.0	0.0	-45.0	0.6000000
80	8963.7598	22831.520	315.23572	0.0	0.0	0.0	0.3000000
90	9033.6895	22884.887	325.32452	0.0	0.0	-90.0	2.0000000
90	8958.3096	22461.650	325.81168	0.0	0.0	-315.0	2.0000000
46	8851.0723	22686.455	322.78088	0.0	0.0	45.0	0.7000000
90	8718.9990	22618.000	326.00000	0.0	0.0	-225.0	2.0000000
120	8593.3887	22798.510	323.40509	0.0	0.0	45.0	0.6000000
59	8527.2305	22742.490	325.00000	0.0	0.0	0.0	1.0000000
80	9010.5898	22085.494	314.66953	0.0	0.0	-225.0	0.4000000
90	8901.7197	22089.631	325.32452	0.0	0.0	-270.0	2.0000000
46	9088.4326	22323.762	321.46729	0.0	0.0	-135.0	0.7000000
59	8851.5293	22426.709	315.00000	0.0	0.0	0.0	1.0000000
90	8780.3203	22337.070	327.00000	0.0	0.0	-225.0	1.0000000
90	8574.0000	22048.000	325.32452	0.0	0.0	90.0	2.0000000
90	8475.9795	22371.539	325.32452	0.0	0.0	45.0	2.0000000
46	8422.8984	22377.877	320.98001	0.0	0.0	90.0	0.7000000
46	8698.2510	22053.600	319.62253	0.0	0.0	90.0	0.7000000
80	8327.2900	22535.480	318.34546	0.0	0.0	-135.0	0.4000000
90	8229.8389	22617.080	330.05743	0.0	0.0	45.0	2.0000000
90	7976.2598	22839.658	330.82455	0.0	0.0	0.0	2.0000000
46	8275.1406	22865.523	320.89719	0.0	0.0	90.0	0.7000000
120	8077.7695	22649.898	319.16998	0.0	0.0	45.0	0.6000000
80	7979.4473	22802.309	315.00000	0.0	0.0	25.0	0.4000000
80	8130.6099	22041.969	318.06635	0.0	0.0	95.0	0.3000000
90	8182.0000	22084.000	325.32452	0.0	0.0	-315.0	2.0000000
80	8150.6499	22170.180	313.96814	0.0	0.0	-315.0	0.4000000
80	8258.2188	22246.006	312.32111	0.0	0.0	-225.0	0.4000000
90	8897.0000	21720.742	325.32452	0.0	0.0	-270.0	2.0000000
80	8876.5820	21617.365	314.41373	0.0	0.0	140.0	0.3000000
120	8998.8145	21811.365	319.28442	0.0	0.0	0.0	0.6000000
80	8766.6016	21761.164	318.99997	0.0	0.0	-180.0	0.4000000
80	8542.6699	22016.641	317.34268	0.0	0.0	95.0	0.3000000
120	8373.1299	21995.162	321.38000	0.0	0.0	90.0	0.6000000
77	8043.2700	21375.553	218.00999	-20.0	0.0	20.0	0.4000000
70	8278.5000	21212.328	336.95636	15.0	0.0	-270.0	0.8000000
75	8084.0698	21223.260	358.92001	0.0	0.0	0.0	1.0000000
20	8055.0005	21229.998	332.00000	15.0	0.0	-180.0	0.9000000
120	8243.9912	21289.086	335.01929	0.0	0.0	135.0	0.6000000
80	8118.4395	21319.473	343.64117	0.0	0.0	0.0	0.4000000
104	8204.3896	21420.070	333.75000	0.0	0.0	0.0	0.4000000
104	8075.4297	21526.459	331.48358	0.0	0.0	0.0	0.3000000
104	7967.3096	21271.938	347.71066	0.0	0.0	0.0	0.3000000
101	7794.2598	21202.350	342.23355	0.0	0.0	70.0	1.0000000
104	7618.8994	21195.971	328.37933	0.0	0.0	0.0	0.5000000
75	7869.1797	21286.688	340.26996	0.0	0.0	90.0	1.0000000
120	7926.0894	21428.199	328.72379	0.0	0.0	-45.0	0.6000000
104	7656.0601	21343.410	328.50287	0.0	0.0	0.0	0.3000000
80	7741.3599	21285.969	326.00000	0.0	0.0	-55.0	0.3000000
80	6759.2798	22561.156	324.00000	0.0	0.0	765.0	0.4000000
80	6881.7192	22490.141	324.00000	0.0	0.0	855.0	0.5000000
75	7010.0195	22481.748	324.00000	0.0	0.0	90.0	1.0000000
75	6765.9697	22768.340	324.00000	0.0	0.0	45.0	0.8000000
9	6788.7397	22522.510	315.00000	0.0	0.0	-45.0	2.0000000
80	6940.3198	22799.939	324.00000	0.0	0.0	810.0	0.4000000
75	6978.9751	22670.355	324.00003	0.0	0.0	90.0	1.0000000
71	6825.3896	22666.359	308.40405	0.0	0.0	0.0	1.0000000
70	7191.0005	22072.000	340.00000	0.0	0.0	0.0	0.7000000
75	7314.0098	22065.439	321.10428	0.0	0.0	90.0	1.0000000
80	7123.5098	22196.258	326.44995	0.0	0.0	630.0	0.4000000
120	7451.4292	22280.123	324.00000	0.0	0.0	-45.0	0.6000000
75	7297.9775	22369.811	324.00000	0.0	0.0	90.0	1.0000000
71	7308.2803	22234.459	315.17340	0.0	0.0	0.0	1.0000000
77	6788.5498	22433.617	324.00000	-20.0	0.0	135.0	0.5000000
48	6902.2402	22153.250	265.02789	5.0	0.0	-55.0	1.8000000
48	7018.5000	22124.250	243.70346	0.0	0.0	35.0	1.1000000
48	6867.7002	22248.629	279.50421	15.0	0.0	125.0	1.1000000
101	7101.3496	22356.830	320.70001	0.0	0.0	70.0	1.0000000
9	6908.3296	22362.287	315.00000	0.0	0.0	-55.0	2.0000000
9	6982.7095	22188.064	315.00000	0.0	0.0	-80.0	2.0000000
120	7032.7993	22279.998	324.00000	0.0	0.0	195.0	0.6000000
77	6619.1597	22611.010	324.00000	-20.0	0.0	155.0	0.6000000
77	6649.6499	22484.971	305.84360	-40.0	0.0	135.0	0.5000000
75	6630.8096	22731.910	324.00000	0.0	0.0	90.0	1.0000000
77	6494.2598	22695.037	324.00000	-20.0	0.0	90.0	0.4000000
120	6674.6499	22751.199	324.00000	0.0	0.0	240.0	0.6000000
9	6522.0000	22754.998	315.00000	0.0	0.0	-45.0	2.0000000
9	6643.5898	22647.660	315.00000	0.0	0.0	-35.0	2.0000000
75	7175.8896	21963.619	338.63354	0.0	0.0	45.0	0.8000000
120	7201.3198	21903.090	324.00000	0.0	0.0	-45.0	0.6000000
77	6724.0000	21656.000	324.00000	-20.0	0.0	65.0	0.5000000
77	6795.4697	21783.381	324.00000	-20.0	0.0	20.0	0.4000000
48	6855.8740	21989.320	237.30693	5.0	0.0	35.0	1.3000000
124	6850.0000	21650.000	324.00000	0.0	0.0	315.0	0.9000000
104	6978.3896	21643.689	329.35266	0.0	0.0	0.0	0.4000000
75	7084.6694	21769.520	323.99002	0.0	0.0	45.0	1.0000000
71	7062.1104	21903.119	320.98035	0.0	0.0	0.0	1.0000000
9	6958.3320	21990.607	315.00000	0.0	0.0	-110.0	2.0000000
9	6885.6987	21828.408	315.00000	0.0	0.0	-110.0	2.0000000
9	6798.8799	21678.428	315.00000	0.0	0.0	-120.0	2.0000000
80	6916.4399	21798.580	324.00000	0.0	0.0	540.0	0.4000000
101	6735.6699	21583.330	324.00000	0.0	0.0	70.0	1.0000000
80	6708.2803	21384.650	324.00000	0.0	0.0	495.0	0.4000000
120	6815.1299	21555.688	324.00000	0.0	0.0	-45.0	0.6000000
111	7017.1797	21442.459	324.00000	0.0	0.0	-225.0	0.7000000
9	6708.8301	21397.625	315.00000	0.0	0.0	-90.0	2.0000000
9	6732.5601	21540.119	315.00000	0.0	0.0	-110.0	2.0000000
9	6717.0913	21206.000	296.06018	0.0	0.0	-90.0	2.0000000
75	6741.5000	21478.129	324.00000	0.0	0.0	45.0	0.6000000
77	6659.7749	21455.250	314.03128	-20.0	0.0	-275.0	0.6000000
18	6374.4185	21285.000	313.00000	0.0	0.0	0.0	1.3000000
33	6625.4868	21286.283	322.00000	0.0	0.0	90.0	2.5000000
18	6491.1157	21285.000	313.00000	0.0	0.0	0.0	1.3000000
18	5832.0000	21285.000	313.00000	0.0	0.0	0.0	1.3000000
18	6103.6035	21285.000	313.00000	0.0	0.0	0.0	1.3000000
115	8875.2705	21009.459	304.11285	0.0	0.0	0.0	1.4000000
120	8792.1797	20851.430	303.63000	0.0	0.0	0.0	0.6000000
120	8398.6201	21050.498	329.47946	0.0	0.0	0.0	0.6000000
115	8822.0791	20486.789	296.70398	0.0	0.0	0.0	1.4000000
115	8726.0791	20659.219	299.00000	0.0	0.0	0.0	1.7000000
120	8563.1191	20681.689	312.91565	0.0	0.0	90.0	0.6000000
115	8304.0000	20915.000	330.27359	0.0	0.0	0.0	1.4000000
75	8353.4092	21087.148	329.23044	0.0	0.0	-90.0	0.9000000
104	8037.9990	20962.000	354.67520	15.0	0.0	45.0	0.3000000
75	7975.7095	21061.059	373.12997	0.0	0.0	90.0	1.0000000
75	8073.2100	21022.539	353.39999	0.0	0.0	-135.0	1.0000000
77	7961.4395	21133.828	379.00000	-20.0	0.0	55.0	0.3000000
77	8134.3696	21142.029	355.10333	-20.0	0.0	-35.0	0.3000000
20	8048.0005	21049.000	347.00000	0.0	0.0	0.0	1.1000000
75	8366.1299	20989.650	332.28000	0.0	0.0	0.0	1.0000000
77	8140.4893	20974.689	328.97998	-20.0	0.0	225.0	0.3000000
77	7967.5200	20952.469	360.44543	-20.0	0.0	145.0	0.3000000
101	8255.9199	21061.297	346.22998	0.0	0.0	70.0	1.0000000
75	7993.3296	20811.830	347.66382	0.0	0.0	90.0	1.0000000
120	8068.3257	20875.156	326.25485	0.0	0.0	135.0	0.6000000
80	8150.7798	21060.064	346.53659	0.0	0.0	45.0	0.4000000
101	8053.6807	21153.119	366.97318	0.0	0.0	0.0	1.0000000
71	7899.0396	20800.039	334.53995	0.0	0.0	-45.0	1.0000000
120	7671.5537	21017.531	324.78888	0.0	0.0	45.0	0.6000000
80	7860.8413	21078.205	356.53714	0.0	0.0	45.0	0.4000000
70	7753.9697	21025.070	337.00000	15.0	0.0	-45.0	0.8000000
75	8000.9932	20714.160	324.00000	0.0	0.0	0.0	1.0000000
123	7857.1196	20640.928	336.00000	0.0	0.0	-135.0	0.4500000
75	7819.3301	20576.859	337.38998	0.0	0.0	45.0	1.0000000
122	7957.7192	20632.959	314.94580	0.0	0.0	90.0	2.3000000
115	7748.6899	20742.859	332.00000	0.0	0.0	45.0	1.1000000
122	7754.0000	20634.000	335.00000	0.0	0.0	45.0	1.8000000
122	7848.1597	20520.238	329.00000	0.0	0.0	90.0	1.8000000
120	7759.8594	20485.240	336.30997	0.0	0.0	45.0	0.6000000
115	8005.4102	19810.480	320.35995	0.0	0.0	45.0	1.2000000
75	8019.3101	19593.379	369.87442	0.0	0.0	0.0	1.0000000
70	8062.7603	19482.680	380.90750	0.0	0.0	0.0	0.8000000
101	8233.3877	19565.746	324.62708	0.0	0.0	0.0	1.0000000
31	6820.8306	21143.520	325.00000	180.0	0.0	-450.0	2.5000000
35	6729.5366	21050.143	325.00000	0.0	0.0	-990.0	3.5999999
31	6818.5332	20956.314	319.99997	0.0	0.0	90.0	2.5000000
9	6706.2910	20879.809	295.94696	0.0	0.0	-90.0	2.0000000
9	6704.9287	21033.916	295.94696	0.0	0.0	-90.0	2.0000000
111	7126.6001	20693.850	324.00000	0.0	0.0	-310.0	0.7000000
75	6739.6499	20745.379	324.00000	0.0	0.0	45.0	0.8000000
80	6869.1104	20344.010	324.00000	0.0	0.0	90.0	0.4000000
120	7007.9697	20501.078	324.00000	0.0	0.0	-45.0	0.6000000
105	6687.7798	20632.559	324.00000	0.0	0.0	-225.0	3.0000000
111	6826.2002	20492.420	324.00000	0.0	0.0	-340.0	0.7000000
9	6712.1772	20683.209	315.00000	0.0	0.0	-90.0	2.0000000
9	6746.4995	20531.209	315.00000	0.0	0.0	-70.0	2.0000000
9	6799.1997	20364.689	315.00000	0.0	0.0	290.0	2.0000000
120	6820.1895	20570.840	324.00000	0.0	0.0	180.0	0.6000000
128	6830.6099	20656.090	324.00000	0.0	0.0	-315.0	0.9000000
57	6449.1099	20831.520	324.00000	0.0	0.0	45.0	4.0000000
18	6379.0625	20815.000	313.00000	0.0	0.0	0.0	1.3000000
26	6638.7231	21050.195	324.00000	0.0	0.0	0.0	4.2500000
33	6626.5151	20815.695	322.00000	0.0	0.0	90.0	2.5000000
32	6386.5698	21050.330	326.00000	0.0	0.0	0.0	10.0000000
18	6496.0762	20815.000	313.00000	0.0	0.0	0.0	1.3000000
57	5998.4448	20806.748	324.00000	0.0	0.0	45.0	2.0000000
18	5836.3027	20815.000	313.00000	0.0	0.0	0.0	1.3000000
32	5932.0000	21050.000	326.00000	0.0	0.0	0.0	10.0000000
18	6106.8848	20815.000	313.00000	0.0	0.0	0.0	1.3000000
105	6606.7900	20705.527	330.26843	20.0	0.0	-405.0	2.8000000
105	6633.3101	20532.461	333.44998	10.0	0.0	-360.0	2.0000000
75	7128.1504	20137.859	324.00000	0.0	0.0	0.0	0.8000000
115	7004.0000	20298.000	324.00000	0.0	0.0	45.0	1.1000000
101	7051.7100	20022.869	324.00000	0.0	0.0	0.0	1.0000000
77	6744.2793	20305.988	324.00000	-20.0	0.0	110.0	0.4000000
77	6757.3296	20086.000	324.00000	-20.0	0.0	90.0	0.5000000
77	6709.4697	19952.367	324.00000	-20.0	0.0	155.0	0.3000000
77	6841.1299	20259.020	240.34000	-20.0	0.0	155.0	0.3000000
77	6797.5996	19987.689	324.00000	0.0	0.0	65.0	0.3000000
77	6849.3301	20132.680	324.00000	0.0	0.0	65.0	0.2000000
120	7086.2495	20009.689	324.00000	0.0	0.0	-45.0	0.6000000
9	6802.8701	19987.979	315.00000	0.0	0.0	-110.0	2.0000000
9	6830.2598	20166.689	315.00000	0.0	0.0	270.0	2.0000000
80	6903.0298	20032.520	324.00000	0.0	0.0	45.0	0.4000000
70	6971.5195	20159.639	324.00000	0.0	0.0	0.0	0.8000000
80	6685.9399	19611.387	324.00000	0.0	0.0	-90.0	0.2500000
115	7060.4502	19845.410	324.00000	0.0	0.0	45.0	1.2000000
75	6963.6001	19895.039	324.00000	0.0	0.0	0.0	0.7000000
9	6718.7300	19814.949	315.00000	0.0	0.0	-115.0	2.0000000
70	6853.2515	19834.957	324.00003	0.0	0.0	0.0	0.8000000
75	6594.9600	19831.939	324.00000	0.0	0.0	80.0	0.8000000
75	6465.6899	19599.240	324.00000	0.0	0.0	80.0	0.8000000
77	6443.9697	19496.240	324.00000	-20.0	0.0	35.0	0.3000000
75	6663.0898	19527.100	324.00000	0.0	0.0	45.0	1.0000000
112	6638.0996	19719.898	324.00000	0.0	0.0	210.0	2.0000000
9	6653.8198	19678.949	315.00000	0.0	0.0	-120.0	2.0000000
9	6574.6392	19546.551	315.00000	0.0	0.0	-125.0	2.0000000
92	4239.4399	24890.670	36.00000	0.0	0.0	-135.0	0.6000000
147	4081.3298	24727.020	24.00000	0.0	0.0	-225.0	1.0000000
60	2497.8860	25285.035	33.63256	0.0	0.0	0.0	1.0000000
41	2493.0015	24648.309	23.00000	-24.0	0.0	0.0	2.2000000
7	2599.0000	24709.000	26.00000	-22.0	0.0	-720.0	4.0000000
1	2517.0000	24898.000	1.00000	0.0	0.0	90.0	3.4000001
16	5023.0698	24315.301	33.00000	15.0	0.0	-990.0	0.9000000
16	5006.4355	24315.000	33.00000	15.0	0.0	-810.0	0.9000000
16	5015.0693	24307.008	33.00000	15.0	0.0	-1080.0	0.9000000
16	5014.8584	24323.148	33.00000	15.0	0.0	-900.0	0.9000000
63	5012.9995	24314.000	46.00000	0.0	0.0	0.0	4.0000000
0	5014.4697	24314.170	95.00000	0.0	0.0	0.0	1.0000000
23	5015.0000	23967.830	45.00000	0.0	0.0	90.0	1.7800000
23	5015.0000	24132.791	45.00000	0.0	0.0	90.0	1.7800000
16	5030.6675	24050.400	8.00000	0.0	0.0	-270.0	1.7700000
16	5023.3013	23785.146	33.00000	15.0	0.0	-990.0	0.9000000
16	5007.4976	23785.369	33.00000	15.0	0.0	-1170.0	0.9000000
16	5014.7803	23792.912	33.00000	15.0	0.0	-1260.0	0.9000000
16	5014.7554	23777.498	33.00000	15.0	0.0	-1080.0	0.9000000
63	5012.9995	23784.000	46.00000	0.0	0.0	0.0	4.0000000
0	5015.6377	23784.016	95.00000	0.0	0.0	0.0	1.0000000
23	4834.6543	24315.000	45.00000	0.0	0.0	-180.0	1.7800000
16	4680.0000	24329.998	8.00000	0.0	0.0	-180.0	1.7700000
23	4161.9185	24315.000	45.00000	0.0	0.0	-180.0	1.7800000
23	4523.2119	24315.000	45.00000	0.0	0.0	-180.0	1.7800000
69	4342.5928	24315.420	45.00000	0.0	0.0	-45.0	1.1000000
63	4341.0000	24314.000	46.00000	0.0	0.0	0.0	4.0000000
4	4835.0498	24062.238	45.00000	0.0	0.0	-450.0	3.0000000
16	4680.0000	23770.000	8.00000	0.0	0.0	-360.0	1.7700000
23	4834.0000	23785.000	46.00000	0.0	0.0	0.0	1.7800000
7	4298.0000	23779.998	64.00000	0.0	0.0	-1080.0	4.0000000
69	4341.9897	23785.334	45.00000	0.0	0.0	0.0	1.1000000
23	4522.3379	23785.000	46.00000	0.0	0.0	0.0	1.7800000
63	4339.9365	23784.000	46.00000	0.0	0.0	0.0	4.0000000
23	4161.6899	23785.000	45.00000	0.0	0.0	0.0	1.7800000
41	4192.0000	23452.139	24.00000	24.0	0.0	0.0	2.2000000
7	4298.9580	23390.000	26.00000	-22.0	0.0	-540.0	4.0000000
41	4192.4375	23725.826	38.00000	5.9	0.0	0.0	2.2000000
41	4192.5479	23640.594	32.00000	2.5	0.0	0.0	2.2000000
41	4192.4375	23552.248	37.00000	-8.5	0.0	0.0	2.2000000
1	4183.0000	23204.000	1.00000	0.0	0.0	-90.0	3.4000001
23	3850.3521	24315.000	45.00000	0.0	0.0	-180.0	1.7800000
16	4006.0002	24329.998	8.00000	0.0	0.0	-180.0	1.7700000
23	3489.0979	24315.000	45.00000	0.0	0.0	-180.0	1.7800000
16	3670.2563	24323.727	33.00000	15.0	0.0	540.0	0.9000000
16	3670.0000	24306.965	33.00000	15.0	0.0	360.0	0.9000000
16	3661.1978	24315.488	33.00000	15.0	0.0	270.0	0.9000000
16	3677.9902	24315.154	33.00000	15.0	0.0	90.0	0.9000000
0	3669.2944	24314.527	95.00000	0.0	0.0	0.0	1.0000000
16	3334.0000	24329.998	8.00000	0.0	0.0	-180.0	1.7700000
63	3667.7747	24314.000	46.00000	0.0	0.0	0.0	4.0000000
7	4100.0000	23779.998	64.00000	0.0	0.0	-1080.0	4.0000000
16	4006.0002	23770.000	8.00000	0.0	0.0	-360.0	1.7700000
23	3849.9673	23785.000	45.00000	0.0	0.0	0.0	1.7800000
16	3669.6792	23777.229	33.00000	15.0	0.0	0.0	0.9000000
16	3668.9998	23793.324	33.00000	15.0	0.0	180.0	0.9000000
16	3678.0566	23785.006	33.00000	15.0	0.0	90.0	0.9000000
16	3661.5571	23785.410	33.00000	15.0	0.0	-90.0	0.9000000
0	3669.7197	23784.279	95.00000	0.0	0.0	0.0	1.0000000
16	3334.0000	23770.000	8.00000	0.0	0.0	-360.0	1.7700000
63	3667.5632	23784.000	46.00000	0.0	0.0	0.0	4.0000000
23	3489.0884	23785.000	45.00000	0.0	0.0	0.0	1.7800000
23	3177.7083	24315.000	45.00000	0.0	0.0	-180.0	1.7800000
48	2998.8521	24315.953	45.00000	0.0	0.0	45.0	0.9500000
63	2996.8162	24314.000	46.00000	0.0	0.0	0.0	4.0000000
23	2506.6257	24315.000	45.00000	0.0	0.0	-180.0	1.7800000
23	2817.7917	24315.000	45.00000	0.0	0.0	-180.0	1.7800000
7	2600.0000	24320.000	64.00000	0.0	0.0	-900.0	4.0000000
41	2492.9355	24460.148	32.00000	-2.5	0.0	0.0	2.2000000
41	2493.0000	24547.701	37.00000	8.5	0.0	-360.0	2.2000000
41	2492.8435	24374.424	38.00000	-5.9	0.0	0.0	2.2000000
16	2663.0000	24329.998	8.00000	0.0	0.0	-180.0	1.7700000
48	2997.3130	23785.236	45.00000	0.0	0.0	90.0	0.9500000
23	3177.6006	23785.000	45.00000	0.0	0.0	0.0	1.7800000
63	2995.0000	23784.000	46.00000	0.0	0.0	0.0	4.0000000
16	2663.0000	23770.000	8.00000	0.0	0.0	-360.0	1.7700000
23	2816.0623	23785.000	45.00000	0.0	0.0	0.0	1.7800000
23	2504.4351	23785.000	45.00000	0.0	0.0	0.0	1.7800000
7	4101.0000	23390.998	26.00000	-22.0	0.0	-540.0	4.0000000
40	2709.9998	22947.000	144.00000	0.0	0.0	-225.0	6.5000000
97	2565.7998	23252.500	130.00000	0.0	0.0	220.0	1.2500000
57	2530.1399	23086.869	192.28998	0.0	0.0	45.0	5.0000000
7	2485.0000	23183.000	218.00000	0.0	0.0	-405.0	6.9099998
7	2639.0000	23031.000	218.00000	0.0	0.0	-405.0	6.9099998
40	2557.0000	23099.000	144.00000	0.0	0.0	-225.0	6.5000000
7	2401.0000	24709.000	26.00000	-22.0	0.0	-720.0	4.0000000
60	1354.1881	25163.258	45.00000	0.0	0.0	0.0	1.0000000
61	350.2400	25185.738	121.65580	0.0	0.0	30.0	1.0000000
23	2146.5471	24315.000	45.00000	0.0	0.0	-180.0	1.7800000
7	2401.0000	24320.000	64.00000	0.0	0.0	-900.0	4.0000000
16	2318.9431	24315.348	33.00000	15.0	0.0	-90.0	0.9000000
16	2335.2961	24315.129	33.00000	15.0	0.0	-270.0	0.9000000
16	2327.2874	24323.514	33.00000	15.0	0.0	-180.0	0.9000000
16	2327.1089	24306.672	33.00000	15.0	0.0	0.0	0.9000000
16	1991.3241	24329.998	8.00000	0.0	0.0	-180.0	1.7700000
63	2325.3899	24314.000	43.00000	0.0	0.0	0.0	4.0000000
0	2326.9248	24313.953	95.00000	0.0	0.0	0.0	1.0000000
23	1835.0319	24315.000	45.00000	0.0	0.0	-180.0	1.7800000
63	1654.0500	24314.000	46.00000	0.0	0.0	0.0	4.0000000
69	1655.9519	24315.164	45.00000	0.0	0.0	0.0	1.1000000
16	2323.9285	23776.824	33.00000	15.0	0.0	0.0	0.9000000
16	2324.0000	23793.391	33.00000	15.0	0.0	180.0	0.9000000
16	2315.7971	23785.090	33.00000	15.0	0.0	270.0	0.9000000
16	2332.0349	23784.979	33.00000	15.0	0.0	450.0	0.9000000
63	2014.0000	23784.000	46.00000	0.0	0.0	0.0	4.0000000
63	2322.0874	23784.000	46.00000	0.0	0.0	0.0	4.0000000
23	2150.4539	23785.000	45.00000	0.0	0.0	0.0	1.7800000
0	2324.0000	23784.000	95.00000	0.0	0.0	0.0	1.0000000
23	1164.2290	24315.000	45.00000	0.0	0.0	-180.0	1.7800000
23	1475.8165	24315.000	45.00000	0.0	0.0	-180.0	1.7800000
16	1321.0000	24329.998	8.00000	0.0	0.0	-180.0	1.7700000
16	978.3849	24315.049	33.00000	15.0	0.0	-90.0	0.9000000
16	994.0800	24315.000	33.00000	15.0	0.0	-270.0	0.9000000
16	986.2900	24323.225	33.00000	15.0	0.0	-180.0	0.9000000
16	985.9999	24307.236	33.00000	15.0	0.0	0.0	0.9000000
63	984.0000	24314.000	46.00000	0.0	0.0	0.0	4.0000000
0	986.4950	24314.178	95.00000	0.0	0.0	0.0	1.0000000
22	1471.9999	23825.000	4.00000	0.0	0.0	45.0	1.4000000
23	985.9999	23822.709	45.00000	0.0	0.0	-90.0	1.7800000
23	985.9999	24134.602	45.00000	0.0	0.0	-90.0	1.7800000
16	970.0000	23979.000	8.00000	0.0	0.0	-90.0	1.7700000
57	2244.3101	23343.258	106.82326	0.0	0.0	45.0	3.0000000
7	2190.4900	23479.660	102.00000	0.0	0.0	-765.0	7.2700000
7	2038.7098	23627.859	52.00000	0.0	0.0	-405.0	7.2700000
37	2106.0000	23543.000	46.00000	0.0	0.0	-225.0	6.8400002
23	2015.0000	23643.998	46.00000	0.0	0.0	90.0	1.7800000
7	2337.7200	23330.311	158.99998	0.0	0.0	-405.0	7.2700000
37	2256.5564	23393.500	103.00000	0.0	0.0	-225.0	6.8400002
26	1828.0001	23473.000	45.00000	0.0	0.0	-225.0	4.2500000
35	1766.4700	23534.811	46.00000	0.0	0.0	-495.0	3.5999999
27	1904.2443	23396.738	47.00000	0.0	0.0	-135.0	3.5000000
23	1914.0000	23385.000	47.00000	0.0	0.0	45.0	1.7000000
37	2403.0000	23247.000	157.00000	0.0	0.0	135.0	6.8400002
37	2051.2800	22895.209	157.00000	0.0	0.0	135.0	6.8400002
27	2239.1675	23064.412	170.99998	0.0	0.0	-135.0	3.5000000
27	2016.8400	23286.330	88.00000	0.0	0.0	-135.0	3.5000000
27	2128.1345	23175.299	129.00000	0.0	0.0	-135.0	3.5000000
57	1915.4100	23041.549	93.02999	0.0	0.0	45.0	5.0000000
7	1822.0699	23116.598	102.00000	0.0	0.0	-585.0	7.2700000
37	1751.8099	23192.969	46.00000	0.0	0.0	-225.0	6.8400002
7	1675.4601	23262.998	52.00000	0.0	0.0	-585.0	7.2700000
7	1972.0100	22968.578	158.99998	0.0	0.0	-225.0	7.2700000
23	1656.7949	23284.250	46.00000	0.0	0.0	0.0	1.7800000
37	1900.5262	23045.051	103.00000	0.0	0.0	-225.0	6.8400002
23	985.9999	23457.662	45.00000	0.0	0.0	-90.0	1.7800000
63	984.0000	23638.799	46.00000	0.0	0.0	0.0	4.0000000
69	985.5935	23639.816	45.00000	0.0	0.0	0.0	1.1000000
16	1506.8939	22979.250	33.00000	15.0	0.0	-90.0	0.9000000
16	1522.7881	22979.998	33.00000	15.0	0.0	-270.0	0.9000000
16	1514.6865	22986.848	33.00000	15.0	0.0	-180.0	0.9000000
16	1515.0000	22971.883	33.00000	15.0	0.0	-360.0	0.9000000
63	1513.0000	22978.000	46.00000	0.0	0.0	0.0	4.0000000
63	1513.0000	23283.373	46.00000	0.0	0.0	0.0	4.0000000
23	1515.0000	23147.359	45.00000	0.0	0.0	90.0	1.7800000
0	1514.3359	22977.863	95.00000	0.0	0.0	0.0	1.0000000
23	985.9999	23145.748	45.00000	0.0	0.0	-90.0	1.7800000
7	982.0000	22898.000	64.00000	0.0	0.0	-810.0	4.0000000
16	993.5555	22976.389	33.00000	15.0	0.0	-270.0	0.9000000
16	977.2313	22976.998	33.00000	15.0	0.0	-90.0	0.9000000
16	985.9041	22984.188	33.00000	15.0	0.0	-180.0	0.9000000
16	985.9999	22967.582	33.00000	15.0	0.0	-360.0	0.9000000
16	970.0000	23301.852	8.00000	0.0	0.0	-90.0	1.7700000
63	984.0000	22975.000	46.00000	0.0	0.0	0.0	4.0000000
0	985.5101	22974.982	95.00000	0.0	0.0	0.0	1.0000000
60	65.2443	23839.316	45.00000	0.0	0.0	0.0	1.0000000
7	592.0000	22898.000	26.00000	-22.0	0.0	-630.0	4.0000000
71	5392.7793	22081.609	320.17932	0.0	0.0	-90.0	1.0000000
84	5019.5498	22324.578	324.00000	0.0	0.0	-45.0	1.5000000
9	5243.4194	22113.668	315.00000	0.0	0.0	135.0	2.0000000
9	5112.0000	22220.000	315.00000	0.0	0.0	145.0	2.0000000
9	4979.9297	22310.480	315.00000	0.0	0.0	150.0	2.0000000
115	5245.9395	22214.107	335.16351	0.0	0.0	45.0	1.4000000
84	4682.0000	22473.654	324.00000	0.0	0.0	-45.0	1.3000000
9	4181.9136	22497.000	309.23929	0.0	0.0	180.0	2.0000000
9	4365.3901	22493.010	309.23929	0.0	0.0	180.0	2.0000000
9	4519.3896	22476.420	310.36383	0.0	0.0	170.0	2.0000000
117	4194.9497	22478.299	324.63000	0.0	0.0	-250.0	0.7000000
75	4595.1797	22251.922	321.20432	0.0	0.0	0.0	0.8000000
75	4805.8301	22288.891	324.00000	0.0	0.0	45.0	1.0000000
86	4859.2798	22380.297	324.00000	0.0	0.0	-60.0	1.2000000
9	4820.3799	22394.580	315.00000	0.0	0.0	155.0	2.0000000
9	4680.8301	22442.160	315.00000	0.0	0.0	165.0	2.0000000
75	4127.6299	22042.359	324.00000	0.0	0.0	0.0	0.8000000
116	4230.1899	22361.209	324.00000	0.0	0.0	-250.0	0.9000000
118	4304.0000	22165.000	324.00000	0.0	0.0	-250.0	0.6000000
106	4238.8486	22357.488	324.00000	0.0	0.0	20.0	0.8000000
75	5606.4897	21780.730	330.10587	0.0	0.0	90.0	1.0000000
75	5515.3296	21972.189	333.43515	0.0	0.0	90.0	1.0000000
48	5530.4199	21811.178	231.37000	5.0	0.0	-225.0	1.8000000
75	5416.9399	21712.510	324.00000	0.0	0.0	45.0	1.0000000
9	5458.7598	21863.189	315.00000	0.0	0.0	125.0	2.0000000
9	5534.9497	21718.020	315.00000	0.0	0.0	115.0	2.0000000
120	4989.7295	21926.020	324.00000	0.0	0.0	170.0	0.6000000
116	5190.0991	21978.980	324.00000	0.0	0.0	765.0	0.8000000
94	5215.3501	21939.471	330.10559	0.0	0.0	-45.0	1.7000000
9	5355.0000	21998.000	315.00000	0.0	0.0	130.0	2.0000000
7	5103.9995	21804.000	78.83940	0.0	0.0	45.0	2.0000000
117	5186.5698	21950.770	334.00000	0.0	0.0	464.0	0.4000000
75	5731.2598	21373.287	324.00000	0.0	0.0	90.0	1.0000000
92	5607.2485	21511.721	324.00000	0.0	0.0	-170.0	0.7000000
33	5683.6460	21284.377	322.00000	0.0	0.0	90.0	2.5000000
9	5588.3999	21564.369	315.00000	0.0	0.0	105.0	2.0000000
9	5628.8994	21396.061	315.00000	0.0	0.0	100.0	2.0000000
9	5650.6704	21219.246	302.37689	0.0	0.0	95.0	2.0000000
75	5583.7500	21373.588	324.00000	0.0	0.0	90.0	1.0000000
80	5235.2397	21566.480	324.00000	0.0	0.0	145.0	0.3500000
75	4554.6899	21775.219	324.00000	0.0	0.0	45.0	1.0000000
103	4450.0000	21250.000	324.00000	0.0	0.0	-47.0	0.6800000
9	4000.2339	22486.520	309.23929	0.0	0.0	185.0	2.0000000
9	3847.7334	22465.998	311.78680	0.0	0.0	192.0	2.0000000
101	3945.6042	22548.230	324.00000	0.0	0.0	70.0	1.0000000
120	3966.4399	22137.656	324.00000	0.0	0.0	170.0	0.6000000
92	3783.3420	22420.406	324.00000	0.0	0.0	-90.0	0.7000000
9	3693.0000	22426.998	315.00000	0.0	0.0	200.0	2.0000000
71	3910.5823	22337.650	324.00000	0.0	0.0	0.0	0.7000000
46	3550.0000	22100.000	324.00000	0.0	0.0	-45.0	0.6000000
75	3521.0300	22268.289	324.00000	0.0	0.0	90.0	1.0000000
48	3433.1699	22381.867	253.00000	0.0	0.0	0.0	1.5000000
9	3484.5200	22314.020	310.38998	0.0	0.0	220.0	2.0000000
9	3361.5398	22203.590	266.31000	0.0	0.0	220.0	2.0000000
9	3563.9697	22375.869	315.00000	0.0	0.0	210.0	2.0000000
37	3310.6702	22338.480	267.99997	0.0	0.0	-225.0	6.8400002
7	3390.2600	22273.350	322.00000	0.0	0.0	-405.0	7.2700000
40	2863.0000	22794.000	144.00000	0.0	0.0	-225.0	6.5000000
57	3142.2200	22483.088	210.71210	0.0	0.0	45.0	5.0000000
57	2839.6296	22791.109	189.59999	0.0	0.0	45.0	3.0000000
37	3161.8823	22487.148	212.99998	0.0	0.0	-225.0	6.8400002
7	2943.9998	22725.000	218.00000	0.0	0.0	-405.0	6.9099998
7	3095.0999	22570.309	217.99998	0.0	0.0	-405.0	6.9099998
40	3017.9998	22639.000	144.00000	0.0	0.0	-225.0	6.5000000
32	2446.0000	22859.000	208.99998	0.0	0.0	135.0	9.6000004
89	2462.7900	22840.838	208.99001	0.0	0.0	-135.0	1.8400000
32	2753.0000	22551.000	208.99998	0.0	0.0	135.0	9.6000004
89	2793.0198	22505.311	208.99998	0.0	0.0	-135.0	1.8400000
57	2486.9700	22496.391	187.19588	0.0	0.0	45.0	5.0000000
7	2792.0000	22875.000	218.00000	0.0	0.0	-405.0	6.9099998
7	2426.0000	22515.000	218.00000	0.0	0.0	-585.0	6.9099998
9	3239.1702	22077.850	269.63638	0.0	0.0	225.0	2.0000000
26	3225.7100	22079.129	324.00000	0.0	0.0	-405.0	4.2500000
27	3065.8254	22237.754	256.00000	0.0	0.0	225.0	3.5000000
27	3149.2000	22154.900	288.00000	0.0	0.0	-135.0	3.5000000
7	3244.0300	22421.898	270.00000	0.0	0.0	-405.0	7.2700000
7	2879.1399	22061.920	270.00000	0.0	0.0	-585.0	7.2700000
27	2954.1584	22348.971	214.99998	0.0	0.0	-135.0	3.5000000
40	2507.0000	22447.000	144.00000	0.0	0.0	-225.0	6.5000000
57	2800.2000	22173.887	202.36151	0.0	0.0	45.0	3.0000000
37	2805.3225	22138.326	212.99998	0.0	0.0	-225.0	6.8400002
7	2578.0000	22362.000	218.00000	0.0	0.0	-585.0	6.9099998
7	2729.8196	22208.750	217.99998	0.0	0.0	-585.0	6.9099998
40	2659.9998	22290.998	144.00000	0.0	0.0	-225.0	6.5000000
46	3300.0000	21650.000	324.00000	0.0	0.0	0.0	0.8000000
35	3291.2000	22013.738	325.00000	0.0	0.0	-675.0	3.5999999
31	3413.2297	22005.688	325.00000	180.0	0.0	-495.0	2.5000000
31	3305.7998	21892.539	319.99997	0.0	0.0	45.0	2.5000000
103	4050.0000	21250.000	324.00000	0.0	0.0	43.0	0.6800000
75	2959.8499	21882.010	324.00000	0.0	0.0	90.0	1.0000000
75	2906.3098	21781.680	324.00000	0.0	0.0	45.0	1.0000000
105	2996.9900	21687.469	324.00000	0.0	0.0	90.0	2.0000000
69	2889.9199	21676.328	208.99998	0.0	0.0	-450.0	1.8000000
75	3083.9700	21768.820	324.00000	0.0	0.0	90.0	1.0000000
9	3001.5200	21802.320	308.00000	0.0	0.0	-125.0	2.0000000
9	3118.9797	21945.971	270.00000	0.0	0.0	230.0	2.0000000
9	2950.8296	21714.707	315.00000	0.0	0.0	-120.0	2.0000000
9	2902.0300	21612.230	315.00000	0.0	0.0	-115.0	2.0000000
37	2955.9897	21989.000	267.99997	0.0	0.0	-225.0	6.8400002
7	3026.6597	21912.957	322.00000	0.0	0.0	-585.0	7.2700000
117	2958.5999	21292.588	324.00000	0.0	0.0	490.0	0.8000000
118	2942.3750	21325.812	325.00000	0.0	0.0	-276.0	0.8000000
120	3054.0999	21599.600	324.00000	0.0	0.0	-10.0	0.5000000
102	2959.7700	21556.920	324.00000	0.0	0.0	50.0	0.7000000
88	2932.2800	21323.230	324.00000	0.0	0.0	-280.0	1.7500000
9	2848.2300	21463.029	315.00000	0.0	0.0	-110.0	2.0000000
75	2731.5696	21182.570	324.00000	0.0	0.0	90.0	1.0000000
9	2807.9199	21297.848	315.00000	0.0	0.0	-100.0	2.0000000
9	5639.9414	20882.000	304.80371	0.0	0.0	80.0	2.0000000
11	5628.6577	20820.314	287.00000	3.0	0.0	45.0	2.0000000
9	5547.7856	20857.607	293.99997	0.0	0.0	-22.5	2.0000000
75	5578.9648	20789.234	324.00003	0.0	0.0	90.0	1.0000000
57	5822.3867	20826.359	324.00000	0.0	0.0	45.0	5.0000000
35	5579.9458	21050.160	325.00000	0.0	0.0	-1170.0	3.5999999
31	5492.7700	21143.461	319.99997	0.0	0.0	270.0	2.5000000
31	5496.5796	20959.127	325.00000	180.0	0.0	-270.0	2.5000000
33	5685.0000	20814.000	322.00000	0.0	0.0	90.0	2.5000000
26	5671.4399	21050.137	324.00000	0.0	0.0	-180.0	4.2500000
9	5656.0571	21045.490	302.37686	0.0	0.0	90.0	2.0000000
9	5377.5645	20915.771	293.99997	0.0	0.0	-22.5	2.0000000
9	5167.4717	20995.939	293.99997	0.0	0.0	-22.5	2.0000000
9	4975.8672	20919.318	293.99997	0.0	0.0	69.5	2.0000000
5	5653.9995	20692.000	324.00000	0.0	0.0	80.0	2.2000000
5	5558.8301	20373.770	324.00000	0.0	0.0	65.0	2.2000000
104	5571.1050	20361.812	334.46341	0.0	0.0	0.0	0.4000000
124	5593.8696	20692.900	324.00000	45.0	0.0	315.0	0.8000000
120	5467.3198	20747.457	324.00000	0.0	0.0	-55.0	0.5000000
101	5684.6357	20692.588	324.00000	0.0	0.0	70.0	1.0000000
20	5552.1797	20445.121	324.00000	5.0	0.0	-90.0	1.1000000
124	5508.5596	20568.271	324.00000	0.0	0.0	315.0	1.0000000
102	5454.4092	20443.928	324.00000	0.0	0.0	-85.0	0.9000000
71	5630.6099	20541.570	324.00000	0.0	0.0	0.0	0.8000000
5	5612.9995	20528.000	324.00000	0.0	0.0	75.0	2.2000000
19	5580.8301	20395.600	142.78000	0.0	0.0	0.0	0.5000000
19	5640.2500	20574.080	168.30614	0.0	0.0	90.0	0.4000000
19	5577.2695	20483.479	144.92000	0.0	0.0	0.0	0.3000000
19	5632.1592	20676.447	132.69000	0.0	0.0	0.0	0.5000000
9	5010.0898	20387.770	291.99997	-0.0	0.0	165.0	2.0000000
9	5188.0103	20352.842	291.99997	-0.0	0.0	165.0	2.0000000
75	5351.9399	20428.010	324.00000	0.0	0.0	90.0	1.0000000
75	5298.9702	20601.064	324.00003	0.0	0.0	45.0	1.0000000
95	4268.7002	21041.400	324.00000	0.0	0.0	45.0	1.0000000
0	4275.2197	21059.600	337.00000	0.0	0.0	45.0	0.5000000
0	4247.6899	21044.367	329.00000	0.0	0.0	270.0	1.0000000
0	4275.9199	21027.367	337.00000	0.0	0.0	45.0	0.5000000
0	4238.4199	21016.738	337.00000	0.0	0.0	45.0	0.5000000
103	4450.0000	20850.000	324.00000	0.0	0.0	-137.0	0.6800000
9	4914.8135	20742.740	293.99997	0.0	0.0	69.5	2.0000000
9	4884.9697	20394.801	267.99997	0.0	10.0	-60.0	2.0000000
9	4853.0195	20557.439	293.99997	0.0	0.0	75.5	2.0000000
9	4659.8101	20442.459	287.00000	0.0	0.0	20.0	2.0000000
75	4952.6797	20346.396	324.00000	0.0	0.0	90.0	1.0000000
9	4319.3003	20337.328	287.00000	0.0	0.0	15.0	2.0000000
9	4507.4600	20382.680	287.00000	0.0	0.0	15.0	2.0000000
9	5438.3999	20252.820	315.00000	0.0	0.0	60.0	2.0000000
11	5460.8799	20312.709	287.00000	3.0	0.0	50.0	2.0000000
34	5526.1602	20153.219	324.00000	0.0	0.0	45.0	1.6000000
48	5532.4995	20280.088	276.00000	0.0	0.0	0.0	1.3000000
9	5377.0000	20289.422	291.99997	-5.0	0.0	165.0	2.0000000
9	5038.4390	19920.180	266.00000	0.0	6.0	-70.0	2.0000000
9	4980.1001	20101.057	266.00000	0.0	10.0	-75.0	2.0000000
9	5212.9995	20000.000	315.00000	0.0	0.0	40.0	2.0000000
75	5354.5498	19973.570	324.00000	0.0	0.0	45.0	1.0000000
87	5207.1802	20090.908	325.98404	-2.0	0.0	45.0	2.0000000
9	5340.0200	20126.410	315.00000	0.0	0.0	50.0	2.0000000
34	5292.8491	19895.121	317.99997	0.0	0.0	45.0	1.8000000
11	5030.4199	19863.100	294.52448	0.0	0.0	390.0	2.0000000
9	5077.3096	19886.311	315.00000	0.0	0.0	36.0	2.0000000
71	5045.5898	19763.717	326.92117	0.0	0.0	0.0	0.5000000
52	5131.0000	19744.000	296.00000	0.0	0.0	390.0	1.8000000
9	4929.4399	20278.889	268.06631	0.0	10.0	-70.0	2.0000000
120	4612.9199	19972.221	324.00000	0.0	0.0	55.0	0.5000000
75	4767.7998	19912.051	324.00000	0.0	0.0	0.0	1.0000000
9	4324.4697	19975.920	287.00000	0.0	0.0	115.0	2.0000000
9	4251.1899	20139.498	287.00000	0.0	0.0	110.0	2.0000000
5	4940.0000	19751.000	324.00000	0.0	0.0	25.0	2.2000000
20	4967.9897	19797.209	307.00000	5.0	0.0	-315.0	1.0000000
5	4599.1567	19641.264	324.00000	0.0	0.0	10.0	2.2000000
101	4964.8794	19702.828	324.00000	0.0	0.0	70.0	1.0000000
120	4916.7295	19807.719	324.00000	0.0	0.0	35.0	0.5000000
75	4891.7593	19872.109	324.00000	0.0	0.0	90.0	1.0000000
92	4680.6045	19673.629	324.00000	0.0	0.0	100.0	0.7000000
5	4777.6143	19690.182	324.00000	0.0	0.0	20.0	2.2000000
19	4703.0000	19615.998	189.00000	0.0	0.0	0.0	0.6000000
19	4914.7402	19735.809	137.34460	0.0	0.0	0.0	0.6000000
19	4803.8096	19662.779	189.00000	0.0	0.0	0.0	0.4000000
57	4407.5742	19502.951	324.00000	0.0	0.0	45.0	5.0000000
9	4414.4199	19792.170	284.43085	0.0	0.0	120.0	2.0000000
11	4471.0000	19685.000	287.00000	3.0	0.0	445.0	2.0000000
75	4529.9395	19702.469	324.00000	0.0	0.0	45.0	1.0000000
35	4253.1738	19720.160	325.00000	0.0	0.0	-900.0	3.5999999
31	4156.8091	19804.939	325.00000	180.0	0.0	-360.0	2.5000000
31	4345.4893	19805.469	319.99997	0.0	0.0	180.0	2.5000000
33	4487.1377	19616.256	322.00000	0.0	0.0	90.0	2.5000000
26	4253.3306	19628.463	324.00000	0.0	0.0	-270.0	4.2500000
9	4423.8301	19671.180	303.49759	0.0	0.0	0.0	2.0000000
9	4249.8594	19667.840	303.49759	0.0	0.0	0.0	2.0000000
103	4050.0000	20850.000	324.00000	0.0	0.0	-227.0	0.6800000
120	3288.3999	20398.459	324.00000	0.0	0.0	125.0	0.6000000
75	3290.6150	20334.453	324.00000	0.0	0.0	45.0	1.0000000
75	3174.0500	20965.600	324.00000	0.0	0.0	90.0	1.0000000
112	2861.5200	20958.100	324.00000	0.0	0.0	65.0	2.0000000
120	2967.4600	20931.129	324.00000	0.0	0.0	-10.0	0.5000000
48	2758.2297	20981.078	253.00000	0.0	0.0	0.0	1.8000000
9	2822.8499	20761.039	315.00000	0.0	0.0	-85.0	2.0000000
9	2808.6599	20929.600	315.00000	0.0	0.0	-85.0	2.0000000
9	2798.4453	21119.457	315.00000	0.0	0.0	-90.0	2.0000000
84	2863.4399	20377.170	324.00000	0.0	0.0	45.0	1.1000000
88	2958.6975	20594.652	324.00000	0.0	0.0	-255.0	1.7500000
117	2963.0000	20598.000	325.00000	0.0	0.0	104.0	0.8000000
116	2970.0000	20604.998	324.00000	0.0	0.0	59.0	0.8000000
105	3000.0500	20337.039	324.00000	0.0	0.0	-225.0	3.0000000
9	2856.0698	20585.139	315.00000	0.0	0.0	-75.0	2.0000000
9	2917.0999	20447.240	315.00000	0.0	0.0	-60.0	2.0000000
75	3142.8201	20355.527	324.00003	0.0	0.0	45.0	1.0000000
75	2748.0901	20707.049	324.00000	0.0	0.0	90.0	1.0000000
118	3408.8799	19996.467	324.00000	0.0	0.0	140.0	0.9000000
117	3266.6699	20107.850	324.00000	0.0	0.0	140.0	0.5000000
72	3408.4399	19994.367	324.00000	0.0	0.0	140.0	4.8000002
9	3344.5198	19930.539	315.00000	0.0	0.0	-40.0	2.0000000
80	3890.2900	19840.729	324.00000	0.0	0.0	155.0	0.3500000
75	3795.5398	19802.646	324.00000	0.0	0.0	45.0	1.0000000
123	3740.4128	19649.508	324.00000	0.0	0.0	0.0	0.5000000
123	3789.7129	19714.078	324.00000	0.0	0.0	-90.0	0.3000000
120	3722.3599	19875.980	324.00000	0.0	0.0	-10.0	0.5000000
75	3782.4897	19600.529	324.00000	0.0	0.0	45.0	1.0000000
75	3969.3230	19573.211	324.00000	0.0	0.0	135.0	1.0000000
33	4017.8176	19614.648	322.00000	0.0	0.0	90.0	2.5000000
9	4077.8496	19673.727	303.49759	0.0	0.0	0.0	2.0000000
9	3747.5999	19710.680	315.00000	0.0	0.0	-10.0	2.0000000
9	3917.7200	19685.330	315.00000	0.0	0.0	-5.0	2.0000000
123	3801.9231	19625.088	157.81000	0.0	0.0	-135.0	0.4000000
115	3882.8396	19600.260	328.95544	0.0	0.0	45.0	1.2000000
70	3946.4248	19667.732	324.00000	0.0	0.0	0.0	0.9000000
71	3648.8599	19644.010	324.00000	0.0	0.0	-90.0	0.7000000
48	3425.9197	19741.828	292.99997	15.0	0.0	0.0	1.1000000
117	3543.2100	19875.369	324.00000	0.0	0.0	140.0	0.5000000
102	3633.0002	19780.000	324.00000	0.0	0.0	50.0	1.0000000
9	3617.4900	19752.590	315.00000	0.0	0.0	-25.0	2.0000000
9	3474.5598	19833.119	315.00000	0.0	0.0	-30.0	2.0000000
86	3033.3701	20139.080	324.00000	0.0	0.0	-105.0	1.0000000
71	3143.3545	20234.529	314.78998	0.0	0.0	0.0	0.9000000
9	3212.0400	20049.309	315.00000	0.0	0.0	-45.0	2.0000000
9	3089.0000	20173.000	315.00000	0.0	0.0	-50.0	2.0000000
9	2990.9199	20305.359	315.00000	0.0	0.0	-60.0	2.0000000
104	3003.2300	20219.248	324.00000	0.0	0.0	0.0	0.4000000
40	2355.0000	22597.000	144.00000	0.0	0.0	-225.0	6.5000000
97	2040.0001	22750.902	130.00000	0.0	0.0	40.0	1.2500000
57	2229.0801	22757.070	189.84999	0.0	0.0	45.0	3.0000000
7	2121.0000	22820.000	218.00000	0.0	0.0	-585.0	6.9099998
7	2274.0000	22665.998	218.00000	0.0	0.0	-585.0	6.9099998
40	2202.0000	22751.000	144.00000	0.0	0.0	-225.0	6.5000000
16	1529.0000	22642.547	8.00000	0.0	0.0	-270.0	1.7700000
23	1515.0000	22486.615	45.00000	0.0	0.0	90.0	1.7800000
23	1515.0000	22798.469	45.00000	0.0	0.0	90.0	1.7800000
23	985.9999	22483.000	45.00000	0.0	0.0	-90.0	1.7800000
23	985.9999	22794.869	45.00000	0.0	0.0	-90.0	1.7800000
42	746.0237	22800.129	37.97883	0.0	8.5	0.0	2.2000000
7	982.0000	22700.000	64.00000	0.0	0.0	-810.0	4.0000000
42	919.6776	22800.107	38.00000	0.0	-5.9	0.0	2.2000000
42	834.2708	22799.893	32.00000	0.0	-2.5	0.0	2.2000000
16	970.0000	22639.260	8.00000	0.0	0.0	-90.0	1.7700000
48	1514.8632	22305.264	45.00000	0.0	0.0	45.0	0.9500000
23	1515.0000	22125.551	45.00000	0.0	0.0	90.0	1.7800000
63	1513.0000	22304.000	46.00000	0.0	0.0	0.0	4.0000000
23	985.9999	22122.617	45.00000	0.0	0.0	-90.0	1.7800000
63	984.0000	22301.000	46.00000	0.0	0.0	0.0	4.0000000
48	985.5541	22302.215	45.00000	0.0	0.0	90.0	0.9500000
7	1912.8784	21199.438	26.00000	-22.0	0.0	-450.0	4.0000000
0	1515.4312	21631.211	95.00000	0.0	0.0	0.0	1.0000000
16	1514.8015	21640.740	33.00000	15.0	0.0	-180.0	0.9000000
16	1514.5999	21624.236	33.00000	15.0	0.0	-360.0	0.9000000
16	1522.9395	21632.041	33.00000	15.0	0.0	-270.0	0.9000000
16	1506.9774	21632.369	33.00000	15.0	0.0	-90.0	0.9000000
16	1529.0000	21969.846	8.00000	0.0	0.0	-270.0	1.7700000
63	1513.0000	21631.000	46.00000	0.0	0.0	0.0	4.0000000
23	1515.0000	21814.064	45.00000	0.0	0.0	90.0	1.7800000
23	985.9999	21811.178	45.00000	0.0	0.0	-90.0	1.7800000
0	986.1630	21628.076	95.00000	0.0	0.0	0.0	1.0000000
16	978.9815	21629.840	33.00000	15.0	0.0	-90.0	0.9000000
16	993.3961	21629.000	33.00000	15.0	0.0	90.0	0.9000000
16	985.8073	21621.760	33.00000	15.0	0.0	0.0	0.9000000
16	986.0200	21636.289	33.00000	15.0	0.0	-180.0	0.9000000
16	970.0000	21966.312	8.00000	0.0	0.0	-90.0	1.7700000
63	984.0000	21628.000	46.00000	0.0	0.0	0.0	4.0000000
7	1521.9999	21199.000	64.00000	0.0	0.0	-990.0	4.0000000
16	1529.0000	21295.699	8.00000	0.0	0.0	-270.0	1.7700000
23	1515.0000	21451.389	45.00000	0.0	0.0	90.0	1.7800000
23	985.9999	21448.855	45.00000	0.0	0.0	-90.0	1.7800000
16	970.0000	21292.000	8.00000	0.0	0.0	-90.0	1.7700000
7	592.0000	22700.000	26.00000	-22.0	0.0	-630.0	4.0000000
42	645.7474	22800.199	20.73274	0.0	-24.0	0.0	2.2000000
1	397.0000	22785.000	1.00000	0.0	0.0	0.0	3.4000001
60	8.0000	22822.000	35.00000	0.0	0.0	0.0	1.0000000
60	17.5208	21701.209	45.00000	0.0	0.0	0.0	1.0000000
1	2104.0000	21114.000	1.00000	0.0	0.0	-180.0	3.4000001
42	1845.4697	21101.000	25.58767	0.0	24.0	0.0	2.2000000
7	1912.5343	21001.195	26.00000	-22.0	0.0	-450.0	4.0000000
42	1656.0391	21100.820	33.00000	0.0	2.5	0.0	2.2000000
42	1744.0000	21101.000	37.00000	0.0	-7.6	0.0	2.2000000
42	1571.0000	21100.930	40.00000	0.0	5.9	0.0	2.2000000
7	1521.9999	21001.000	64.00000	0.0	0.0	-990.0	4.0000000
69	1515.0876	20958.828	45.00000	0.0	0.0	-45.0	1.1000000
23	1515.0000	20778.469	45.00000	0.0	0.0	90.0	1.7800000
23	1515.0000	21139.723	45.00000	0.0	0.0	90.0	1.7800000
63	1513.0000	20958.000	46.00000	0.0	0.0	0.0	4.0000000
23	985.9999	20777.723	45.00000	0.0	0.0	-90.0	1.7800000
23	985.9999	21137.068	45.00000	0.0	0.0	-90.0	1.7800000
63	984.0000	20955.996	46.00000	0.0	0.0	0.0	4.0000000
69	986.1299	20957.254	45.00000	0.0	0.0	0.0	1.1000000
4	1262.0000	20461.000	45.00000	0.0	0.0	-540.0	3.0000000
16	1529.0000	20622.771	8.00000	0.0	0.0	-270.0	1.7700000
23	1515.0000	20467.189	45.00000	0.0	0.0	90.0	1.7800000
23	985.9999	20465.768	45.00000	0.0	0.0	-90.0	1.7800000
16	970.0000	20622.000	8.00000	0.0	0.0	-90.0	1.7700000
60	2242.9614	19496.879	154.24448	0.0	0.0	0.0	1.0000000
60	1648.8373	19574.641	303.78839	0.0	0.0	0.0	1.0000000
23	1160.8707	20285.000	45.00000	0.0	0.0	360.0	1.7800000
23	1332.9973	20285.000	45.00000	0.0	0.0	360.0	1.7800000
16	1246.6222	20269.656	8.00000	0.0	0.0	-360.0	1.7700000
16	1514.8993	20277.615	33.00000	15.0	0.0	-720.0	0.9000000
16	1515.0000	20292.021	33.00000	15.0	0.0	-900.0	0.9000000
16	1508.2800	20284.709	33.00000	15.0	0.0	-810.0	0.9000000
16	1522.1865	20284.510	33.00000	15.0	0.0	-990.0	0.9000000
63	1513.0000	20284.000	46.00000	0.0	0.0	0.0	4.0000000
0	1515.0798	20284.316	95.00000	0.0	0.0	0.0	1.0000000
16	979.0000	20285.000	33.00000	15.0	0.0	-90.0	0.9000000
16	994.0112	20285.133	33.00000	15.0	0.0	-270.0	0.9000000
16	986.0721	20276.844	33.00000	15.0	0.0	-360.0	0.9000000
16	985.9799	20293.090	33.00000	15.0	0.0	-540.0	0.9000000
63	984.0000	20284.000	46.00000	0.0	0.0	0.0	4.0000000
0	986.6299	20284.125	95.00000	0.0	0.0	0.0	1.0000000
92	311.4346	20862.998	36.00000	0.0	0.0	45.0	0.6000000
147	475.7293	21032.000	24.00000	0.0	0.0	-45.0	1.0000000
142	400.0000	19608.000	206.00000	0.0	0.0	45.0	0.9000000
77	12620.0000	19447.000	324.00000	-10.0	0.0	190.0	0.3500000
80	12346.8799	19454.307	324.00000	0.0	0.0	-65.0	0.2000000
84	12368.3154	19386.002	323.00000	0.0	0.0	-0.0	1.3000000
77	12524.5996	19408.150	324.00000	-10.0	0.0	145.0	0.2500000
9	12375.4688	19439.090	315.00000	0.0	0.0	20.0	2.0000000
9	12238.3389	19414.279	315.00000	0.0	0.0	0.0	2.0000000
84	11808.5400	19265.889	324.00000	0.0	0.0	-0.0	1.5000000
84	11908.0898	19457.219	324.00000	0.0	0.0	90.0	1.5000000
84	11934.1992	19374.641	324.00000	0.0	0.0	0.0	1.5000000
84	12149.8496	19360.605	324.00000	0.0	0.0	-0.0	1.5000000
9	12057.3496	19400.070	315.00000	0.0	0.0	10.0	2.0000000
9	11871.2197	19343.879	315.00000	0.0	0.0	20.0	2.0000000
76	11793.6895	19392.969	324.00000	0.0	0.0	-90.0	0.4000000
76	11642.5303	19443.990	235.99998	0.0	0.0	-180.0	0.3000000
71	11628.7598	19125.699	324.00000	0.0	0.0	-90.0	1.0000000
77	11539.4502	19048.740	324.00000	-10.0	0.0	180.0	0.4500000
77	11482.7598	19133.799	324.00000	-10.0	0.0	-0.0	0.3500000
77	11392.7197	19116.020	324.00000	-10.0	0.0	180.0	0.3500000
69	11629.7100	19274.879	220.72530	0.0	0.0	-90.0	2.0000000
120	11609.7002	19424.010	324.00000	0.0	0.0	135.0	0.6000000
9	11712.7002	19265.529	315.00000	0.0	0.0	30.0	2.0000000
9	11555.8193	19154.590	315.00000	0.0	0.0	40.0	2.0000000
9	11437.0000	19069.000	315.00000	0.0	0.0	30.0	2.0000000
76	11704.6992	19342.051	267.22595	0.0	0.0	-315.0	0.2000000
48	11171.6992	19068.537	217.73000	0.0	0.0	180.0	2.0000000
120	11145.0898	19065.279	324.00000	0.0	0.0	135.0	0.6000000
77	11416.5996	19000.387	324.00000	-10.0	0.0	225.0	0.5500000
86	11053.8486	18650.055	324.00000	0.0	0.0	0.0	1.0000000
101	10944.4004	18848.789	324.00000	0.0	0.0	25.0	1.0000000
105	10949.6895	18752.061	324.00000	10.0	0.0	-315.0	1.6000000
120	11102.1885	18652.047	336.27081	0.0	0.0	-65.0	0.4000000
105	11111.8896	18929.609	324.00000	10.0	0.0	-450.0	2.0000000
75	11229.0791	18992.811	324.00000	0.0	0.0	45.0	1.0000000
75	11056.3594	18837.129	324.00000	0.0	0.0	45.0	1.0000000
77	11326.7900	18899.180	324.00000	0.0	0.0	45.0	0.6000000
77	11271.2490	18873.887	324.00000	20.0	0.0	0.0	0.4000000
77	11186.4297	18802.580	324.00000	20.0	0.0	-45.0	0.3500000
9	11281.8398	18963.299	315.00000	0.0	0.0	40.0	2.0000000
9	11140.4297	18830.330	315.00000	0.0	0.0	50.0	2.0000000
9	11027.3701	18733.420	315.00000	0.0	0.0	30.0	2.0000000
80	11049.9600	18704.977	324.00000	0.0	0.0	270.0	0.4000000
76	11161.5498	18711.959	324.00000	0.0	0.0	-135.0	0.1000000
17	12464.2900	18244.430	381.00000	0.0	0.0	191.5	0.9000000
70	12325.8389	18231.031	379.49997	0.0	0.0	-135.0	0.7000000
70	12417.9600	18276.160	379.49997	0.0	0.0	-90.0	0.7000000
28	12291.7988	18230.510	379.49997	0.0	0.0	-65.0	0.5000000
10	12322.4297	18317.322	385.00000	0.0	0.0	-342.7	1.2900000
13	12649.8369	18380.980	358.00000	0.0	0.0	0.0	1.1500000
28	12406.7500	18282.990	379.00000	0.0	0.0	-65.0	0.5000000
70	12229.8799	18186.561	379.49997	0.0	0.0	-90.0	0.7000000
15	12318.8389	18169.941	379.00003	0.0	0.0	21.5	1.2200000
17	11870.0596	17898.518	381.00000	0.0	0.0	233.8	0.9000000
70	11825.6396	17875.160	379.49997	0.0	0.0	-90.0	0.7000000
70	12045.8584	18084.250	379.49997	0.0	0.0	-180.0	0.7000000
70	12127.2090	18141.039	379.49997	0.0	0.0	0.0	0.7000000
28	11800.0293	17888.359	379.49997	0.0	0.0	-30.0	0.5000000
28	12175.9600	18179.010	379.49997	0.0	0.0	-65.0	0.5000000
28	12063.7598	18127.646	379.49997	0.0	0.0	-65.0	0.5000000
28	12022.3594	18113.711	378.00000	0.0	0.0	-30.0	0.5000000
15	12168.7363	18098.250	379.00003	0.0	0.0	29.5	1.2200000
13	12030.0000	18195.000	358.00000	0.0	0.0	-326.0	1.1500000
35	11903.0000	18004.000	380.00000	0.0	0.0	-316.0	1.0000000
17	12017.0098	18035.529	381.00000	0.0	0.0	126.5	0.9000000
70	11766.1094	17778.180	379.49997	0.0	0.0	-135.0	0.7000000
28	11736.9785	17781.859	379.49997	0.0	0.0	-30.0	0.5000000
10	11796.0986	17967.070	385.00000	0.0	0.0	-309.8	1.2900000
120	10674.1660	19300.953	323.91428	0.0	0.0	90.0	0.6000000
115	10655.6689	19235.738	324.00000	0.0	0.0	45.0	1.2000000
104	10304.7832	19089.639	324.39047	0.0	0.0	0.0	0.3000000
76	10747.7002	18638.240	324.00000	0.0	0.0	-90.0	0.2000000
80	10518.3799	18707.209	324.00000	0.0	0.0	225.0	0.4000000
75	10645.1797	18745.170	324.00000	0.0	0.0	0.0	1.0000000
120	10579.2900	18817.520	324.00000	0.0	0.0	90.0	0.6000000
9	10902.2197	18685.578	315.00000	0.0	0.0	10.0	2.0000000
9	10747.1299	18671.090	315.00000	0.0	0.0	0.0	2.0000000
9	10593.4482	18694.961	315.00000	0.0	0.0	-15.0	2.0000000
80	10815.7197	18743.289	324.00000	0.0	0.0	225.0	0.4000000
105	10378.1699	18687.039	333.10553	10.0	0.0	-405.0	1.6000000
75	10478.5488	18631.971	324.00000	0.0	0.0	0.0	1.0000000
84	10154.1592	18910.990	324.00000	0.0	0.0	0.0	1.5000000
84	10155.4600	18991.207	324.00000	0.0	0.0	90.0	1.1000000
9	10463.1797	18757.559	315.00000	0.0	0.0	-25.0	2.0000000
9	10330.5498	18843.609	315.00000	0.0	0.0	-40.0	2.0000000
9	10209.7900	18964.150	315.00000	0.0	0.0	-40.0	2.0000000
120	10369.6396	18915.729	324.00000	0.0	0.0	45.0	0.6000000
71	10377.0488	18820.957	324.00000	0.0	0.0	0.0	1.0000000
76	10273.3896	18751.250	309.10999	0.0	0.0	-225.0	0.1200000
84	9862.8193	19096.979	324.00000	0.0	0.0	225.0	1.1000000
9	10053.3096	19053.779	315.00000	0.0	0.0	-15.0	2.0000000
9	9863.4297	19069.967	315.00000	0.0	0.0	5.0	2.0000000
120	9885.7197	19237.490	324.00000	0.0	0.0	90.0	0.6000000
101	9447.2002	19067.609	324.00000	0.0	0.0	25.0	1.0000000
80	9531.4502	19114.408	324.00000	0.0	0.0	360.0	0.4000000
71	9657.3291	19109.020	324.00000	0.0	0.0	0.0	1.0000000
120	9389.4395	19071.170	324.00000	0.0	0.0	90.0	0.6000000
84	10004.6895	18968.959	324.00000	0.0	0.0	0.0	1.5000000
84	9892.7783	19013.068	324.00000	0.0	0.0	-45.0	1.5000000
84	10039.8096	19042.670	324.00000	0.0	0.0	135.0	1.5000000
9	9672.6035	19036.439	315.00000	0.0	0.0	15.0	2.0000000
80	9275.7598	18962.029	324.00000	0.0	0.0	225.0	0.4000000
80	9301.6201	18701.180	324.00000	0.0	0.0	405.0	0.4000000
77	9390.4902	18947.039	324.00000	0.0	0.0	-90.0	0.4000000
77	9537.7197	19013.260	212.65382	0.0	0.0	-90.0	0.4000000
75	9351.6094	19032.689	324.00000	0.0	0.0	0.0	1.0000000
102	9344.0801	18797.541	333.58640	0.0	0.0	90.0	1.0000000
75	9418.6699	18754.449	324.76132	0.0	0.0	90.0	0.8000000
77	9500.7998	18834.760	324.00000	0.0	0.0	45.0	0.5000000
77	9652.8203	18927.221	324.00000	0.0	0.0	45.0	0.4000000
9	9502.9102	18962.709	315.00000	0.0	0.0	30.0	2.0000000
9	9359.0000	18857.000	315.00000	0.0	0.0	45.0	2.0000000
80	9454.1201	18841.801	331.32001	0.0	0.0	540.0	0.4000000
75	9592.2900	18866.527	329.54456	0.0	0.0	30.0	0.7000000
71	10918.7100	18617.881	324.00000	0.0	0.0	0.0	1.0000000
86	10554.4902	18599.250	322.89999	0.0	0.0	-45.0	1.2000000
104	10642.3291	18592.459	339.41000	0.0	0.0	0.0	0.4000000
76	10810.3398	18575.400	319.94208	0.0	0.0	-135.0	0.1000000
76	10714.5996	18562.719	305.74673	0.0	0.0	-180.0	0.1000000
36	12425.0000	17487.998	380.00000	0.0	0.0	90.0	5.0000000
99	12623.0000	17451.998	341.99997	0.0	0.0	-195.0	1.0000000
70	12478.6182	17409.881	379.49997	0.0	0.0	-45.0	0.7000000
75	12559.1865	17367.135	379.49997	0.0	0.0	45.0	1.0000000
15	11805.6270	17748.969	379.00000	0.0	0.0	58.3	1.2200000
75	12603.7090	17025.199	379.49997	0.0	0.0	45.0	1.0000000
75	12500.8496	17190.689	379.00000	0.0	0.0	0.0	1.0000000
70	12468.2900	17114.000	379.49997	0.0	0.0	-45.0	0.7000000
36	12418.0000	17026.000	380.00000	0.0	0.0	180.0	5.0000000
99	12635.5195	17042.500	341.99997	0.0	0.0	-195.0	1.0000000
75	12439.0400	17329.770	379.49997	0.0	0.0	45.0	1.0000000
99	12452.7295	17202.240	341.99997	0.0	0.0	-105.0	1.0000000
35	11590.4189	17349.000	380.00000	0.0	0.0	86.0	1.0000000
70	11716.6592	17682.830	379.49997	0.0	0.0	-90.0	0.7000000
70	11675.2197	17585.947	379.49997	0.0	0.0	-45.0	0.7000000
70	11630.4287	17487.109	379.49997	0.0	0.0	135.0	0.7000000
10	11540.1592	17379.900	385.00000	0.0	0.0	-277.0	1.2900000
13	11617.0000	17703.000	358.00000	0.0	0.0	65.0	1.1500000
15	11730.5439	17599.389	379.00000	0.0	0.0	68.3	1.2200000
28	11694.1797	17661.449	379.49997	0.0	0.0	-30.0	0.5000000
28	11641.2598	17546.020	379.49997	0.0	0.0	-30.0	0.5000000
28	11613.2588	17512.639	378.00000	0.0	0.0	-10.0	0.5000000
17	11654.5498	17454.303	381.00000	0.0	0.0	167.3	0.9000000
70	11649.8486	17003.818	379.49997	0.0	0.0	90.0	0.7000000
70	11626.8184	17110.262	379.49997	0.0	0.0	0.0	0.7000000
70	11610.2070	17199.801	379.49997	0.0	0.0	-135.0	0.7000000
28	11642.6602	16948.678	379.49997	0.0	0.0	10.0	0.5000000
15	11727.0557	16925.932	379.21606	0.0	0.0	-250.9	1.2200000
13	11531.0000	17070.000	358.00000	0.0	0.0	98.0	1.1500000
15	11686.2930	17088.449	379.21606	0.0	0.0	-260.9	1.2200000
28	11594.7900	17192.568	379.00000	0.0	0.0	10.0	0.5000000
28	11615.5596	17068.770	379.49997	0.0	0.0	10.0	0.5000000
17	11636.9521	17244.400	380.78391	0.0	0.0	275.1	0.9000000
17	11919.5596	16552.270	381.00000	0.0	0.0	-43.0	0.9000000
70	11924.7500	16491.770	379.49997	0.0	0.0	90.0	0.7000000
34	12364.0000	16133.000	446.99997	0.0	0.0	-50.0	1.5000000
28	12271.9990	16242.000	378.00000	0.0	0.0	70.0	0.5000000
70	12279.4805	16271.199	379.00000	0.0	0.0	0.0	0.7000000
28	12228.6602	16280.460	379.49997	0.0	0.0	50.0	0.5000000
26	12649.0742	16201.645	381.00000	0.0	0.0	-270.0	4.2500000
35	12649.1416	16280.083	379.49997	0.0	0.0	-540.0	3.5000000
13	12361.0000	16171.625	358.00000	0.0	0.0	0.0	1.1500000
18	12389.9990	16073.999	379.49997	0.0	0.0	270.0	1.3000000
17	12335.5801	16287.129	381.00000	0.0	0.0	-110.5	0.9000000
28	12017.0000	16408.000	379.00000	0.0	0.0	50.0	0.5000000
70	12016.2793	16421.330	379.49997	0.0	0.0	-90.0	0.7000000
70	12101.6299	16364.589	379.49997	0.0	0.0	-45.0	0.7000000
70	12196.7197	16318.430	379.49997	0.0	0.0	45.0	0.7000000
28	11919.4199	16484.398	379.00000	0.0	0.0	50.0	0.5000000
15	12060.1924	16469.436	379.00003	0.0	0.0	-219.0	1.2200000
15	12200.9277	16378.364	379.00003	0.0	0.0	-207.0	1.2200000
13	11813.6416	16486.562	358.00000	0.0	0.0	-47.0	1.1500000
10	12079.4375	16290.815	385.00000	0.0	0.0	-210.5	1.2900000
28	12124.9004	16343.918	379.49997	0.0	0.0	50.0	0.5000000
17	11759.0527	16764.865	380.78391	0.0	0.0	204.1	0.9000000
35	11789.9990	16623.000	380.00000	0.0	0.0	127.0	1.0000000
70	11718.8486	16798.971	379.49997	0.0	0.0	45.0	0.7000000
70	11683.9795	16892.930	379.49997	0.0	0.0	0.0	0.7000000
10	11646.5400	16756.260	385.00000	0.0	0.0	-243.5	1.2900000
28	11682.0400	16838.340	379.49997	0.0	0.0	10.0	0.5000000
28	11693.2998	16788.570	378.00000	0.0	0.0	20.0	0.5000000
71	11135.3701	16861.721	0.00000	0.0	0.0	0.0	1.0000000
95	11091.9697	16584.439	0.00000	0.0	0.0	-65.0	1.0000000
103	10950.0000	16850.000	0.00000	0.0	0.0	-67.0	0.6800000
0	11098.4697	16600.439	0.00000	0.0	0.0	270.0	1.0000000
20	11450.0000	16150.000	0.00000	10.0	0.0	85.0	1.0000000
71	11345.4297	16445.889	0.00000	0.0	0.0	0.0	1.0000000
49	11250.0000	16150.000	5.14982	0.0	0.0	-45.0	0.5100000
49	11050.0000	16250.000	7.52473	0.0	0.0	0.0	0.7100000
103	11250.0000	16350.000	0.00000	0.0	0.0	-67.0	0.6800000
71	10676.2402	17152.912	0.00000	0.0	0.0	0.0	1.0000000
49	10622.5391	16919.061	5.00000	0.0	0.0	-45.0	0.5100000
20	10850.0000	17150.000	0.00000	0.0	0.0	130.0	1.0000000
120	10872.3398	17063.961	0.00000	0.0	0.0	-675.0	0.6000000
49	10456.0996	16942.270	5.00000	0.0	0.0	0.0	0.7100000
49	10350.0859	17050.000	7.87174	0.0	0.0	0.0	0.7100000
49	10250.0000	17150.000	3.24283	0.0	0.0	0.0	0.7100000
49	10150.0000	17050.000	0.00000	0.0	0.0	0.0	0.7100000
66	9750.0000	17600.000	0.00000	0.0	0.0	-140.0	1.2000000
49	9950.0000	17250.000	4.73320	0.0	0.0	0.0	0.7100000
49	10050.0000	17150.000	0.00000	0.0	0.0	0.0	0.7100000
49	10496.7598	16792.797	5.00000	0.0	0.0	-45.0	0.5100000
49	10198.0898	16771.289	5.00000	0.0	0.0	-45.0	0.5100000
49	10342.4697	16836.420	5.00000	0.0	0.0	0.0	0.6100000
49	10452.8896	16641.961	5.00000	0.0	0.0	45.0	0.6100000
49	10750.0000	16150.000	8.53143	0.0	0.0	0.0	0.7100000
71	10048.9902	16636.777	0.00000	0.0	0.0	0.0	1.0000000
20	9850.0000	16450.000	0.00000	0.0	0.0	130.0	1.0000000
71	9651.5498	16286.130	0.00000	0.0	0.0	0.0	1.0000000
120	9602.7793	16168.801	0.00000	0.0	0.0	-405.0	0.6000000
104	8826.7002	19131.000	326.34109	0.0	0.0	0.0	0.3000000
120	8856.4609	19081.309	324.00000	0.0	0.0	-45.0	0.6000000
120	8410.8301	19361.430	346.13998	0.0	0.0	-135.0	0.6000000
77	8633.7803	19210.539	382.49997	-20.0	0.0	-70.0	0.3000000
70	8653.5000	19071.230	378.50424	0.0	0.0	0.0	0.8000000
71	8525.1094	19331.707	371.20029	0.0	0.0	0.0	1.0000000
120	8508.8291	19228.100	343.41605	0.0	0.0	180.0	0.6000000
101	8499.6875	19473.895	339.27118	0.0	0.0	0.0	1.0000000
75	8679.6250	19335.387	361.79913	0.0	0.0	45.0	1.0000000
75	8741.8145	19132.111	358.03827	0.0	0.0	45.0	1.0000000
77	9237.2402	18829.850	324.00000	0.0	0.0	-90.0	0.4000000
77	9096.9697	18682.160	264.03998	0.0	0.0	-90.0	0.4000000
9	9226.5000	18724.430	315.00000	0.0	0.0	45.0	2.0000000
70	9116.9590	18779.660	324.00000	0.0	0.0	0.0	0.8000000
101	8415.2695	18712.369	336.53000	0.0	0.0	0.0	1.0000000
101	8749.6387	18966.480	346.01999	0.0	0.0	0.0	1.0000000
120	8389.0498	19009.340	326.43524	0.0	0.0	-45.0	0.6000000
71	8474.4502	18858.318	372.66373	0.0	0.0	0.0	1.0000000
77	8593.5498	18954.760	382.49997	-20.0	0.0	-115.0	0.3000000
120	8417.3604	18662.230	324.00000	0.0	0.0	-45.0	0.6000000
104	8697.0000	18806.000	324.00000	0.0	0.0	0.0	0.2500000
75	8557.5654	18752.713	324.00000	0.0	0.0	45.0	1.0000000
115	8549.9473	19003.051	353.21933	0.0	0.0	45.0	1.2000000
77	8348.4395	19428.350	362.69000	-20.0	0.0	20.0	0.3000000
80	8196.2998	19457.100	339.15302	0.0	0.0	450.0	0.4000000
77	8014.3501	19332.551	371.13998	-20.0	0.0	65.0	0.3000000
71	7964.3096	19209.979	375.10196	0.0	0.0	0.0	1.0000000
84	7966.0796	19062.359	335.39359	0.0	0.0	0.0	1.5000000
0	8280.1982	19078.619	253.32242	0.0	0.0	270.0	2.0000000
0	8300.5703	19179.959	234.62999	0.0	0.0	270.0	2.0000000
0	8289.4600	19129.057	273.53693	0.0	0.0	270.0	2.0000000
120	8124.6797	19239.900	324.00000	0.0	0.0	-45.0	0.6000000
120	8249.7188	19327.920	336.13531	0.0	0.0	90.0	0.6000000
101	8075.7231	19306.109	341.77545	0.0	0.0	0.0	1.0000000
75	8108.1694	19389.490	372.43057	0.0	0.0	0.0	1.0000000
70	7842.2104	19060.354	380.59491	0.0	0.0	0.0	0.8000000
120	7890.4160	19457.018	337.52649	0.0	0.0	0.0	0.6000000
101	7815.8354	19204.279	333.26355	0.0	0.0	0.0	1.0000000
120	8065.4961	19048.238	326.28665	0.0	0.0	90.0	0.6000000
77	8347.5391	18814.631	382.28000	-20.0	0.0	-160.0	0.3000000
71	8197.8271	18798.291	370.02396	0.0	0.0	0.0	1.0000000
70	7969.2300	18702.420	382.49997	0.0	0.0	0.0	0.8000000
84	8009.7100	18910.230	376.75732	0.0	0.0	0.0	1.5000000
120	8215.6299	18925.459	327.05835	0.0	0.0	45.0	0.6000000
101	8104.7402	18679.896	325.63525	0.0	0.0	0.0	1.0000000
101	7608.0698	18828.209	354.09000	0.0	0.0	0.0	1.0000000
101	7834.5796	18954.977	382.49997	0.0	0.0	0.0	1.0000000
20	7743.2295	18947.119	324.00000	0.0	0.0	225.0	1.1000000
84	7745.7803	18829.320	382.49997	0.0	0.0	0.0	1.5000000
120	7577.7915	18997.777	369.50800	0.0	0.0	-45.0	0.6000000
120	7917.9185	18905.797	381.80411	0.0	0.0	-45.0	0.6000000
75	7721.8452	19028.547	379.40189	0.0	0.0	0.0	1.0000000
80	9202.9697	18604.209	327.88995	0.0	0.0	540.0	0.4000000
80	9016.3594	18593.660	324.00000	0.0	0.0	405.0	0.4000000
48	8994.4385	18458.500	275.47000	0.0	0.0	45.0	1.4000000
75	8872.5391	18530.801	324.00000	0.0	0.0	225.0	1.0000000
48	8918.2803	18297.639	286.54999	0.0	0.0	-0.0	1.1000000
75	8820.8594	18197.760	328.00000	0.0	0.0	270.0	0.8000000
77	9237.1895	18605.961	324.00000	0.0	0.0	45.0	0.5000000
77	9131.4189	18482.969	324.00000	0.0	0.0	45.0	0.4000000
120	8914.0596	18463.648	324.00000	0.0	0.0	135.0	0.6000000
9	8980.7285	18478.279	315.00000	0.0	0.0	35.0	2.0000000
9	9096.7793	18583.949	315.00000	0.0	0.0	45.0	2.0000000
9	8848.6396	18355.859	315.00000	0.0	0.0	45.0	2.0000000
75	9108.7490	18439.387	329.93997	0.0	0.0	30.0	0.7000000
70	8751.4805	18462.811	324.00000	0.0	0.0	0.0	0.8000000
80	8617.3896	18249.660	324.00000	0.0	0.0	-0.0	0.4000000
9	8716.9297	18229.340	315.00000	0.0	0.0	50.0	2.0000000
80	8741.7002	18300.541	324.00000	0.0	0.0	90.0	0.4000000
76	8550.1006	17895.566	324.00000	0.0	0.0	-90.0	0.4000000
48	8477.7803	18089.225	259.00000	0.0	0.0	0.0	1.1000000
48	8672.7500	18080.801	275.00000	0.0	0.0	270.0	1.3000000
48	8732.4600	18193.779	262.97641	0.0	0.0	180.0	1.7000000
9	8491.7393	17892.740	315.00000	0.0	0.0	60.0	2.0000000
9	8586.7793	18063.430	315.00000	0.0	0.0	60.0	2.0000000
101	8648.0000	17992.000	324.00000	0.0	0.0	25.0	0.8000000
75	8033.3696	18584.078	345.99997	0.0	0.0	45.0	0.8000000
104	8311.9141	18612.695	324.08176	0.0	0.0	0.0	0.3500000
115	7859.5596	18317.059	324.00000	0.0	0.0	45.0	1.2000000
70	7561.9795	18363.551	372.79996	0.0	0.0	0.0	0.8000000
20	7847.5493	18458.570	324.00000	10.0	0.0	-315.0	1.1000000
77	7930.3101	18558.490	373.74466	-20.0	0.0	-100.0	0.3000000
71	7812.2100	18611.988	335.30435	0.0	0.0	0.0	1.0000000
120	7869.2598	18397.170	340.32727	0.0	0.0	-45.0	0.6000000
84	7690.1934	18477.064	382.49997	0.0	0.0	0.0	1.5000000
101	7595.7114	18525.320	364.51956	0.0	0.0	0.0	1.0000000
101	7698.6587	18250.107	353.31305	0.0	0.0	0.0	1.0000000
75	7561.0918	18228.949	340.93585	0.0	0.0	45.0	1.0000000
76	8349.5000	17842.801	296.30002	0.0	0.0	-135.0	0.3000000
80	8209.5898	17811.650	324.00000	0.0	0.0	90.0	0.4000000
70	8323.4395	18007.488	324.00000	0.0	0.0	0.0	0.8000000
120	8212.7295	18048.500	324.00000	0.0	0.0	90.0	0.6000000
120	8197.0400	17927.221	324.00000	0.0	0.0	0.0	0.6000000
70	6721.9497	19148.359	324.00000	0.0	0.0	0.0	0.8000000
120	6780.8604	19249.770	324.00000	0.0	0.0	0.0	0.6000000
101	6758.9995	19306.000	324.00000	0.0	0.0	0.0	0.8000000
104	7438.7559	18899.553	324.00000	0.0	0.0	0.0	0.3500000
80	6542.6797	19408.650	324.00000	0.0	0.0	0.0	0.4000000
115	6662.9995	19415.000	324.00000	0.0	0.0	45.0	1.4999999
128	6633.3296	19262.057	324.00000	0.0	0.0	-315.0	0.9000000
75	6544.6602	19068.809	324.00000	0.0	0.0	45.0	1.0000000
75	6617.1099	19114.980	324.00000	0.0	0.0	90.0	0.8000000
71	6370.5200	19094.660	324.00000	0.0	0.0	0.0	1.0000000
77	6285.1016	19240.729	324.00000	-20.0	0.0	35.0	0.6000000
77	6389.4995	19369.629	324.00000	-20.0	0.0	-10.0	0.4000000
20	6541.7100	19260.340	324.00000	0.0	0.0	225.0	1.1000000
9	6372.7300	19302.020	315.00000	0.0	0.0	230.0	2.0000000
9	6471.4097	19413.680	315.00000	0.0	0.0	-125.0	2.0000000
9	6265.7495	19177.400	315.00000	0.0	0.0	230.0	2.0000000
80	6457.7993	19286.590	324.00000	0.0	0.0	-250.0	0.5000000
80	6527.7100	19184.590	324.00000	0.0	0.0	-90.0	0.3000000
84	6069.5298	19127.379	324.00000	0.0	0.0	0.0	1.7000000
9	6149.5000	19049.369	315.00000	0.0	0.0	225.0	2.0000000
75	6286.2993	18942.680	324.00000	0.0	0.0	45.0	1.0000000
120	6525.3638	19028.262	324.00000	0.0	0.0	-90.0	0.6000000
101	6053.6797	18746.850	324.00000	0.0	0.0	0.0	1.0000000
77	5857.9199	18882.719	324.00000	25.0	0.0	180.0	0.3500000
20	5947.9199	18651.939	324.00000	0.0	0.0	225.0	1.1000000
80	5873.6299	18765.119	324.00000	0.0	0.0	135.0	0.3000000
77	5953.4399	18940.729	324.00000	0.0	0.0	405.0	0.3000000
9	5884.0000	18812.998	315.00000	0.0	0.0	215.0	2.0000000
9	6021.4897	18920.930	315.00000	0.0	0.0	225.0	2.0000000
38	6000.0000	19000.000	199.50000	0.0	0.0	-148.0	0.2000000
70	6159.1797	18868.102	324.00003	0.0	0.0	0.0	0.8000000
80	5996.3701	18850.980	324.00000	0.0	0.0	90.0	0.4000000
77	7432.8652	18426.957	374.42001	-20.0	0.0	-10.0	0.3000000
77	7149.8003	18269.820	376.62582	-20.0	0.0	-145.0	0.3000000
70	7197.0000	18393.000	353.97748	15.0	0.0	-180.0	0.8000000
71	7341.3398	18345.197	370.53000	15.0	0.0	45.0	1.0000000
120	7476.3687	18207.041	324.52814	0.0	0.0	90.0	0.6000000
120	7378.4365	18518.711	358.93918	0.0	0.0	-45.0	0.6000000
75	7292.4751	18491.811	326.98447	0.0	0.0	0.0	1.0000000
101	6778.5098	18372.930	328.39001	0.0	0.0	0.0	1.0000000
71	7032.9102	18323.430	382.12000	0.0	0.0	0.0	1.0000000
120	6697.0000	18231.957	324.00000	0.0	0.0	0.0	0.6000000
20	6934.5918	18229.695	324.00000	10.0	0.0	-180.0	1.1000000
75	6848.6885	18245.033	351.93417	0.0	0.0	0.0	1.0000000
101	7293.4717	18192.145	323.99994	0.0	0.0	0.0	1.0000000
104	7006.0000	18190.000	382.00000	0.0	0.0	0.0	0.3500000
84	7019.5845	17856.734	371.04291	0.0	0.0	0.0	1.5000000
71	6956.6299	17924.260	374.43686	0.0	0.0	0.0	1.0000000
70	7039.0000	18082.000	357.14673	25.0	0.0	90.0	0.8000000
84	6791.8398	18079.879	382.49997	0.0	0.0	0.0	1.5000000
70	6858.2329	17924.836	382.49997	0.0	0.0	0.0	0.8000000
120	6907.8560	18073.229	382.49997	0.0	0.0	0.0	0.6000000
101	6838.9624	17771.689	346.79309	0.0	0.0	0.0	1.0000000
75	6082.9600	18612.490	324.00000	0.0	0.0	45.0	1.0000000
120	5997.8398	18552.277	324.00000	0.0	0.0	-90.0	0.6000000
104	5902.9097	18563.730	325.31787	0.0	0.0	0.0	0.3000000
77	6613.1304	17905.025	364.76172	-20.0	0.0	-340.0	0.3000000
120	6375.3130	17988.504	328.82870	0.0	0.0	0.0	0.6000000
120	6553.7842	17881.777	371.83871	0.0	0.0	90.0	0.6000000
71	6366.6445	17850.102	382.49997	0.0	0.0	0.0	1.0000000
101	6510.5850	17788.082	323.99994	0.0	0.0	0.0	1.0000000
75	6538.2056	18014.533	324.35504	0.0	0.0	0.0	1.0000000
75	6667.3745	17806.092	327.56320	0.0	0.0	0.0	1.0000000
77	6242.2207	17789.783	367.66086	-20.0	0.0	-295.0	0.3000000
104	6018.0000	17883.000	328.00000	0.0	0.0	0.0	0.3500000
76	8453.3008	17747.799	324.00000	0.0	0.0	-180.0	0.2000000
70	8423.4004	17592.920	326.71695	0.0	0.0	0.0	0.7000000
9	8395.9004	17710.680	315.00000	0.0	0.0	65.0	2.0000000
69	8355.0000	17728.400	252.96355	0.0	0.0	-45.0	2.0000000
120	7997.0000	17441.000	324.00000	0.0	0.0	60.0	0.6000000
101	7995.8672	17439.658	324.00000	0.0	0.0	25.0	1.0000000
69	8380.2500	17482.449	256.41998	0.0	0.0	-45.0	1.6000000
69	8173.4697	17435.711	256.59561	0.0	0.0	0.0	2.0999999
69	8308.8701	17375.059	284.23874	0.0	0.0	45.0	0.8000000
76	8234.1797	17642.119	265.49606	0.0	0.0	-90.0	0.3000000
9	8226.0791	17407.670	315.00000	0.0	0.0	50.0	2.0000000
9	8318.2295	17547.299	315.00000	0.0	0.0	65.0	2.0000000
80	8169.2695	17540.959	324.00000	0.0	0.0	180.0	0.4000000
77	7933.8096	17358.859	324.00000	15.0	0.0	180.0	0.3000000
77	7823.8701	17411.760	188.17000	0.0	0.0	-10.0	0.4000000
77	8012.6802	17038.871	324.00000	0.0	0.0	45.0	0.5000000
77	8044.2793	17308.330	294.94998	15.0	0.0	90.0	0.4000000
77	8085.0000	17169.656	324.00000	10.0	0.0	90.0	0.4500000
69	8235.9199	17257.461	288.00000	0.0	0.0	0.0	1.3000000
9	7963.6597	17129.697	315.00000	0.0	0.0	40.0	2.0000000
9	8094.5098	17261.109	315.00000	0.0	0.0	48.0	2.0000000
77	7547.0000	16957.000	324.00000	0.0	0.0	170.0	0.4000000
77	7833.6396	16985.529	324.00000	0.0	0.0	225.0	0.6000000
95	7773.7397	17152.139	324.00000	0.0	0.0	45.0	1.0000000
75	7686.7598	17001.971	324.00000	0.0	0.0	225.0	1.0000000
75	7948.4199	17254.039	324.00000	0.0	0.0	270.0	0.9000000
80	7909.0361	17076.080	324.00000	0.0	0.0	-70.0	0.3000000
75	7761.3901	17315.129	324.00000	0.0	0.0	180.0	0.8000000
9	7628.9102	16923.281	315.00000	0.0	0.0	25.0	2.0000000
9	7818.0000	17019.000	315.00000	0.0	0.0	30.0	2.0000000
120	7597.3374	17155.260	324.00000	0.0	0.0	135.0	0.6000000
0	7770.7803	17157.979	347.63000	0.0	0.0	0.0	1.0000000
0	7733.9600	17165.328	324.00000	0.0	0.0	0.0	1.0000000
0	7757.9888	17128.330	330.66034	0.0	0.0	0.0	1.0000000
66	8650.0000	16600.000	0.00000	0.0	0.0	-140.0	1.2000000
49	8950.0000	16350.000	3.42153	0.0	0.0	0.0	0.7100000
49	9150.0000	16150.000	0.00000	0.0	0.0	0.0	0.7100000
49	9050.0000	16250.000	0.00000	0.0	0.0	0.0	0.7100000
60	8733.0000	16219.000	0.00000	0.0	0.0	0.0	1.0000000
77	7672.9097	16893.070	324.00000	0.0	0.0	180.0	0.5000000
75	7645.8574	16794.000	326.75754	0.0	0.0	15.0	0.9000000
75	7123.8198	17527.250	324.51440	0.0	0.0	45.0	1.0000000
115	7126.5298	17414.359	324.00000	0.0	0.0	45.0	1.2000000
120	7122.7798	17628.428	328.91425	0.0	0.0	0.0	0.6000000
120	7153.4067	17718.531	341.47278	0.0	0.0	90.0	0.6000000
20	6940.5190	17565.545	324.00000	10.0	0.0	-315.0	1.1000000
71	6960.8794	17424.068	373.29999	0.0	0.0	0.0	1.0000000
77	7018.8242	17655.842	373.89771	-20.0	0.0	-80.0	0.3000000
120	6736.2593	17477.770	322.00000	0.0	0.0	-10.0	0.6000000
75	6858.6836	17675.381	323.99994	0.0	0.0	0.0	1.0000000
77	7481.5796	17026.619	255.89998	0.0	0.0	125.0	0.4000000
70	7351.9194	16976.559	324.00000	0.0	0.0	0.0	0.8000000
77	6923.0005	17254.000	380.00000	-20.0	0.0	-100.0	0.3000000
84	6755.7803	17093.061	382.25998	0.0	0.0	0.0	1.5000000
120	6986.0801	17127.119	335.76447	0.0	0.0	-45.0	0.6000000
101	6846.3457	17340.293	344.46341	0.0	0.0	0.0	1.0000000
75	6810.5742	17215.309	379.73038	0.0	0.0	0.0	1.0000000
120	6637.3101	17692.141	324.00000	0.0	0.0	-115.0	0.6000000
0	6629.9995	17489.490	229.99954	0.0	0.0	270.0	2.0000000
0	6497.8301	17393.100	208.55603	0.0	0.0	270.0	2.0000000
0	6554.0693	17445.920	289.52289	0.0	0.0	270.0	2.0000000
120	6401.4702	17618.779	324.00000	0.0	0.0	-45.0	0.6000000
75	6296.6440	17715.092	334.79181	0.0	0.0	0.0	1.0000000
75	5972.5566	17679.391	324.00000	0.0	0.0	45.0	1.0000000
70	6132.4800	17691.359	382.49997	0.0	0.0	0.0	0.8000000
120	5961.4180	17546.006	324.00000	0.0	0.0	-45.0	0.6000000
84	6140.8228	17506.475	374.18903	0.0	0.0	0.0	1.5000000
104	5965.6196	17407.680	326.12112	0.0	0.0	0.0	0.3500000
120	6603.4653	17268.570	324.00000	0.0	0.0	-90.0	0.6000000
120	6379.6519	17334.377	323.99994	0.0	0.0	-135.0	0.6000000
77	6490.7798	17004.830	358.53189	-20.0	0.0	-185.0	0.3000000
84	6340.2300	16969.430	357.51486	0.0	0.0	-75.0	1.1000000
70	6392.0000	17069.000	382.00000	0.0	0.0	0.0	0.7000000
70	6599.8613	17011.855	375.56500	0.0	0.0	0.0	0.8000000
101	6378.4780	17193.496	336.59009	0.0	0.0	0.0	1.0000000
75	6629.8574	17130.590	324.00003	0.0	0.0	0.0	1.0000000
75	6285.3760	17287.613	332.55527	0.0	0.0	0.0	1.0000000
115	6112.0400	16977.750	324.00000	0.0	0.0	45.0	1.2000000
77	6213.4868	17256.238	368.99997	-20.0	0.0	-230.0	0.3000000
71	6248.0898	17107.990	373.08356	0.0	0.0	0.0	1.0000000
120	6136.3442	17051.572	323.99994	0.0	0.0	-45.0	0.6000000
71	7510.2798	16795.469	324.00000	0.0	0.0	0.0	1.1000000
84	7314.9497	16859.951	324.00000	0.0	0.0	0.0	1.6999999
84	7151.9995	16701.000	324.00000	0.0	0.0	0.0	1.5000000
75	7386.9497	16680.859	324.00000	0.0	0.0	0.0	0.9000000
9	7223.8701	16730.660	315.00000	0.0	0.0	30.0	2.0000000
9	7428.5195	16831.920	315.00000	0.0	0.0	25.0	2.0000000
77	6955.9004	16623.500	289.19998	0.0	0.0	80.0	0.4000000
77	6846.2007	16530.199	324.00000	0.0	0.0	80.0	0.4000000
77	7076.8008	16751.201	242.26227	0.0	0.0	170.0	0.4000000
84	6995.4600	16556.430	324.00000	0.0	0.0	0.0	1.5000000
9	7046.2393	16613.041	315.00000	0.0	0.0	40.0	2.0000000
120	6981.2402	16748.818	324.00000	0.0	0.0	-45.0	0.6000000
123	6755.3696	16342.960	324.00000	0.0	0.0	45.0	0.6000000
84	6929.8994	16428.889	330.51001	0.0	0.0	-90.0	1.2000000
122	6775.9302	16203.350	333.48001	0.0	0.0	90.0	2.9999998
75	6845.3179	16262.923	324.00000	0.0	0.0	180.0	0.8000000
9	6885.2095	16460.508	315.00000	0.0	0.0	50.0	2.0000000
9	6752.1201	16305.380	315.00000	0.0	0.0	55.0	2.0000000
75	6610.7231	16879.010	362.09937	0.0	0.0	0.0	1.0000000
120	6513.1187	16843.771	331.67422	0.0	0.0	-45.0	0.6000000
104	6195.0098	16791.049	325.10172	0.0	0.0	0.0	0.2500000
104	6646.0000	16139.000	325.00000	0.0	0.0	0.0	0.5000000
123	6652.3896	16440.238	324.00000	0.0	0.0	-135.0	0.3000000
123	6655.1597	16240.178	323.98999	0.0	0.0	0.0	0.5000000
104	6654.0000	16342.999	323.72748	0.0	0.0	0.0	0.4000000
123	6544.3101	16146.859	324.00000	0.0	0.0	-45.0	0.4000000
122	6544.7500	16342.079	324.00000	0.0	0.0	90.0	2.3000000
75	6446.4697	16135.509	324.22623	0.0	0.0	180.0	0.8000000
9	6645.1895	16141.510	315.00000	0.0	0.0	55.0	2.0000000
120	6511.0024	16381.276	323.99994	0.0	0.0	-45.0	0.6000000
80	6498.6704	16239.070	324.00000	0.0	0.0	90.0	0.4000000
90	5912.0000	16268.970	328.00000	0.0	0.0	-100.0	1.1000000
120	5857.9199	16318.590	324.00000	0.0	0.0	-45.0	0.6000000
46	5872.4199	16166.311	324.00000	0.0	0.0	-90.0	0.7000000
32	12649.0000	15923.739	381.00000	0.0	0.0	270.0	10.7500000
18	12389.9990	15917.999	379.00000	0.0	0.0	270.0	1.3000000
18	12389.9990	15648.000	379.00000	0.0	0.0	270.0	1.3000000
32	12649.0000	15437.391	381.00000	0.0	0.0	270.0	10.7500000
18	12389.9990	15376.999	379.00000	0.0	0.0	270.0	1.3000000
71	11320.3594	16029.630	0.00000	0.0	0.0	0.0	1.0000000
49	11050.0000	15950.000	10.27528	0.0	0.0	0.0	0.7100000
49	11150.0000	16050.000	7.21841	0.0	0.0	0.0	0.7100000
49	11150.0000	15850.000	6.79865	0.0	0.0	0.0	0.7100000
49	11250.0000	15750.000	0.00000	0.0	0.0	0.0	0.7100000
49	11350.0000	15650.000	0.00000	0.0	0.0	0.0	0.7100000
51	11350.0000	15800.000	0.00000	0.0	0.0	45.0	0.7000000
49	11350.0000	15450.000	7.29139	0.0	0.0	0.0	0.7100000
49	11250.0000	15550.000	0.00000	0.0	0.0	0.0	0.7100000
51	11150.0000	15450.000	0.00000	0.0	0.0	45.0	0.7000000
32	12649.0000	14950.310	381.00000	0.0	0.0	270.0	10.7500000
18	12389.9990	15106.999	379.00000	0.0	0.0	270.0	1.3000000
18	12389.9990	14834.999	379.00000	0.0	0.0	270.0	1.3000000
61	12346.0000	14678.000	525.00000	0.0	0.0	0.0	1.2000000
31	12602.0000	14517.000	377.00000	0.0	0.0	-0.0	2.5000000
70	12286.4697	14573.799	379.00000	0.0	0.0	0.0	0.7000000
28	12291.1396	14590.920	378.00330	0.0	0.0	100.0	0.5000000
13	12348.6211	14677.000	358.00000	0.0	0.0	-90.0	1.3000000
12	12643.0000	14689.000	170.00000	0.0	0.0	0.0	1.1500000
17	12349.0000	14550.999	382.00000	0.0	0.0	-169.0	0.9000000
70	11996.0000	14499.001	379.00000	0.0	0.0	0.0	0.7000000
68	12198.0000	14487.999	380.00000	0.0	0.0	13.0	1.2100000
70	11812.4600	14427.479	379.00000	0.0	0.0	0.0	0.7000000
70	12184.4795	14553.859	379.00000	0.0	0.0	0.0	0.7000000
70	12091.3994	14526.880	379.00000	0.0	0.0	0.0	0.7000000
70	11908.6299	14470.188	379.00000	0.0	0.0	0.0	0.7000000
68	11920.3135	14400.293	379.22141	0.0	0.0	22.0	1.2106625
28	11820.7295	14430.149	378.00000	0.0	0.0	110.0	0.5000000
28	12170.0703	14545.799	378.00000	0.0	0.0	100.0	0.5000000
14	12030.0000	14585.001	382.00000	0.0	0.0	18.0	1.2900000
68	12036.9434	14443.138	379.22141	0.0	0.0	18.0	1.2106625
28	12048.3799	14521.770	378.00000	0.0	0.0	100.0	0.5000000
28	11929.2285	14474.880	378.00000	0.0	0.0	100.0	0.5000000
60	11191.0000	15195.000	9.85881	0.0	0.0	0.0	1.0000000
70	11737.5000	14389.239	379.00000	0.0	0.0	0.0	0.7000000
70	11676.9600	14368.199	379.00000	0.0	0.0	0.0	0.7000000
28	11706.9600	14382.620	378.00000	0.0	0.0	110.0	0.5000000
28	11676.6494	14380.910	378.00000	0.0	0.0	110.0	0.5000000
13	11720.7598	14482.115	358.00000	0.0	0.0	-60.0	1.3000000
71	10844.3203	15819.029	0.00000	0.0	0.0	0.0	1.0000000
20	10550.0000	15650.000	0.00000	0.0	0.0	130.0	1.0000000
120	10705.8594	15842.090	0.00000	0.0	0.0	-450.0	0.6000000
49	10850.0000	16000.000	5.85594	0.0	0.0	-45.0	0.5100000
5	10525.0000	15656.000	0.00000	0.0	0.0	27.0	2.2000000
5	10701.5693	15752.110	0.00000	0.0	0.0	27.0	2.2000000
5	10875.9990	15839.999	0.00000	0.0	0.0	25.0	2.2000000
71	10279.7695	15485.989	0.00000	0.0	0.0	0.0	1.0000000
49	10095.5303	15497.670	7.08676	0.0	0.0	0.0	0.7100000
49	9921.7090	15662.079	7.75000	0.0	0.0	-45.0	0.5100000
49	9439.0801	15847.360	5.00000	0.0	0.0	-45.0	0.5100000
49	9297.0498	15686.490	5.00000	0.0	0.0	-45.0	0.6100000
49	9265.4902	15838.278	5.00000	0.0	0.0	0.0	0.7100000
49	9379.7402	16043.759	5.00000	0.0	0.0	45.0	0.7100000
49	9950.0000	15450.000	8.04812	0.0	0.0	0.0	0.7100000
49	10050.0000	15350.000	8.56120	0.0	0.0	0.0	0.7100000
49	9798.3203	15249.609	7.33299	0.0	0.0	-45.0	0.5100000
49	9793.2900	15486.721	9.44163	0.0	0.0	0.0	0.7100000
49	9950.0000	15250.000	7.39288	0.0	0.0	0.0	0.7100000
49	10065.5801	15236.838	7.14384	0.0	0.0	0.0	0.7100000
49	10450.0000	14850.000	4.16243	0.0	0.0	0.0	0.7100000
51	10269.1201	15206.760	2.33123	0.0	0.0	20.0	0.7000000
51	10288.8096	14805.690	13.37000	0.0	0.0	90.0	0.6000000
49	10350.0000	14950.000	0.00000	0.0	0.0	0.0	0.7100000
49	10150.0000	15150.000	0.00000	0.0	0.0	0.0	0.7100000
49	10250.0000	15050.000	0.00000	0.0	0.0	0.0	0.7100000
71	9726.4004	14936.339	0.00000	0.0	0.0	0.0	1.0000000
5	9745.7598	14948.540	0.00000	0.0	0.0	55.0	2.2000000
120	9599.4092	14854.880	0.00000	0.0	0.0	-405.0	0.6000000
71	9438.8789	14391.510	0.00000	0.0	0.0	0.0	1.0000000
20	9550.0000	14650.000	0.00000	0.0	0.0	130.0	1.0000000
5	9643.9990	14777.000	0.00000	0.0	0.0	60.0	2.2000000
5	9548.0000	14599.001	0.00000	0.0	0.0	63.0	2.2000000
68	11817.2559	14355.353	379.21671	0.0	0.0	25.0	1.2164001
31	12600.0000	13862.999	381.00000	180.0	0.0	-360.0	2.5000000
70	11387.8994	14174.849	379.00000	0.0	0.0	0.0	0.7000000
17	11660.2412	14310.148	381.22726	0.0	0.0	-242.0	0.9047603
17	11460.0391	14169.893	381.00470	0.0	0.0	-140.5	0.9042653
28	11389.6699	14171.919	378.00000	0.0	0.0	130.0	0.5000000
14	11454.0000	14283.000	382.00000	0.0	0.0	37.5	1.2900000
35	11532.6504	14282.159	380.00000	0.0	0.0	35.0	1.2000000
68	11357.9990	14042.000	379.00000	0.0	0.0	42.5	1.2200001
70	11324.4404	14106.729	379.00000	0.0	0.0	0.0	0.7000000
70	11249.0000	14034.270	379.00000	0.0	0.0	0.0	0.7000000
70	11188.6299	13966.311	379.00000	0.0	0.0	0.0	0.7000000
68	11254.0000	13936.000	379.00000	0.0	0.0	48.5	1.2200001
28	11306.8301	14077.800	378.00000	0.0	0.0	130.0	0.5000000
28	11216.1289	13989.720	378.00000	0.0	0.0	130.0	0.5000000
13	11194.1807	14085.639	358.00000	0.0	0.0	-45.0	1.3000000
70	11131.8496	13904.470	379.00000	0.0	0.0	0.0	0.7000000
17	10988.0039	13633.211	381.32928	0.0	0.0	-118.9	0.8973054
17	11128.3135	13836.618	381.00470	0.0	0.0	-220.5	0.9042653
28	11119.9795	13910.530	378.00000	0.0	0.0	130.0	0.5000000
14	10999.0000	13817.999	382.00000	0.0	0.0	54.0	1.2900000
35	11018.3496	13765.440	380.00000	0.0	0.0	55.0	1.2000000
103	12250.0000	13450.000	379.00000	0.0	0.0	25.0	0.6800000
108	12007.4600	13296.950	379.49997	0.0	0.0	-45.0	1.1000000
38	12201.7598	13452.377	379.00003	0.0	0.0	-285.0	14.0500002
43	11866.6797	13467.920	379.49997	0.0	0.0	224.0	6.0000000
25	12134.0068	12864.627	379.00000	0.0	0.0	-67.5	4.9000001
103	11850.0000	13050.000	379.00000	0.0	0.0	63.0	0.6800000
0	11754.3896	12650.000	629.56482	0.0	0.0	0.0	0.9951220
0	11750.0000	12650.000	565.00000	0.0	0.0	0.0	1.0000000
132	11750.0000	12650.000	381.00000	0.0	0.0	0.0	1.1000000
31	11436.8770	12701.089	379.00000	0.0	0.0	270.0	2.5000000
70	10925.3994	13593.120	379.00000	0.0	0.0	0.0	0.8000000
70	10868.0781	13519.749	379.00000	0.0	0.0	0.0	0.8000000
28	10920.7002	13609.600	378.00000	0.0	0.0	150.0	0.5000000
13	10811.6094	13556.146	358.00000	0.0	0.0	-25.0	1.3000000
49	9750.0000	13950.000	0.00000	0.0	0.0	0.0	0.7100000
49	9349.4678	14050.000	3.71176	0.0	0.0	0.0	0.7100000
49	9347.0000	14250.000	6.61716	0.0	0.0	0.0	0.6100000
49	9250.0000	14150.000	5.78246	0.0	0.0	0.0	0.6100000
49	9550.0000	13950.000	0.00000	0.0	0.0	0.0	0.7100000
49	9650.0000	14050.000	0.00000	0.0	0.0	0.0	0.7100000
49	9450.0000	14050.000	0.00000	0.0	0.0	0.0	0.7100000
49	9250.0000	13950.000	7.00000	0.0	-4.0	0.0	0.7100000
49	9782.9990	13780.000	7.56489	0.0	0.0	45.0	0.6100000
49	9847.0000	13848.999	10.78384	0.0	0.0	0.0	0.7100000
51	9643.9990	13852.000	0.00000	0.0	0.0	180.0	0.7000000
68	10803.0000	13108.000	379.00000	0.0	0.0	78.4	1.2200000
70	10835.3701	13449.089	379.00000	0.0	0.0	0.0	0.8000000
70	10811.0195	13348.448	379.00000	0.0	0.0	0.0	0.8000000
70	10776.0996	13263.150	379.00000	0.0	0.0	0.0	0.8000000
70	10742.0703	13178.681	379.00000	0.0	0.0	0.0	0.8000000
70	10721.9102	13100.721	379.00000	0.0	0.0	0.0	0.8000000
28	10873.3301	13490.779	378.00000	0.0	0.0	150.0	0.5000000
28	10746.5400	13157.229	378.00000	0.0	0.0	160.0	0.5000000
68	10939.0518	13477.925	379.33530	0.0	0.0	63.1	1.2163473
14	10712.0000	13246.001	382.00000	0.0	0.0	72.5	1.2900000
68	10887.8838	13369.005	379.33530	0.0	0.0	66.4	1.2163473
68	10847.4277	13266.965	379.33530	0.0	0.0	70.4	1.2163473
28	10818.8096	13379.989	378.00000	0.0	0.0	150.0	0.5000000
28	10774.6094	13278.700	378.00000	0.0	0.0	160.0	0.5000000
61	10620.0000	12936.000	525.00000	0.0	0.0	0.0	1.2000000
31	10807.9990	12705.000	383.00000	180.0	0.0	-90.0	2.5000000
70	10703.0000	13021.001	379.00000	0.0	0.0	0.0	0.8000000
28	10716.3799	13040.010	378.00000	0.0	0.0	160.0	0.5000000
28	10679.5391	13015.570	378.00000	0.0	0.0	160.0	0.5000000
13	10622.7227	12939.961	358.00000	0.0	0.0	0.0	1.3000000
17	10745.0000	12956.000	381.00000	0.0	0.0	-189.6	0.9000000
37	10449.0000	12897.000	312.00000	0.0	0.0	-180.0	8.0000000
57	10439.0000	12881.000	295.00000	0.0	0.0	45.0	5.0000000
37	10204.0000	12897.000	250.00000	0.0	0.0	-180.0	8.0000000
7	10325.0000	12912.000	313.00000	0.0	0.0	-360.0	8.5000000
57	10127.0000	12883.000	200.00000	0.0	0.0	45.0	4.0000000
57	9796.0000	12884.999	119.00001	0.0	0.0	45.0	5.0000000
7	10087.0000	12912.000	252.00000	0.0	0.0	-360.0	8.5000000
37	9966.0000	12897.000	190.00000	0.0	0.0	-180.0	8.0000000
7	9841.0000	12912.000	191.00000	0.0	0.0	-360.0	8.5000000
37	9716.0000	12897.000	128.03906	0.0	0.0	-180.0	8.0000000
57	9432.9990	12886.000	61.00000	0.0	0.0	45.0	4.0000000
7	9593.9990	12912.000	132.00000	0.0	0.0	-360.0	8.5000000
37	9473.0000	12897.000	66.00000	0.0	0.0	-180.0	8.0000000
7	9349.0000	12912.000	68.00000	0.0	0.0	-360.0	8.5000000
49	9099.7295	15707.330	5.00000	0.0	0.0	0.0	0.7100000
49	9150.0000	15950.000	5.14008	0.0	0.0	0.0	0.7100000
49	9050.0000	16050.000	1.55878	0.0	0.0	0.0	0.7100000
71	8982.2705	15598.830	0.00000	0.0	0.0	0.0	1.0000000
20	8850.0000	15450.000	0.00000	0.0	0.0	130.0	1.0000000
71	8718.7100	15322.310	0.00000	0.0	0.0	0.0	1.0000000
51	8165.6426	15326.975	19.96017	-10.0	0.0	45.0	0.6000000
49	7950.0000	15250.000	3.75231	0.0	0.0	0.0	0.7100000
66	7700.0000	15450.000	0.00000	0.0	0.0	-120.0	1.2000000
49	8697.7900	15170.670	5.00000	0.0	0.0	0.0	0.7100000
49	8484.9102	15022.710	5.00000	0.0	0.0	-45.0	0.7100000
49	8439.2100	14824.859	5.00000	0.0	0.0	0.0	0.7100000
49	8698.8594	14978.679	5.00000	0.0	0.0	0.0	0.6100000
49	8625.4297	14737.520	5.00000	0.0	0.0	-45.0	0.6100000
49	8350.0000	15050.000	2.77522	0.0	0.0	0.0	0.7100000
49	8250.0000	15150.000	0.48546	0.0	0.0	0.0	0.7100000
49	8150.0000	15050.000	0.00000	0.0	0.0	0.0	0.7100000
49	8050.0000	15150.000	0.00000	0.0	0.0	0.0	0.7100000
71	8316.1094	14652.680	0.00000	0.0	0.0	0.0	1.0000000
120	8304.4902	14538.029	0.00000	0.0	0.0	-405.0	0.6000000
71	6419.5200	16001.399	324.00000	0.0	0.0	0.0	1.0000000
122	6550.0000	16050.000	324.00000	0.0	0.0	45.0	2.3000000
76	6668.6699	16027.609	324.00000	0.0	0.0	-180.0	0.1500000
76	6584.8594	15928.879	322.96463	0.0	0.0	-135.0	0.3000000
76	6537.4800	15793.010	324.00000	0.0	0.0	-135.0	0.2000000
76	6428.2197	15849.330	243.81848	0.0	0.0	-135.0	0.3000000
70	6490.6699	15687.750	324.00000	0.0	0.0	0.0	0.8000000
9	6533.0000	15945.939	315.00000	0.0	0.0	65.0	2.0000000
9	6443.8872	15750.000	315.00000	0.0	0.0	70.0	2.0000000
120	6314.9736	15813.107	324.00000	0.0	0.0	0.0	0.6000000
90	5874.5801	16061.521	325.00000	0.0	0.0	-100.0	1.3000000
90	5831.6904	15685.992	325.00000	0.0	0.0	-200.0	2.0000000
80	5908.1196	15956.974	324.00000	0.0	0.0	-215.0	0.3000000
86	6450.0000	15450.000	324.00000	0.0	0.0	45.0	1.2000000
105	6353.4692	15604.025	324.00000	0.0	0.0	90.0	2.5000000
105	6416.5498	15348.020	331.01474	0.0	0.0	45.0	2.3000000
105	6272.8398	15436.139	324.00000	0.0	0.0	0.0	2.0000000
75	6365.3198	15495.639	324.00000	0.0	0.0	225.0	0.8000000
75	6260.6299	15320.039	324.00000	0.0	0.0	225.0	0.8000000
9	6384.2197	15542.709	315.00000	0.0	0.0	80.0	2.0000000
9	6346.0493	15361.008	315.00000	0.0	0.0	80.0	2.0000000
105	6470.4277	15553.142	256.25000	0.0	0.0	90.0	2.0000000
80	5825.1196	15608.040	324.00000	0.0	0.0	-215.0	0.3000000
120	6124.2788	15327.632	323.99994	0.0	0.0	-45.0	0.6000000
70	6180.9927	15235.622	324.00003	0.0	0.0	0.0	0.8000000
112	6324.9600	15092.569	335.03867	0.0	0.0	-305.0	1.8000000
9	6304.5996	15164.290	315.00000	0.0	0.0	80.0	2.0000000
9	6253.3623	15012.990	315.00000	0.0	0.0	60.0	2.0000000
76	6309.9800	14920.030	302.52124	0.0	0.0	-135.0	0.1500000
84	5898.8999	14819.249	324.00000	0.0	0.0	0.0	1.5000000
77	6176.9600	14825.119	324.00000	0.0	0.0	225.0	0.6000000
80	6224.0991	15131.109	324.00000	0.0	0.0	90.0	0.4000000
75	6188.5996	14908.930	324.00000	0.0	0.0	225.0	0.8000000
9	6164.6196	14862.129	315.00000	0.0	0.0	60.0	2.0000000
71	6086.7632	15000.748	323.99994	0.0	0.0	0.0	1.0000000
9	6072.6899	14741.429	315.00000	0.0	0.0	45.0	2.0000000
77	5845.9297	14555.750	324.00000	0.0	0.0	180.0	0.6000000
75	5853.3301	14453.169	324.89966	0.0	0.0	180.0	0.8000000
77	6027.9297	14628.230	324.00000	0.0	0.0	225.0	0.4000000
75	6150.3794	14677.629	324.00000	0.0	0.0	180.0	0.8000000
9	5933.7202	14625.619	315.00000	0.0	0.0	35.0	2.0000000
49	8973.0000	14272.000	11.12018	0.0	0.0	0.0	0.7100000
49	9050.9990	14253.000	4.19897	0.0	0.0	-45.0	0.6100000
49	9100.0000	14050.000	4.00000	0.0	0.0	0.0	0.7100000
71	9130.0400	13598.540	0.00000	0.0	0.0	0.0	1.0000000
120	9050.9600	13614.560	0.00000	0.0	0.0	-405.0	0.6000000
49	9048.0000	13855.000	6.34093	0.0	0.0	0.0	0.5000000
49	9165.0000	13849.001	4.39200	0.0	0.0	45.0	0.6100000
5	9181.7939	13731.000	0.00000	0.0	0.0	72.0	2.0000000
5	9132.9990	13577.000	0.00000	0.0	0.0	75.0	2.2000000
71	8082.0801	14174.300	0.00000	0.0	0.0	0.0	1.0000000
49	7973.6001	13953.650	5.00000	0.0	0.0	0.0	0.7100000
49	8173.3994	14014.521	5.00000	0.0	0.0	-45.0	0.6100000
20	8150.0000	14350.000	0.00000	0.0	0.0	130.0	1.0000000
49	7750.0000	13950.000	2.06400	0.0	0.0	0.0	0.7100000
49	7550.0000	13950.000	0.00000	0.0	0.0	0.0	0.7100000
49	7987.1104	13714.239	5.00000	0.0	0.0	-45.0	0.7100000
49	8114.2495	13838.229	5.00000	0.0	0.0	0.0	0.6100000
49	8122.6294	13547.721	5.00000	0.0	0.0	-45.0	0.6100000
49	7850.0000	13850.000	3.76911	0.0	0.0	0.0	0.7100000
49	7650.0000	13850.000	0.00000	0.0	0.0	0.0	0.7100000
20	9050.0000	13350.000	0.00000	0.0	0.0	130.0	1.0000000
5	9087.0000	13409.000	0.00000	0.0	0.0	75.0	2.2000000
5	9042.0000	13222.000	0.00000	0.0	0.0	80.0	2.2000000
71	9005.8496	13041.770	0.00000	0.0	0.0	0.0	1.0000000
37	9225.9990	12897.000	4.00000	0.0	0.0	-180.0	8.0000000
7	9102.0000	12912.000	5.00000	0.0	0.0	-360.0	8.5000000
120	7977.2896	13250.729	0.00000	0.0	0.0	-405.0	0.6000000
71	7895.8594	13485.040	0.00000	0.0	0.0	0.0	1.0000000
20	7950.0000	13250.000	0.00000	0.0	0.0	130.0	1.0000000
71	7874.6104	13048.999	0.00000	0.0	0.0	0.0	1.0000000
7	7614.0000	12909.000	54.00000	0.0	0.0	-720.0	8.3299999
27	7677.2256	12650.000	14.04847	0.0	0.0	-270.0	3.5000000
35	7919.9995	12650.000	0.00000	0.0	0.0	-270.0	3.5999999
49	7450.0000	14050.000	5.38712	0.0	0.0	0.0	0.7100000
66	7150.0000	14000.000	0.00000	0.0	0.0	-110.0	1.2000000
77	5924.3999	13529.920	324.00000	-20.0	0.0	0.0	0.5000000
9	5860.1299	13512.840	315.00000	0.0	0.0	150.0	2.0000000
60	7494.9995	13400.228	0.00000	0.0	0.0	0.0	1.0000000
57	7132.4312	12782.956	152.98944	0.0	0.0	45.0	5.0121899
57	7443.9995	12809.000	67.82154	0.0	0.0	45.0	4.0000000
7	7379.0000	12909.000	114.00000	0.0	0.0	-720.0	8.3299999
37	7494.9995	12905.000	46.00000	0.0	0.0	0.0	8.0000000
27	7205.0005	12650.000	132.82005	0.0	0.0	-270.0	3.5000000
27	7362.5474	12650.000	92.88509	0.0	0.0	-270.0	3.5000000
27	7519.8027	12650.000	54.13020	0.0	0.0	-270.0	3.5000000
7	7147.0000	12909.000	170.99998	0.0	0.0	-720.0	8.3299999
37	7262.0005	12905.000	104.00000	0.0	0.0	0.0	8.0000000
57	6690.1284	12792.816	140.35809	0.0	0.0	45.0	5.3321161
27	6733.0000	12650.000	251.00000	0.0	0.0	-270.0	3.5000000
7	6683.0000	12909.000	280.00000	0.0	0.0	-720.0	8.3299999
37	7031.0000	12905.000	159.99998	0.0	0.0	0.0	8.0000000
27	6890.4922	12650.000	211.68608	0.0	0.0	-270.0	3.5000000
27	7047.7808	12650.000	171.68680	0.0	0.0	-270.0	3.5000000
37	6797.0000	12905.000	219.00000	0.0	0.0	0.0	8.0000000
7	6915.0000	12909.000	224.00000	0.0	0.0	-720.0	8.3299999
77	5874.3398	13453.979	334.53882	-20.0	0.0	135.0	0.3000000
77	5975.5396	13246.469	324.00000	-20.0	0.0	135.0	0.4000000
120	5840.4199	13186.729	323.98999	0.0	0.0	-315.0	0.6000000
77	6001.2896	13355.719	324.00000	-20.0	0.0	-400.0	0.6000000
77	6198.2690	13235.539	324.00000	-20.0	0.0	-45.0	0.5000000
77	6155.4897	13233.989	324.00000	-20.0	0.0	135.0	0.3000000
9	6154.5098	13242.439	315.00000	0.0	0.0	130.0	2.0000000
9	5984.7798	13422.618	315.00000	0.0	0.0	140.0	2.0000000
9	6066.7295	13354.219	315.00000	0.0	0.0	130.0	2.0000000
9	6243.4595	13122.609	315.00000	0.0	0.0	125.0	2.0000000
80	6047.7197	13196.210	324.00000	0.0	0.0	180.0	0.3000000
80	5891.1191	13343.120	323.98999	0.0	0.0	90.0	0.3000000
77	6325.2500	13055.181	324.00000	-20.0	0.0	-45.0	0.4000000
77	6267.1499	13041.260	324.00000	-20.0	0.0	135.0	0.3000000
75	6451.1396	13009.679	327.67001	0.0	0.0	90.0	1.0000000
75	6280.7598	12881.020	324.00000	0.0	0.0	90.0	1.0000000
7	6449.0000	12909.000	329.00000	0.0	0.0	-360.0	8.3299999
31	6287.9995	12707.999	322.00000	0.0	0.0	270.0	2.5000000
27	6576.0000	12650.000	290.00000	0.0	0.0	-270.0	3.5000000
37	6567.0000	12905.000	278.00000	0.0	0.0	0.0	8.0000000
9	6335.0000	12967.999	315.00000	0.0	0.0	110.0	2.0000000
9	6366.5601	12813.530	301.00000	0.0	0.0	90.0	2.0000000
9	6366.5996	12652.020	301.00000	0.0	0.0	90.0	2.0000000
70	6371.6597	12947.499	325.45486	0.0	0.0	0.0	0.8000000
80	6373.0000	12857.654	324.00000	0.0	0.0	90.0	0.2000000
115	6032.6763	13041.108	324.00000	0.0	0.0	-225.0	2.0000000
115	6164.3364	12915.810	324.00000	0.0	0.0	-225.0	1.5000000
120	6169.7798	13052.949	324.00000	0.0	0.0	-360.0	0.6000000
115	5964.6396	12906.210	324.00000	0.0	0.0	-225.0	1.0000000
77	5744.3398	18810.209	324.00000	25.0	0.0	180.0	0.5000000
80	5788.1895	18644.820	324.00000	0.0	0.0	45.0	0.4000000
105	5443.0000	18674.000	330.00000	10.0	0.0	-270.0	2.8000000
77	5589.5396	18751.740	324.00000	25.0	0.0	225.0	0.3500000
77	5659.0898	18707.170	324.00000	15.0	0.0	360.0	0.2500000
9	5726.7998	18715.619	315.00000	0.0	0.0	208.0	2.0000000
9	5566.6699	18634.797	315.00000	0.0	0.0	205.0	2.0000000
105	5327.3999	18644.629	324.00000	0.0	0.0	-270.0	2.4000001
105	5218.0000	18632.000	324.00000	20.0	0.0	-450.0	2.4000001
57	4469.7939	19273.916	324.00000	0.0	0.0	45.0	3.0000000
57	4473.4805	19108.049	324.00000	0.0	0.0	45.0	2.0000000
18	4487.9995	19464.301	313.00000	0.0	0.0	90.0	1.3000000
32	4253.4810	19368.010	326.00000	0.0	0.0	-90.0	10.0000000
18	4487.9995	19192.277	313.00000	0.0	0.0	90.0	1.3000000
77	4900.2500	18639.459	324.00000	25.0	0.0	180.0	0.5000000
77	4787.0000	18653.000	310.43454	25.0	0.0	225.0	0.3500000
34	4598.7993	18689.879	324.00000	0.0	0.0	180.0	2.0000000
57	4459.6533	18962.812	324.00000	0.0	0.0	45.0	3.0000000
57	4447.5439	18830.764	324.00000	0.0	0.0	45.0	5.0000000
18	4487.9995	18920.545	313.00000	0.0	0.0	90.0	1.3000000
33	4490.0000	18673.887	322.00000	0.0	0.0	90.0	2.5000000
26	4253.6001	18660.549	324.00000	0.0	0.0	-450.0	4.2500000
32	4253.6499	18913.410	326.00000	0.0	0.0	-90.0	10.0000000
18	4487.9995	18804.049	313.00000	0.0	0.0	90.0	1.3000000
105	5443.2500	18552.738	324.00000	0.0	0.0	-270.0	2.0000000
75	5506.4199	18465.709	324.00000	0.0	0.0	45.0	1.0000000
71	5632.2100	18562.939	324.00000	0.0	0.0	0.0	1.0000000
104	5585.0000	18384.000	324.86600	0.0	0.0	0.0	0.2500000
101	4973.0898	18391.939	324.00000	0.0	0.0	0.0	1.0000000
77	5008.8999	18615.217	337.86996	25.0	0.0	135.0	0.3500000
77	5127.6602	18601.670	235.51395	0.0	0.0	135.0	0.3500000
105	5250.6665	18532.502	324.00000	0.0	0.0	-315.0	2.0000000
105	5109.1196	18497.660	324.00000	0.0	0.0	-360.0	1.6000000
105	5355.9194	18520.051	258.13608	0.0	0.0	-315.0	1.8000000
70	5369.3994	18392.428	324.00000	0.0	0.0	0.0	0.8000000
120	5325.2798	18230.609	324.00000	0.0	0.0	-45.0	0.6000000
120	5034.8901	18528.619	324.00000	0.0	0.0	240.0	0.6000000
9	5003.4956	18536.727	315.00000	0.0	0.0	175.0	2.0000000
9	5391.4097	18571.270	315.00000	0.0	0.0	200.0	2.0000000
9	5205.0000	18529.975	315.00000	0.0	0.0	187.0	2.0000000
70	5102.0698	18378.760	324.00000	0.0	0.0	0.0	0.8000000
105	5246.9297	18417.129	267.77002	0.0	0.0	-360.0	1.6000000
75	4895.8599	18449.150	324.00000	0.0	0.0	45.0	1.0000000
77	4856.4600	18536.879	324.00000	0.0	0.0	45.0	0.3500000
77	4926.4600	18497.719	163.46550	0.0	0.0	45.0	0.3500000
120	4619.1797	18507.660	323.98999	0.0	0.0	35.0	0.6000000
111	4741.6396	18401.699	324.00000	0.0	0.0	-265.0	0.7000000
9	4810.5396	18563.301	315.00000	0.0	0.0	175.0	2.0000000
9	4632.1177	18578.303	315.00000	0.0	0.0	180.0	2.0000000
9	4267.0000	18585.000	301.00000	0.0	0.0	-180.0	2.0000000
9	4431.0000	18579.000	302.96832	0.0	0.0	-180.0	2.0000000
31	4155.6323	18474.115	319.99997	0.0	0.0	-0.0	2.5000000
31	4343.4194	18475.986	325.00000	180.0	0.0	-180.0	2.5000000
35	4253.4546	18569.156	325.00000	0.0	0.0	-720.0	3.5999999
111	4635.0298	18071.010	324.00000	0.0	0.0	-310.0	0.7000000
18	4018.9995	19462.895	313.00000	0.0	0.0	90.0	1.3000000
18	4018.9995	19191.521	313.00000	0.0	0.0	90.0	1.3000000
101	3926.0701	18628.930	332.64374	0.0	0.0	70.0	0.8000000
18	4018.9995	18919.750	313.00000	0.0	0.0	90.0	1.3000000
33	4020.2385	18673.297	322.00000	0.0	0.0	90.0	2.5000000
18	4018.9995	18802.791	313.00000	0.0	0.0	90.0	1.3000000
0	3196.4539	19178.383	255.40681	0.0	0.0	270.0	0.8000000
34	2895.2998	18624.139	320.99997	0.0	0.0	135.0	1.3000000
105	2635.5498	18623.070	324.00000	10.0	0.0	-405.0	2.0999999
105	2777.2000	18670.250	335.09875	10.0	0.0	-540.0	2.0000000
77	2511.4399	18896.891	324.00000	25.0	0.0	135.0	0.6000000
77	2433.5898	19004.209	324.00000	25.0	0.0	135.0	0.5000000
80	2415.8499	18709.189	324.00000	0.0	0.0	-70.0	0.4000000
77	2581.4900	18810.508	324.00000	25.0	0.0	90.0	0.5000000
77	2640.7100	18755.088	324.00000	25.0	0.0	45.0	0.3000000
57	2564.8301	18949.939	328.00000	0.0	0.0	45.0	2.0000000
9	2659.9600	18654.889	315.00000	0.0	0.0	-220.0	2.0000000
9	2528.2798	18785.578	315.00000	0.0	0.0	-230.0	2.0000000
120	2550.1399	18756.770	324.00000	0.0	0.0	215.0	0.6000000
76	3854.6196	18589.740	324.00000	0.0	0.0	45.0	0.1500000
75	3747.1902	18494.688	324.00000	0.0	0.0	45.0	1.0000000
105	3713.8501	18387.529	327.08731	0.0	0.0	-180.0	2.2000000
9	4118.0200	18572.652	300.63171	0.0	0.0	-180.0	2.0000000
9	3953.0000	18530.227	315.00000	0.0	0.0	-155.0	2.0000000
9	3834.1199	18431.889	315.00000	0.0	0.0	-130.0	2.0000000
120	3937.4500	18443.629	324.00000	0.0	0.0	125.0	0.6000000
104	3874.9294	18503.590	326.18817	0.0	0.0	0.0	0.4000000
77	3320.8298	18316.150	324.00000	25.0	0.0	180.0	0.5000000
77	3526.0798	18319.539	304.81915	25.0	0.0	225.0	0.5000000
57	3293.3599	18368.920	292.50546	0.0	0.0	45.0	3.0000000
9	3463.2698	18209.900	315.00000	0.0	0.0	-170.0	2.0000000
9	3678.0000	18292.000	315.00000	0.0	0.0	-145.0	2.0000000
130	3588.4197	18292.230	325.10730	0.0	0.0	45.0	1.0000000
75	3706.1396	18136.529	324.00000	0.0	0.0	45.0	1.0000000
111	3884.6299	18185.219	324.00000	0.0	0.0	-400.0	0.7000000
80	3799.5300	18107.539	324.00000	0.0	0.0	100.0	0.3000000
101	3583.4697	18184.840	306.63000	0.0	0.0	0.0	1.0000000
76	3355.2097	18168.770	324.00000	0.0	0.0	-90.0	0.2500000
75	3431.2297	18079.359	324.00000	0.0	0.0	45.0	1.0000000
120	3331.2500	17855.590	324.00000	0.0	0.0	-45.0	0.6000000
128	3544.4402	18074.068	324.00000	0.0	0.0	-315.0	0.9000000
128	3484.3799	18000.949	324.00000	0.0	0.0	-450.0	0.9000000
80	3349.6699	18026.439	324.00000	0.0	0.0	155.0	0.3000000
9	3081.6699	18339.658	315.00000	0.0	0.0	-220.0	2.0000000
120	3038.0000	18275.000	324.00000	0.0	0.0	215.0	0.5500000
75	2992.9199	18197.730	324.00000	0.0	0.0	45.0	1.0000000
76	3152.2998	18245.680	324.00000	0.0	0.0	-45.0	0.1500000
105	2961.7498	18536.689	331.16000	10.0	0.0	-585.0	2.5000000
77	3134.0000	18390.998	324.00000	25.0	0.0	135.0	0.5000000
70	2856.0200	18457.100	324.00000	0.0	0.0	0.0	0.8000000
9	3253.1997	18238.010	315.00000	0.0	0.0	-200.0	2.0000000
9	2943.5200	18434.721	315.00000	0.0	0.0	-210.0	2.0000000
80	3052.5701	18328.721	324.00000	0.0	0.0	40.0	0.3000000
70	2491.5994	18582.910	338.48999	0.0	0.0	0.0	0.8000000
105	2737.5598	18464.311	324.00000	10.0	0.0	-405.0	2.0999999
105	2832.6499	18557.869	250.46573	0.0	0.0	-720.0	2.0000000
84	2829.1299	18356.580	324.00000	0.0	0.0	0.0	1.5000000
120	2423.2500	18515.998	324.00000	0.0	0.0	-180.0	0.6000000
9	2791.5801	18544.158	315.00000	0.0	0.0	-220.0	2.0000000
80	2624.3899	18507.160	324.00000	0.0	0.0	-115.0	0.3000000
80	2518.0300	18434.279	324.00000	0.0	0.0	110.0	0.3000000
101	2723.0200	18563.160	324.00000	0.0	0.0	25.0	0.8000000
75	3122.8699	17972.018	324.00000	0.0	0.0	45.0	0.9000000
71	3256.4597	18037.750	324.00000	0.0	0.0	0.0	1.0000000
70	3235.2300	17874.430	324.00000	0.0	0.0	0.0	0.8000000
120	3100.6499	17947.420	324.00000	0.0	0.0	215.0	0.4000000
130	3035.3599	18064.498	324.00000	0.0	0.0	-135.0	1.2000000
102	3100.6099	18132.480	324.00000	0.0	0.0	20.0	0.8000000
120	2828.4900	18185.641	324.00000	0.0	0.0	-90.0	0.6000000
75	5017.6992	17318.129	351.73999	0.0	0.0	0.0	1.0000000
120	4989.5298	17285.770	362.26334	0.0	0.0	-45.0	0.6000000
75	5019.8599	16995.029	331.53186	0.0	0.0	-45.0	1.0000000
101	5054.9097	17146.508	336.54749	15.0	15.0	0.0	0.9000000
74	4900.4497	16921.670	588.65479	0.0	0.0	-740.0	0.2000000
74	4195.6382	16918.400	587.57141	0.0	0.0	-1055.0	0.2000000
104	4630.0000	16956.000	325.64966	0.0	0.0	-90.0	0.4000000
70	4916.7295	16995.881	367.99997	0.0	0.0	0.0	1.0000000
77	4934.3599	17140.098	369.67371	-20.0	0.0	-745.0	0.3000000
105	4767.8301	17095.881	324.00000	0.0	0.0	-135.0	2.2000000
101	4487.9097	16998.029	321.43005	0.0	0.0	115.0	1.0000000
75	4137.5498	16960.117	372.35995	0.0	0.0	0.0	1.0000000
77	4147.8086	17026.650	378.00000	-20.0	0.0	45.0	0.3000000
75	4344.0298	16924.180	371.28998	0.0	0.0	0.0	1.0000000
120	4488.5156	17030.855	327.79688	0.0	0.0	-45.0	0.6000000
71	4323.7295	17057.461	308.06000	0.0	0.0	-90.0	1.0000000
52	4725.0000	16574.000	889.00006	0.0	0.0	40.0	0.8000000
34	4648.9697	16492.467	907.87775	0.0	0.0	45.0	1.0000000
74	5137.2612	16551.832	597.24524	0.0	0.0	-785.0	0.2000000
71	5438.9272	16910.053	322.55078	-15.0	0.0	0.0	1.0000000
76	5399.5996	16772.820	323.51102	0.0	0.0	70.0	0.1500000
105	5442.0000	16647.395	358.00000	20.0	0.0	90.0	1.8000000
75	5471.8096	16526.879	323.98999	0.0	0.0	45.0	1.0000000
120	5555.8496	16680.600	324.00000	0.0	0.0	-35.0	0.6000000
70	5584.8999	16767.990	316.41000	0.0	0.0	0.0	0.9000000
77	5028.8198	16550.959	382.00000	-20.0	0.0	-430.0	0.4000000
77	5230.1406	16554.740	382.49997	-20.0	0.0	-430.0	0.3000000
77	5339.6597	16641.801	381.00406	-20.0	0.0	-385.0	0.2000000
75	5250.0000	16697.471	360.41376	0.0	0.0	45.0	1.0000000
80	5165.2891	16535.898	382.00000	0.0	0.0	135.0	0.3000000
120	5077.9399	16856.240	324.00000	0.0	0.0	0.0	0.6000000
75	5036.3599	16838.430	332.07001	0.0	0.0	0.0	1.0000000
105	4998.0781	16700.254	324.31247	0.0	0.0	90.0	3.0000000
104	5352.9443	16552.750	382.38580	-25.0	0.0	-90.0	0.3000000
80	5341.0000	16729.000	382.00000	0.0	0.0	90.0	0.2000000
104	5400.0791	16395.250	326.95001	0.0	0.0	0.0	0.4000000
120	5261.9897	16283.650	330.00000	0.0	0.0	65.0	0.6000000
75	5219.3867	16417.580	345.63989	0.0	0.0	45.0	1.0000000
101	5108.0591	16353.399	334.54999	0.0	0.0	0.0	1.0000000
80	5296.9995	16464.000	365.83279	20.0	0.0	0.0	0.2000000
75	4987.7954	16407.055	360.74268	0.0	0.0	0.0	1.0000000
34	4733.1699	16595.387	695.78442	0.0	0.0	45.0	1.0000000
74	4265.3398	16511.119	592.70001	0.0	0.0	-965.0	0.2000000
77	4824.6802	16840.689	379.14999	-20.0	0.0	-385.0	0.4000000
75	4954.3101	16510.760	382.49997	0.0	0.0	90.0	1.0000000
101	4875.1401	16590.520	382.49997	0.0	0.0	0.0	1.0000000
84	4596.8496	16828.037	374.34000	0.0	0.0	0.0	1.5000000
75	4860.7500	16734.369	370.62885	0.0	0.0	45.0	1.0000000
107	4640.2798	16595.477	385.87772	0.0	0.0	45.0	0.7000000
75	4759.8447	16533.100	382.49997	0.0	0.0	45.0	1.0000000
71	4227.1797	16667.510	382.49997	0.0	0.0	-90.0	1.2000000
77	4242.0000	16820.000	376.00000	-20.0	0.0	45.0	0.4000000
84	4504.9097	16695.908	382.49997	0.0	0.0	-135.0	1.5000000
77	4372.6396	16541.930	382.00000	-20.0	0.0	125.0	0.4000000
80	4241.3198	16500.889	381.28705	0.0	0.0	90.0	0.3000000
0	4750.0000	16450.000	484.63382	0.0	0.0	0.0	1.0000000
74	4656.3276	16165.810	594.90039	0.0	0.0	-605.0	0.2000000
77	4659.5693	16065.880	381.47638	-20.0	0.0	-520.0	0.3000000
75	4821.0000	16066.000	346.00000	0.0	0.0	45.0	0.9000000
70	4880.0000	16300.998	324.00000	15.0	15.0	0.0	0.7000000
77	4661.0239	16273.739	382.00000	-20.0	0.0	-520.0	0.4000000
132	4750.0000	16450.000	268.15692	0.0	0.0	0.0	1.0000000
128	4837.3345	16475.252	377.67404	0.0	0.0	-360.0	0.9000000
128	4673.3057	16415.816	382.49997	0.0	0.0	-540.0	0.9000000
101	4584.0498	16351.579	382.49997	0.0	0.0	70.0	1.0000000
105	4771.0000	16180.000	375.00000	15.0	0.0	135.0	1.8000000
128	4758.2632	16339.513	371.13858	0.0	0.0	-450.0	0.9000000
80	4657.4072	16138.818	382.49997	0.0	0.0	90.0	0.3000000
80	4145.0601	16230.060	324.55719	0.0	0.0	90.0	0.2000000
104	4122.3501	16271.669	356.42572	45.0	0.0	30.0	0.2000000
75	4540.3901	16093.950	367.19714	0.0	0.0	-45.0	1.0000000
120	4420.6396	16114.999	340.27246	0.0	-22.0	-25.0	0.6000000
77	4171.3701	16449.828	382.49997	-20.0	0.0	-565.0	0.3000000
75	4240.6201	16271.229	323.89999	0.0	0.0	45.0	1.0000000
75	4506.5000	16263.629	357.25021	0.0	0.0	-45.0	1.0000000
105	4382.1514	16387.371	324.70435	0.0	0.0	0.0	3.0000000
75	4093.9629	17159.006	356.80939	0.0	0.0	0.0	1.0000000
105	4032.7000	17264.268	345.50748	0.0	0.0	0.0	2.0000000
104	3974.2200	17105.391	329.01236	0.0	0.0	-90.0	0.3000000
20	2444.7200	17362.670	324.00000	0.0	0.0	90.0	1.1000000
80	2412.9800	17603.268	324.84000	0.0	0.0	225.0	0.3000000
75	2489.4500	17479.670	321.89999	0.0	0.0	45.0	1.0000000
77	2550.6157	17351.000	346.35974	25.0	0.0	450.0	0.2000000
120	2640.7100	17351.998	326.41998	0.0	0.0	-45.0	0.6000000
104	2620.2500	17505.580	326.00000	0.0	0.0	0.0	0.3000000
128	2635.9998	17409.615	337.48523	-15.0	0.0	-450.0	0.9000000
75	2526.1914	17250.094	345.32858	0.0	0.0	0.0	1.0000000
80	2499.4397	17175.938	323.98999	0.0	0.0	270.0	0.3000000
101	4112.9199	16879.719	328.32413	-15.0	0.0	115.0	1.0000000
48	4062.5698	16555.510	324.82001	0.0	0.0	0.0	1.2000000
120	4018.4434	16648.467	327.31982	0.0	0.0	-45.0	0.6000000
70	4021.0999	16741.801	324.00000	0.0	0.0	0.0	0.8000000
120	3411.6599	16763.090	324.00000	0.0	0.0	-70.0	0.6000000
115	3466.4600	16671.109	324.00000	0.0	0.0	45.0	1.2000000
84	3855.4797	16184.540	361.25058	0.0	0.0	-45.0	1.5000000
70	4033.2100	16337.079	373.31161	0.0	0.0	0.0	1.0000000
77	3963.4597	16252.949	382.00000	-20.0	0.0	-565.0	0.2000000
101	3849.3096	16352.069	336.23999	0.0	0.0	0.0	1.0000000
120	3848.7598	16073.480	327.88000	0.0	0.0	45.0	0.6000000
80	4064.9197	16209.869	342.99997	25.0	0.0	45.0	0.2000000
130	2857.3298	16489.197	324.00000	0.0	0.0	90.0	1.1000000
101	2877.7600	16579.119	324.00000	0.0	0.0	25.0	0.8000000
120	2909.7100	16538.359	324.00000	0.0	0.0	90.0	0.6000000
71	2651.1697	16503.320	324.00000	0.0	0.0	0.0	1.0000000
75	2516.7300	16547.680	324.00000	0.0	0.0	45.0	0.8000000
76	2758.2200	16549.240	324.00000	0.0	0.0	-135.0	0.1000000
20	2846.1199	16441.090	324.00000	0.0	0.0	90.0	1.1000000
77	2921.0400	16184.310	324.00000	0.0	0.0	225.0	0.4000000
77	2871.0898	16342.270	324.00000	0.0	0.0	225.0	0.3000000
75	3042.5798	16418.670	324.00000	0.0	0.0	45.0	0.8000000
84	3046.7600	16130.189	324.00000	0.0	0.0	0.0	1.5000000
9	2881.8799	16268.539	315.00000	0.0	0.0	330.0	2.0000000
9	3039.6799	16145.188	315.00000	0.0	0.0	320.0	2.0000000
76	3054.2998	16246.408	324.00000	0.0	0.0	-135.0	0.1000000
76	2936.8098	16442.520	324.00000	0.0	0.0	-180.0	0.1500000
70	2979.9700	16308.609	324.00000	0.0	0.0	0.0	0.8000000
77	2438.5300	16434.887	324.00000	-20.0	0.0	0.0	0.3000000
75	2441.6199	16286.760	324.00000	0.0	0.0	45.0	0.8000000
77	2565.9497	16374.550	324.00000	0.0	0.0	180.0	0.6000000
77	2785.4399	16285.409	324.00000	0.0	0.0	180.0	0.5000000
77	2736.2700	16361.149	324.00000	-20.0	0.0	0.0	0.3000000
75	2624.9500	16260.939	324.00000	0.0	0.0	0.0	0.8000000
9	2516.7327	16409.859	315.00000	0.0	0.0	360.0	2.0000000
9	2716.0200	16353.640	315.00000	0.0	0.0	340.0	2.0000000
9	2007.8999	19162.760	315.00000	0.0	0.0	-190.0	2.0000000
77	2349.5801	19104.799	320.10895	25.0	0.0	135.0	0.3000000
76	2154.7700	19050.920	324.00000	0.0	0.0	-90.0	0.1500000
77	2295.5396	19148.490	324.00000	25.0	0.0	-135.0	0.2000000
84	2091.4531	19208.096	328.00000	0.0	0.0	110.0	1.5000000
120	2116.6599	19108.988	327.31686	0.0	0.0	45.0	0.5000000
9	2288.1599	19048.979	315.00000	0.0	0.0	-220.0	2.0000000
9	2151.2200	19129.170	315.00000	0.0	0.0	-200.0	2.0000000
122	1570.2979	19269.949	324.00000	0.0	0.0	45.0	2.0999999
20	1953.0001	19210.000	282.00000	25.0	0.0	-180.0	1.0000000
70	1589.2798	19103.240	324.00000	0.0	0.0	0.0	0.7000000
123	1759.2299	19258.297	324.00000	0.0	0.0	0.0	0.5000000
123	1861.3101	19149.570	324.00000	0.0	0.0	45.0	0.4000000
122	1860.5740	19278.193	327.19797	0.0	0.0	0.0	1.8000000
123	1658.3000	19153.740	324.00000	0.0	0.0	0.0	0.4000000
75	1875.1600	19066.988	324.00000	0.0	0.0	0.0	1.0000000
75	1979.3698	19164.799	324.00000	0.0	0.0	-45.0	1.0000000
104	1745.4399	19099.410	330.05301	0.0	0.0	0.0	0.4000000
9	1839.0000	19189.000	315.00000	0.0	0.0	-185.0	2.0000000
9	1657.0000	19193.000	315.00000	0.0	0.0	-175.0	2.0000000
75	1668.0845	19241.100	320.29535	0.0	0.0	45.0	0.8000000
71	2005.8199	19022.510	324.00000	0.0	0.0	0.0	1.0000000
20	2226.9998	19007.000	283.00000	15.0	0.0	-180.0	1.2000000
84	2372.2400	18851.129	334.00000	0.0	0.0	-80.0	1.2000000
75	2201.5601	18978.189	324.00000	0.0	0.0	15.0	0.9000000
9	2409.1199	18924.551	315.00000	0.0	0.0	-230.0	2.0000000
120	2254.4199	18851.799	324.00000	0.0	0.0	-45.0	0.6000000
80	2285.8699	18963.350	324.00000	0.0	0.0	495.0	0.4000000
70	2123.6699	18884.211	324.00000	0.0	0.0	0.0	0.8000000
101	1575.3398	18916.240	324.00000	0.0	0.0	25.0	1.0000000
120	1571.1698	18875.986	324.00000	0.0	0.0	-45.0	0.6000000
80	1851.8099	18997.029	324.00000	0.0	0.0	450.0	0.3000000
101	1693.0000	18981.000	324.00000	0.0	0.0	70.0	0.8000000
77	1463.6000	19229.840	324.00000	25.0	0.0	135.0	0.3000000
80	1518.9098	19158.520	324.00000	0.0	0.0	495.0	0.3000000
77	1196.0699	19122.600	307.29559	25.0	0.0	225.0	0.5000000
77	1365.4813	19182.850	324.00000	25.0	0.0	180.0	0.4000000
9	1492.7898	19168.529	315.00000	0.0	0.0	-165.0	2.0000000
9	1349.1899	19120.850	315.00000	0.0	0.0	-150.0	2.0000000
60	810.9999	19218.160	324.00000	0.0	0.0	0.0	1.0000000
124	1547.8700	18996.949	324.00000	0.0	0.0	360.0	0.8000000
86	1458.9999	18937.998	324.00000	0.0	0.0	-150.0	1.3000000
124	1405.7200	19015.660	350.00000	-90.0	0.0	315.0	0.8000000
105	1309.0000	19048.000	324.00000	10.0	0.0	-675.0	2.0000000
9	1216.0000	19039.850	315.00000	0.0	0.0	215.0	2.0000000
120	1424.9600	18924.396	324.00000	0.0	0.0	-135.0	0.6000000
104	1452.1931	18805.240	326.16812	0.0	0.0	0.0	0.4000000
70	1297.2400	18890.049	324.00000	0.0	0.0	90.0	0.8000000
126	971.2499	18773.740	334.04065	0.0	0.0	-20.0	3.0000000
80	1067.2600	18678.889	324.00000	0.0	0.0	585.0	0.3000000
75	1045.4501	19040.199	324.00000	0.0	0.0	45.0	1.0000000
75	1020.7399	18944.650	327.60953	0.0	0.0	45.0	0.8000000
9	1087.1400	18927.389	315.00000	0.0	0.0	225.0	2.0000000
9	986.9300	18811.750	315.00000	0.0	0.0	235.0	2.0000000
9	912.1699	18684.490	315.00000	0.0	0.0	245.0	2.0000000
75	2407.8801	18359.340	324.00000	0.0	0.0	0.0	1.0000000
120	1803.6512	18483.977	324.00000	0.0	0.0	90.0	0.6000000
115	1621.2000	18460.660	324.00003	0.0	0.0	45.0	1.2000000
80	2109.4099	17821.641	324.00000	0.0	0.0	180.0	0.3000000
80	2068.3799	17911.740	324.00000	0.0	0.0	315.0	0.3000000
80	1943.9999	17894.000	321.45663	0.0	0.0	225.0	0.4000000
77	1850.8098	17860.199	342.07169	25.0	0.0	540.0	0.3000000
75	1751.4700	17845.658	324.00000	0.0	0.0	90.0	1.0000000
120	1763.6003	18023.281	323.99994	0.0	0.0	-135.0	0.6000000
104	1750.5499	18047.580	325.29691	0.0	0.0	0.0	0.4000000
80	1677.2623	17847.994	323.99994	0.0	0.0	315.0	0.3000000
120	1129.2300	18542.059	324.00000	0.0	0.0	-45.0	0.6000000
84	1021.2700	18590.859	324.00000	0.0	0.0	0.0	1.4000000
77	764.0900	18434.600	324.00000	0.0	0.0	270.0	0.6000000
77	775.6100	18259.270	305.71603	25.0	0.0	225.0	0.5000000
9	835.0001	18349.000	315.00000	0.0	0.0	260.0	2.0000000
9	866.7779	18527.939	315.00000	0.0	0.0	260.0	2.0000000
80	928.2300	18389.658	324.00000	0.0	0.0	495.0	0.5000000
120	1194.0200	17877.410	324.88272	0.0	0.0	45.0	0.6000000
77	753.7900	18118.430	324.00000	25.0	0.0	-0.0	0.4000000
112	827.5823	17874.455	324.00000	0.0	0.0	-260.0	1.8000000
75	999.4000	17876.488	324.00000	0.0	0.0	45.0	1.0000000
76	859.6900	18166.080	324.00000	0.0	0.0	-90.0	0.1500000
120	911.9900	18152.840	324.00000	0.0	0.0	0.0	0.6000000
9	843.3800	18024.508	315.00000	0.0	0.0	280.0	2.0000000
9	827.0001	18186.000	315.00000	0.0	0.0	275.0	2.0000000
9	892.2000	17896.330	315.00000	0.0	0.0	300.0	2.0000000
70	992.6100	18015.850	324.00000	0.0	0.0	0.0	0.8000000
80	869.0699	18033.670	324.00000	0.0	0.0	405.0	0.3000000
60	587.9711	18813.211	324.00000	0.0	0.0	0.0	1.0000000
144	149.6200	18995.791	348.92398	0.0	0.0	45.0	1.0000000
9	215.4852	18216.881	901.53516	0.0	0.0	140.0	2.0000000
9	73.1952	18295.801	901.53516	0.0	0.0	160.0	2.0000000
9	326.3953	17785.611	901.53516	0.0	0.0	65.0	2.0000000
9	355.3819	17947.115	901.53516	0.0	0.0	90.0	2.0000000
9	313.6719	18103.441	901.53516	0.0	0.0	115.0	2.0000000
53	339.1500	18360.859	5.00000	0.0	0.0	135.0	2.5000000
60	503.0312	18276.660	324.00000	0.0	0.0	0.0	1.0000000
53	552.7501	17959.000	5.00000	0.0	0.0	90.0	2.5000000
77	2356.7200	17540.129	350.81039	25.0	0.0	495.0	0.3000000
71	2017.4598	17740.520	339.54996	-25.0	0.0	-90.0	1.0000000
70	2289.3999	17443.709	382.49997	0.0	0.0	0.0	0.8000000
29	2007.9501	17491.131	390.66995	0.0	0.0	-180.0	0.6000000
120	2238.3696	17729.719	330.07346	0.0	0.0	-90.0	0.6000000
75	2261.6257	17570.342	346.18744	0.0	0.0	45.0	1.0000000
20	1849.7979	17740.711	324.00000	0.0	0.0	180.0	1.1000000
77	1654.7035	17549.186	339.42789	25.0	0.0	630.0	0.2500000
75	1659.8097	17373.971	301.50272	0.0	0.0	45.0	1.0000000
70	1769.1000	17667.600	379.75742	0.0	0.0	0.0	0.8000000
120	1571.4785	17606.352	323.99994	0.0	0.0	-180.0	0.6000000
101	1656.5341	17740.992	333.09125	0.0	0.0	0.0	1.0000000
75	1887.7000	17682.707	383.37381	0.0	0.0	45.0	1.0000000
75	1760.9849	17456.043	372.99481	0.0	0.0	0.0	1.0000000
101	2380.6401	17293.418	325.65399	0.0	0.0	0.0	1.0000000
120	1989.5100	16986.789	335.98334	0.0	0.0	-45.0	0.6000000
77	2242.2925	17339.480	332.72653	25.0	0.0	360.0	0.2500000
77	2047.6599	17141.490	338.49231	25.0	0.0	405.0	0.2500000
70	1987.1334	17237.746	382.49997	0.0	0.0	0.0	0.8000000
120	2392.6035	17253.379	324.00000	0.0	0.0	-45.0	0.6000000
101	2151.4805	17249.543	330.55011	0.0	0.0	0.0	1.0000000
80	2175.7100	17209.951	327.27917	0.0	0.0	135.0	0.3000000
20	1848.8499	17059.141	324.00000	0.0	0.0	0.0	1.1000000
71	1836.1097	16951.600	355.75000	-25.0	0.0	-135.0	0.9000000
77	1738.6644	17170.379	366.02435	25.0	0.0	630.0	0.3000000
71	1801.0616	17285.088	378.26807	0.0	0.0	0.0	1.0000000
75	1626.0000	17026.998	339.00000	0.0	0.0	90.0	0.9000000
75	1741.7300	17012.811	377.13354	0.0	0.0	45.0	1.0000000
75	1979.6799	16993.789	337.09244	0.0	0.0	45.0	0.9000000
120	1613.3400	17192.330	324.00000	0.0	0.0	-135.0	0.6000000
75	1883.2313	17150.213	382.49997	0.0	0.0	45.0	1.0000000
101	1637.0341	17245.219	324.55548	0.0	0.0	0.0	1.0000000
104	1944.7180	17094.955	374.36484	0.0	0.0	0.0	0.4000000
80	1583.3088	16997.709	324.00000	0.0	0.0	0.0	0.3000000
95	1133.1100	17738.459	324.00000	0.0	0.0	-90.0	1.0000000
0	1150.0000	17750.000	324.00000	0.0	0.0	0.0	2.0000000
80	1155.3298	17408.170	324.00000	0.0	0.0	315.0	0.3000000
80	1169.1899	17544.660	324.00000	0.0	0.0	405.0	0.3000000
77	852.0001	17375.000	324.00000	25.0	0.0	225.0	0.5000000
103	950.0000	17750.000	324.00000	0.0	0.0	-272.0	0.6800000
77	900.1300	17489.268	324.00000	25.0	0.0	180.0	0.4000000
70	1082.0000	17484.908	324.00000	0.0	0.0	0.0	0.8000000
80	1030.3800	17382.061	324.00000	0.0	0.0	225.0	0.4000000
75	1048.4500	17572.100	324.00000	0.0	0.0	45.0	1.0000000
9	960.4800	17714.051	315.00000	0.0	0.0	280.0	2.0000000
9	967.9800	17507.760	315.00000	0.0	0.0	265.0	2.0000000
124	882.0000	17651.998	326.00000	0.0	0.0	315.0	0.7000000
124	988.1599	17560.609	358.67999	90.0	0.0	225.0	0.7000000
75	973.0444	17523.578	324.00000	0.0	0.0	90.0	0.7000000
84	755.8900	17025.568	324.00000	0.0	0.0	0.0	1.5000000
77	782.8400	17224.350	324.00000	0.0	0.0	270.0	0.6000000
84	952.5499	17112.217	324.00000	0.0	0.0	-45.0	1.5000000
84	936.3900	17215.840	324.00000	0.0	0.0	90.0	1.5000000
120	1073.7500	17112.971	324.00000	0.0	0.0	-45.0	0.6000000
9	923.3200	17307.959	315.00000	0.0	0.0	255.0	2.0000000
9	855.8599	17131.939	315.00000	0.0	0.0	250.0	2.0000000
9	820.9282	16973.443	315.00000	0.0	0.0	265.0	2.0000000
80	978.3900	16974.850	324.00000	0.0	0.0	90.0	0.3000000
70	2387.7100	16585.061	324.00000	0.0	0.0	0.0	0.8000000
101	2250.9500	16549.369	324.00000	0.0	0.0	25.0	0.8000000
75	1699.1200	16901.350	381.98514	0.0	0.0	45.0	1.0000000
70	1635.0000	16743.000	368.99997	15.0	0.0	45.0	0.9000000
128	1586.1700	16557.488	324.00000	0.0	0.0	-450.0	0.9000000
77	1751.6599	16828.279	376.00000	25.0	0.0	405.0	0.3000000
130	1813.8574	16837.447	336.49564	0.0	0.0	90.0	1.1000000
75	1767.3099	16721.879	334.36142	0.0	0.0	45.0	0.9000000
120	1689.0499	16679.270	335.02997	0.0	0.0	-45.0	0.6000000
77	2339.7400	16320.329	324.00000	0.0	0.0	225.0	0.5000000
77	2104.5999	16102.520	249.09999	0.0	0.0	225.0	0.3000000
77	2365.6499	16348.790	258.32401	-20.0	0.0	45.0	0.3000000
75	2157.1899	16099.350	324.00000	0.0	0.0	0.0	0.8000000
77	2209.1599	16203.510	324.00000	0.0	0.0	225.0	0.4000000
77	2240.5496	16327.530	324.00000	-20.0	0.0	45.0	0.3000000
71	2042.5699	16291.439	324.00000	0.0	0.0	0.0	1.0000000
75	2289.8899	16450.289	324.00000	0.0	0.0	45.0	0.8000000
75	2148.0000	16374.001	324.00000	0.0	0.0	0.0	0.8000000
9	2147.0000	16237.000	315.00000	0.0	0.0	400.0	2.0000000
120	2252.0100	16485.609	324.00000	0.0	0.0	135.0	0.6000000
9	2003.7100	16110.829	315.00000	0.0	0.0	402.0	2.0000000
9	2308.7397	16359.738	315.00000	0.0	0.0	390.0	2.0000000
101	2044.5499	16159.590	324.00000	0.0	0.0	25.0	0.8000000
120	1829.5599	16070.749	324.00000	0.0	0.0	135.0	0.6000000
76	1950.7799	16151.709	324.00000	0.0	0.0	-45.0	0.1500000
101	1858.4900	16166.420	324.00000	0.0	0.0	25.0	0.8000000
101	1544.6967	16642.471	321.13580	0.0	0.0	0.0	1.0000000
75	1141.7200	16681.658	324.00000	0.0	0.0	45.0	0.8000000
120	1495.0800	16797.400	324.00000	0.0	0.0	-180.0	0.6000000
104	1528.1505	16885.076	324.00000	0.0	0.0	0.0	0.4000000
84	782.0800	16622.549	324.00000	0.0	0.0	-45.0	1.6999999
84	707.4800	16768.488	324.00000	0.0	0.0	45.0	1.7000000
80	925.9900	16852.891	324.00000	0.0	0.0	180.0	0.4000000
84	920.7000	16659.287	324.00000	0.0	0.0	0.0	1.5000000
120	1024.0499	16541.891	324.00000	0.0	0.0	-45.0	0.6000000
9	798.9000	16804.248	315.00000	0.0	0.0	270.0	2.0000000
9	809.9000	16645.709	315.00000	0.0	0.0	280.0	2.0000000
9	860.1400	16494.490	315.00000	0.0	0.0	290.0	2.0000000
70	938.0997	16619.158	324.00000	0.0	0.0	0.0	0.8000000
80	1005.0900	16744.879	324.00000	0.0	0.0	225.0	0.3000000
104	1159.5099	16209.000	328.09015	0.0	0.0	-45.0	0.4000000
120	1216.9700	16083.029	324.00000	0.0	0.0	45.0	0.6000000
9	1149.6699	16125.969	315.00000	0.0	0.0	320.0	2.0000000
77	1069.1299	16141.290	324.00000	0.0	0.0	180.0	0.5000000
77	917.1900	16250.740	324.00000	0.0	0.0	315.0	0.6000000
71	1082.1500	16326.180	324.00000	0.0	0.0	0.0	1.0000000
77	922.0500	16356.180	324.00000	0.0	0.0	180.0	0.5000000
77	830.7000	16409.391	324.00000	0.0	0.0	135.0	0.4000000
9	931.0001	16364.000	315.00000	0.0	0.0	305.0	2.0000000
9	1044.3300	16233.989	315.00000	0.0	0.0	315.0	2.0000000
80	1011.5000	16426.977	324.00000	0.0	0.0	270.0	0.4000000
60	735.1300	16109.320	76.32046	0.0	0.0	0.0	1.0000000
9	234.3152	17657.572	901.53516	0.0	0.0	40.0	2.0000000
9	117.0000	17514.000	902.00006	0.0	0.0	65.0	2.0000000
9	68.6300	17319.400	901.99994	0.0	0.0	90.0	2.0000000
9	71.6500	17124.590	901.99994	0.0	0.0	90.0	2.0000000
9	73.4600	16931.689	901.99994	0.0	0.0	90.0	2.0000000
53	379.5200	17496.787	5.00000	0.0	0.0	45.0	2.5000000
60	642.6216	17727.354	324.00000	0.0	0.0	0.0	1.0000000
60	546.0000	17408.000	324.00000	0.0	0.0	0.0	1.0000000
60	447.5100	17056.910	324.00000	0.0	0.0	0.0	1.0000000
53	262.0000	17086.000	5.00000	0.0	0.0	90.0	2.5000000
9	41.0000	16831.000	902.00006	0.0	0.0	45.0	2.0000000
9	-20.4200	16650.240	901.99994	0.0	0.0	90.0	2.0000000
9	-21.4700	16466.930	901.99994	0.0	0.0	90.0	2.0000000
9	-19.9700	16275.319	901.99994	0.0	0.0	90.0	2.0000000
9	-22.9800	16074.179	901.99994	0.0	0.0	90.0	2.0000000
60	412.0000	16735.609	324.00000	0.0	0.0	0.0	1.0000000
57	430.6800	16079.590	460.13998	0.0	0.0	45.0	5.0000000
60	445.0000	16405.779	324.00000	0.0	0.0	0.0	1.0000000
53	166.2700	16470.670	5.00000	0.0	0.0	90.0	2.5000000
85	263.0875	16064.490	88.00000	0.0	0.0	0.0	1.0000000
85	199.9657	16082.628	88.00000	0.0	0.0	45.0	1.0000000
85	51.0446	16063.705	88.00000	0.0	0.0	90.0	1.0000000
80	5747.5698	15972.879	324.00000	0.0	0.0	-25.0	0.4000000
80	5417.8135	15845.816	324.00000	0.0	0.0	-115.0	0.4000000
120	5815.8994	15755.409	324.00000	0.0	0.0	-45.0	0.6000000
46	5571.3052	15830.382	324.00000	0.0	0.0	-135.0	0.7000000
90	5377.7598	15718.517	325.00000	0.0	0.0	70.0	2.0000000
120	5277.4194	15697.040	324.00000	0.0	0.0	0.0	0.6000000
90	5442.6401	15383.019	325.00000	0.0	0.0	45.0	2.2000000
46	5760.9316	15490.898	324.00000	0.0	0.0	-135.0	0.7000000
80	5660.4795	15340.889	322.93481	0.0	0.0	110.0	0.4000000
46	5391.5913	15286.609	324.00000	0.0	0.0	-135.0	0.7000000
80	5301.3198	15484.039	324.00000	0.0	0.0	-80.0	0.3000000
80	5229.4800	15325.879	324.00000	0.0	0.0	225.0	0.3000000
120	4859.0312	16033.770	329.32001	0.0	0.0	-25.0	0.6000000
77	4660.2700	15860.001	355.30139	-20.0	0.0	-520.0	0.2000000
104	4751.0000	15950.000	370.99997	-25.0	0.0	-90.0	0.3000000
105	4570.2100	15935.780	364.42419	15.0	0.0	-0.0	1.8000000
80	4662.0000	15949.001	375.00000	0.0	0.0	0.0	0.2000000
80	4753.3101	15757.790	324.00000	0.0	0.0	90.0	0.2000000
75	4825.7100	15869.087	326.33301	0.0	0.0	45.0	0.7000000
104	4656.0000	15742.999	332.84186	0.0	0.0	-90.0	0.3000000
74	4536.2295	15261.310	479.76013	0.0	0.0	-695.0	0.2000000
120	4188.3901	15467.340	326.81055	0.0	0.0	-90.0	0.6000000
76	4532.9399	15238.699	301.84998	0.0	0.0	-135.0	0.3000000
75	4355.8896	15451.828	324.00000	0.0	0.0	90.0	0.8000000
9	4264.2500	15263.300	322.59842	0.0	0.0	-15.0	2.0000000
80	4270.0498	15347.090	324.00000	0.0	0.0	135.0	0.5000000
75	4159.0508	15363.164	324.00000	0.0	0.0	0.0	0.8000000
70	4418.0000	15364.000	324.00000	0.0	0.0	0.0	0.8000000
130	4377.3154	15260.001	324.00000	0.0	0.0	90.0	1.1000000
120	5820.8921	14787.646	324.00000	0.0	0.0	-45.0	0.6000000
80	5112.2998	14795.810	324.00000	0.0	0.0	90.0	0.4000000
75	5216.9199	14841.439	324.00000	0.0	0.0	90.0	0.8000000
77	5711.1494	14668.479	324.00000	0.0	0.0	180.0	0.4000000
76	5694.6699	14438.607	324.00000	0.0	0.0	-180.0	0.2500000
77	5564.8901	14533.229	324.00000	0.0	0.0	225.0	0.6000000
77	5431.2002	14567.760	324.00000	0.0	0.0	225.0	0.4000000
80	5399.7500	14640.550	324.00000	0.0	0.0	90.0	0.4000000
80	5623.3896	14755.830	324.00000	0.0	0.0	270.0	0.4000000
120	5426.6592	14769.875	324.00000	0.0	0.0	-90.0	0.6000000
9	5526.6992	14551.229	315.00000	0.0	0.0	-30.0	2.0000000
9	5654.6099	14521.796	315.00000	0.0	0.0	0.0	2.0000000
9	5804.2646	14555.064	315.00000	0.0	0.0	20.0	2.0000000
70	5565.8398	14645.128	324.00000	0.0	0.0	0.0	0.8000000
84	5048.2202	14697.689	324.00000	0.0	0.0	-60.0	1.5000000
71	5263.4600	14730.750	324.00000	0.0	0.0	0.0	1.0000000
76	5264.0000	14575.999	324.00000	0.0	0.0	-25.0	0.2000000
75	5337.9697	14544.800	324.00000	0.0	0.0	45.0	0.8000000
75	5183.4199	14573.590	324.00000	0.0	0.0	45.0	0.8000000
9	4972.9692	14726.730	315.00000	0.0	0.0	-10.0	2.0000000
9	5152.2598	14691.590	315.00000	0.0	0.0	-10.0	2.0000000
9	5346.4102	14641.499	315.00000	0.0	0.0	-15.0	2.0000000
103	4950.0000	14850.000	324.00000	0.0	0.0	-182.0	0.6800000
80	4595.3691	15196.520	324.00000	0.0	0.0	-45.0	0.3000000
84	4675.1299	14885.640	324.00000	0.0	0.0	-105.0	1.5000000
75	4880.1001	14906.120	324.00000	0.0	0.0	90.0	0.8000000
75	4761.3599	15135.959	324.00000	0.0	0.0	90.0	0.8000000
71	4622.4497	15078.600	324.00000	0.0	0.0	0.0	1.0000000
120	4736.0396	15158.969	324.00000	0.0	0.0	-135.0	0.6000000
9	4581.1792	15015.180	315.00000	0.0	0.0	-45.0	2.0000000
9	4698.4897	14909.590	315.00000	0.0	0.0	-40.0	2.0000000
80	4778.9995	14959.000	324.00000	0.0	0.0	0.0	0.5000000
75	4420.8398	15203.740	324.00000	0.0	0.0	90.0	0.5000000
77	4341.0000	15196.001	324.00000	-15.0	0.0	135.0	0.5000000
77	4445.9199	15164.180	324.00000	-20.0	0.0	270.0	0.4000000
77	4512.8701	15001.399	324.00000	0.0	0.0	135.0	0.5000000
77	4421.1201	15110.880	324.00000	0.0	0.0	180.0	0.4000000
9	4451.9502	15146.449	315.00000	0.0	0.0	-45.0	2.0000000
84	4868.2197	14746.601	324.00000	0.0	0.0	-105.0	1.8000001
9	4841.4600	14777.989	315.00000	0.0	0.0	-40.0	2.0000000
71	3286.0000	16025.000	324.00000	0.0	0.0	0.0	0.8000000
120	3285.8108	15722.569	324.00000	0.0	0.0	-45.0	0.6000000
104	3279.6799	15849.100	330.62521	0.0	0.0	-45.0	0.4000000
80	3498.8098	15640.099	324.00000	0.0	0.0	270.0	0.3000000
80	3627.4197	15656.798	324.00000	0.0	0.0	225.0	0.4000000
120	3316.4700	15962.680	324.00000	0.0	0.0	-45.0	0.6000000
75	3799.6392	15362.509	324.00000	0.0	0.0	0.0	0.8000000
128	4066.3479	15344.000	329.00000	0.0	0.0	-360.0	0.9000000
104	3783.3298	15257.790	326.59177	0.0	0.0	-45.0	0.4000000
84	4102.6499	15229.343	324.00000	0.0	0.0	-45.0	1.5000000
9	3856.2400	15223.830	315.00000	0.0	0.0	30.0	2.0000000
9	4054.1599	15283.550	315.00000	0.0	0.0	5.0	2.0000000
70	3934.9067	15391.013	324.00000	0.0	0.0	0.0	0.8000000
128	4054.3499	15460.579	324.00000	0.0	0.0	-270.0	0.7000000
75	3622.0698	15217.638	324.00000	0.0	0.0	0.0	0.8000000
104	3524.4197	15276.329	329.01648	0.0	0.0	-45.0	0.4000000
0	3546.9102	15539.051	398.65280	0.0	0.0	0.0	2.0000000
80	3401.3799	15565.390	324.00000	0.0	0.0	315.0	0.3000000
80	3661.4800	15494.940	324.00000	0.0	0.0	135.0	0.4000000
120	3669.8770	15309.980	324.00000	0.0	0.0	-90.0	0.6000000
120	3383.1936	15457.468	324.00000	0.0	0.0	0.0	0.6000000
130	3514.2896	15538.352	324.00000	0.0	0.0	-90.0	1.1000000
130	3564.9036	15576.117	324.00000	0.0	0.0	90.0	1.1000000
130	3567.3564	15518.306	324.00000	0.0	0.0	0.0	1.1000000
70	3365.5400	15298.448	324.00000	0.0	0.0	0.0	0.8000000
0	3582.0000	15580.000	375.00000	0.0	0.0	0.0	1.0000000
0	3518.5601	15512.218	375.00000	0.0	0.0	0.0	1.0000000
0	3585.0200	15505.729	375.00000	0.0	0.0	0.0	1.0000000
0	3517.3198	15573.250	375.00000	0.0	0.0	0.0	1.0000000
80	3503.8899	15422.819	324.00000	0.0	0.0	405.0	0.4000000
0	3150.0000	15650.000	552.00000	0.0	0.0	0.0	1.0000000
75	3254.9199	15744.539	324.00000	0.0	0.0	0.0	0.8000000
76	3030.8101	15671.120	324.00000	0.0	0.0	-270.0	0.2000000
75	3182.4597	15950.721	324.00000	0.0	0.0	45.0	0.8000000
132	3150.0000	15650.000	324.00000	0.0	0.0	0.0	1.1000000
9	3167.9900	15951.480	315.00000	0.0	0.0	280.0	2.0000000
9	3130.3401	15737.129	315.00000	0.0	0.0	245.0	2.0000000
71	3082.0901	15835.948	324.55270	0.0	0.0	0.0	1.0000000
139	2446.6731	15667.229	95.00000	0.0	0.0	45.0	1.4000000
0	3150.0000	15350.000	552.00000	0.0	0.0	0.0	1.0000000
75	3257.5398	15411.589	324.00000	0.0	0.0	0.0	0.8000000
76	3147.2300	15233.360	324.00000	0.0	0.0	-225.0	0.2000000
101	3245.7397	15513.319	324.00000	0.0	0.0	25.0	0.8000000
132	3150.0000	15350.000	324.00000	0.0	0.0	0.0	1.1000000
9	3121.0498	15633.770	315.00000	0.0	0.0	280.0	2.0000000
9	3161.2400	15473.689	315.00000	0.0	0.0	290.0	2.0000000
9	3216.9998	15308.000	315.00000	0.0	0.0	-430.0	2.0000000
76	3075.5400	15388.590	313.81000	0.0	0.0	-135.0	0.1000000
71	3095.7400	15502.829	321.79996	0.0	0.0	0.0	1.0000000
0	3750.0000	15150.000	552.00000	0.0	0.0	0.0	1.0000000
0	3450.0000	15150.000	552.00000	0.0	0.0	0.0	1.0000000
75	3761.0200	15066.135	324.00000	0.0	0.0	0.0	0.8000000
84	3977.0000	15178.000	324.00000	0.0	0.0	-180.0	1.3000000
132	3750.0000	15150.000	324.00000	0.0	0.0	0.0	1.1000000
9	3719.0498	15168.039	315.00000	0.0	0.0	10.0	2.0000000
76	3841.9998	15100.998	324.00000	0.0	0.0	-135.0	0.1000000
101	3482.6890	15050.920	324.00000	0.0	0.0	70.0	1.0000000
71	3605.3799	15096.640	323.89093	0.0	0.0	0.0	1.0000000
132	3450.0000	15150.000	324.00000	0.0	0.0	0.0	1.1000000
9	3294.8701	15204.950	315.00000	0.0	0.0	-40.0	2.0000000
9	3398.6213	15154.850	315.00000	0.0	0.0	-10.0	2.0000000
9	3533.0002	15144.000	315.00000	0.0	0.0	5.0	2.0000000
76	3385.3799	15066.890	291.13870	0.0	0.0	-225.0	0.2000000
77	3720.6799	14478.591	181.00000	-45.0	0.0	-15.0	0.6000000
77	3957.7000	14367.689	187.88383	-45.0	0.0	-35.0	0.5000000
102	3760.7200	14420.519	330.00000	0.0	0.0	-25.0	0.6000000
75	3377.2998	14359.288	331.34769	0.0	0.0	45.0	0.6000000
77	3471.0098	14459.020	181.00000	-45.0	0.0	25.0	0.6000000
9	3579.8923	14360.704	315.00000	0.0	0.0	-170.0	2.0000000
103	3650.0000	14450.000	324.00000	0.0	0.0	-362.0	0.6800000
102	3535.6301	14435.229	330.00000	0.0	0.0	20.0	0.6000000
71	3254.1897	15160.948	324.00000	0.0	0.0	0.0	1.0000000
124	2674.0000	14360.069	41.95278	45.0	0.0	360.0	0.6500000
77	2517.3596	14624.930	24.00000	20.0	0.0	-220.0	0.2000000
77	2655.2500	14458.909	24.00000	20.0	0.0	-265.0	0.3000000
6	2561.9397	14460.520	18.00000	0.0	0.0	115.0	2.0000000
6	2495.5012	14535.289	18.00000	0.0	0.0	145.0	2.0000000
80	2537.6199	14483.609	24.00000	0.0	0.0	-450.0	0.3000000
80	2566.8999	14405.400	24.00000	0.0	0.0	-405.0	0.2500000
131	2443.7600	14422.830	24.00000	0.0	0.0	-780.0	2.0000000
75	5801.0498	13534.720	324.00000	0.0	0.0	90.0	1.0000000
77	5731.2397	13618.579	324.00000	-20.0	0.0	0.0	0.4000000
75	5578.2300	13646.170	324.00000	0.0	0.0	90.0	1.0000000
76	5632.3198	13738.800	324.00000	0.0	0.0	-15.0	0.2000000
105	5560.3398	13797.479	333.85309	0.0	0.0	0.0	2.0000000
120	5474.4897	13701.140	324.00000	0.0	0.0	-315.0	0.5000000
92	5406.0000	13810.569	324.00000	0.0	0.0	-90.0	0.6000000
71	5668.1401	13540.929	324.00000	0.0	0.0	0.0	1.0000000
9	5436.8696	13787.370	315.00000	0.0	0.0	145.0	2.0000000
9	5605.6797	13690.570	315.00000	0.0	0.0	155.0	2.0000000
9	5718.9600	13607.620	315.00000	0.0	0.0	140.0	2.0000000
130	5035.6699	13533.710	324.00000	0.0	0.0	45.0	1.0000000
75	5235.3193	13594.851	324.00000	0.0	0.0	90.0	1.0000000
124	5156.0000	13653.260	324.00000	0.0	0.0	315.0	0.9000000
76	5109.4297	13714.060	324.00000	0.0	0.0	30.0	0.2000000
75	5146.3193	13795.799	324.00000	0.0	0.0	0.0	1.0000000
9	5107.9800	13626.500	315.00000	0.0	0.0	225.0	2.0000000
9	5242.9502	13750.990	315.00000	0.0	0.0	215.0	2.0000000
9	5355.8999	13798.250	315.00000	0.0	0.0	180.0	2.0000000
124	5039.7998	13620.279	324.00000	-35.0	0.0	315.0	0.7000000
80	5128.0801	13554.129	324.00000	0.0	0.0	90.0	0.3000000
77	4131.0898	14166.460	324.00000	-20.0	0.0	0.0	0.4000000
77	4217.0298	14068.590	324.00000	-20.0	0.0	-45.0	0.5000000
77	4166.0200	14057.869	324.00000	-20.0	0.0	135.0	0.3000000
77	4284.4800	13958.760	324.00000	-20.0	0.0	-45.0	0.4000000
77	4245.0000	13950.000	324.00000	-20.0	0.0	135.0	0.2000000
9	4131.8994	14091.580	315.00000	0.0	0.0	-230.0	2.0000000
9	4215.2900	13969.729	315.00000	0.0	0.0	120.0	2.0000000
9	4350.3623	13530.840	315.00000	0.0	0.0	105.0	2.0000000
71	4327.9297	13581.090	325.41824	0.0	0.0	0.0	0.8000000
84	4457.9302	13805.339	324.00000	0.0	0.0	-90.0	1.5000000
75	4261.3501	13699.189	323.07974	0.0	0.0	90.0	1.0000000
101	4213.1602	13833.550	324.00000	0.0	0.0	25.0	1.0000000
75	4447.8594	13573.106	324.00000	0.0	0.0	90.0	1.0000000
120	4240.1797	13505.690	327.48404	0.0	0.0	-225.0	0.6000000
9	4362.6562	13749.618	315.00000	0.0	0.0	80.0	2.0000000
9	4336.4023	13795.839	315.00000	0.0	0.0	140.0	2.0000000
80	4344.1499	13867.575	329.49274	0.0	0.0	-270.0	0.3000000
104	5777.0000	13372.000	352.00000	15.0	0.0	0.0	0.3500000
84	5649.8101	13347.350	324.00000	0.0	0.0	-90.0	1.5000000
80	5712.3892	13307.550	324.00000	0.0	0.0	90.0	0.2000000
80	5659.6299	13419.490	324.00000	0.0	0.0	45.0	0.2000000
77	5035.0000	13471.278	324.00000	-10.0	0.0	-180.0	0.4000000
70	5209.1597	13451.449	317.82248	0.0	0.0	0.0	0.8000000
75	4979.1797	13360.849	324.00000	0.0	0.0	45.0	1.0000000
75	5206.5195	13227.670	324.00000	0.0	0.0	90.0	1.0000000
9	5000.4800	13485.199	315.00000	0.0	0.0	240.0	2.0000000
120	5149.2500	13301.889	324.00000	0.0	0.0	-180.0	0.6000000
101	5055.2793	13252.970	324.00000	0.0	0.0	25.0	0.8000000
80	5051.6699	13351.030	324.00000	0.0	0.0	0.0	0.3000000
70	5081.7095	12688.830	369.67462	0.0	0.0	0.0	0.8000000
120	5192.2598	12688.010	334.00000	0.0	0.0	-35.0	0.6000000
101	5087.5869	12825.839	337.89307	0.0	0.0	25.0	0.7000000
76	4654.1094	13152.509	324.00000	0.0	0.0	90.0	0.2000000
80	4745.6699	13123.700	324.00000	0.0	0.0	-45.0	0.3000000
80	4548.6797	13138.490	324.00000	0.0	0.0	-180.0	0.3000000
76	4558.5801	13360.249	324.00000	0.0	0.0	135.0	0.1500000
75	4652.1196	13343.565	324.00000	0.0	0.0	45.0	1.0000000
75	4598.2202	13198.520	324.00000	0.0	0.0	90.0	1.0000000
77	4942.8701	13502.859	324.00000	-20.0	0.0	45.0	0.5000000
112	4788.2593	13321.640	324.00000	0.0	0.0	-350.0	1.8000000
9	4662.2681	13242.067	315.00000	0.0	0.0	185.0	2.0000000
9	4881.7700	13320.510	315.00000	0.0	0.0	230.0	2.0000000
77	4413.1396	13435.558	324.00000	-20.0	0.0	-45.0	0.4000000
70	4216.7500	13428.681	324.00000	0.0	0.0	0.0	0.8000000
77	4374.0601	13352.810	324.00000	-20.0	0.0	135.0	0.3000000
77	4343.0000	13439.000	324.00000	-20.0	0.0	90.0	0.2000000
71	4484.7402	13260.770	313.03595	0.0	0.0	0.0	0.9000000
9	4454.8398	13336.650	315.00000	0.0	0.0	140.0	2.0000000
120	4661.6797	12985.210	324.00000	0.0	0.0	-180.0	0.6000000
70	4641.6094	12987.889	315.32999	0.0	0.0	0.0	0.9000000
101	3965.0002	14316.000	327.66821	0.0	0.0	25.0	0.9000000
101	3717.7498	14331.569	325.00000	0.0	0.0	25.0	0.7000000
103	3850.0000	14350.000	329.00000	0.0	0.0	-407.0	0.6800000
77	4062.9700	14127.471	324.00000	-20.0	0.0	90.0	0.2000000
9	3711.0000	14348.000	315.00000	0.0	0.0	-200.0	2.0000000
9	3844.7700	14276.370	315.00000	0.0	0.0	-210.0	2.0000000
9	4006.0295	14185.109	315.00000	0.0	0.0	-210.0	2.0000000
70	4081.3728	13941.133	349.69955	0.0	0.0	0.0	0.8000000
80	3999.7600	14214.380	324.00000	0.0	0.0	-360.0	0.3000000
71	3878.7197	14207.770	318.45999	0.0	0.0	0.0	0.8000000
75	3577.6897	14347.960	324.00000	0.0	0.0	45.0	0.6000000
77	3302.0000	14314.000	181.00000	-45.0	0.0	80.0	0.6000000
77	3305.7300	14073.549	181.00000	-45.0	0.0	110.0	0.6000000
74	3636.5601	14147.040	406.57748	0.0	0.0	-1100.0	0.1700000
103	3450.0000	14350.000	324.00000	0.0	0.0	-317.0	0.6800000
95	3656.4399	14145.188	328.06696	0.0	0.0	45.0	1.0000000
103	3437.0000	13950.000	324.00000	0.0	0.0	-227.0	0.6800000
9	3430.0400	14082.020	315.00000	0.0	0.0	-70.0	2.0000000
9	3502.3899	13963.240	315.00000	0.0	0.0	-45.0	2.0000000
9	3418.8098	14200.789	315.00000	0.0	0.0	-105.0	2.0000000
9	3478.9800	14304.061	315.00000	0.0	0.0	-135.0	2.0000000
120	3502.5200	14223.160	324.00000	0.0	0.0	-225.0	0.6000000
103	3350.0000	14150.000	324.00000	0.0	0.0	-272.0	0.6800000
0	3652.2664	14133.067	356.37311	0.0	0.0	-180.0	1.0000000
0	3624.1047	14132.848	356.37311	0.0	0.0	-180.0	1.0000000
0	3624.1055	14164.438	356.37311	0.0	0.0	0.0	1.0000000
0	3653.1455	14164.328	356.37311	0.0	0.0	0.0	1.0000000
102	3351.6799	14270.011	330.00000	0.0	0.0	65.0	0.6000000
102	3356.1199	14033.499	330.00000	0.0	0.0	110.0	0.6000000
75	3443.1697	14069.600	324.00000	0.0	0.0	90.0	0.6000000
80	4073.0698	13849.069	335.77661	0.0	0.0	-450.0	0.3000000
120	4043.8599	13927.989	338.72476	0.0	0.0	-225.0	0.6000000
80	3965.6499	13866.209	324.00000	0.0	0.0	-540.0	0.3000000
71	3588.3499	13527.609	315.31497	0.0	0.0	0.0	0.8000000
70	3687.4294	13782.980	326.16998	0.0	0.0	-45.0	0.9000000
77	3512.1799	13819.729	231.00000	0.0	0.0	150.0	0.3500000
77	3388.0000	13895.000	213.99002	-45.0	0.0	150.0	0.4500000
75	3549.0398	13909.230	324.00000	0.0	0.0	45.0	1.0000000
120	3683.0098	13718.250	324.00000	0.0	0.0	-225.0	0.6000000
9	3384.5200	13575.770	315.00000	0.0	0.0	-155.0	2.0000000
9	3555.7717	13737.000	315.00000	0.0	0.0	-105.0	2.0000000
80	3487.0198	13713.159	327.62326	0.0	0.0	-180.0	0.3000000
128	3561.0000	13761.000	324.00000	0.0	0.0	0.0	0.8000000
6	2525.2217	14004.888	18.00000	0.0	0.0	60.0	2.0000000
6	2591.7947	14331.569	18.00000	0.0	0.0	90.0	2.0000000
120	2524.9399	14015.129	24.00000	0.0	0.0	-225.0	0.6000000
6	2577.5400	14157.570	18.00000	0.0	0.0	80.0	2.0000000
123	2574.6499	14017.689	24.00000	0.0	0.0	225.0	0.2000000
124	2668.9998	14242.999	33.00000	0.0	0.0	315.0	0.7500000
123	2622.9714	13982.219	24.00000	0.0	0.0	135.0	0.3000000
122	2664.6917	14156.816	34.58288	0.0	0.0	0.0	1.7000000
123	2642.5071	14087.738	24.00000	0.0	0.0	45.0	0.4000000
103	2450.0000	14250.000	24.00000	0.0	0.0	-90.0	0.6500000
75	3212.4158	13585.939	334.32886	0.0	0.0	90.0	0.8000000
76	2450.0000	13795.000	24.00000	20.0	0.0	120.0	0.2000000
6	2430.3201	13882.399	18.00000	0.0	0.0	45.0	2.0000000
76	2524.0000	13837.999	24.00000	20.0	0.0	120.0	0.1500000
123	2472.6399	13891.879	24.00000	0.0	0.0	135.0	0.2000000
120	3942.6357	13225.093	324.00000	0.0	0.0	-135.0	0.6000000
126	3288.3999	13460.789	338.01379	0.0	0.0	-385.0	3.0000000
75	3493.9998	13425.000	324.00000	0.0	0.0	45.0	0.8000000
9	3266.9998	13489.999	315.00000	0.0	0.0	-135.0	2.0000000
75	3803.5500	12699.000	324.00000	0.0	0.0	45.0	1.0000000
77	3765.9600	12749.080	221.00000	0.0	0.0	-200.0	0.4000000
84	3549.7397	12722.700	324.00000	0.0	0.0	45.0	1.2000000
70	3374.4302	13022.770	324.00000	0.0	0.0	0.0	0.8000000
48	3431.0798	12840.669	273.00000	0.0	0.0	0.0	1.2000000
75	3488.0000	12928.000	324.00000	0.0	0.0	45.0	0.8000000
71	3673.8899	12905.589	316.15997	0.0	0.0	0.0	0.7000000
120	3660.0598	12864.200	324.00000	0.0	0.0	-135.0	0.6000000
9	3606.0002	12782.999	315.00000	0.0	0.0	-40.0	2.0000000
9	3412.2798	12894.561	315.00000	0.0	0.0	-10.0	2.0000000
77	3074.6099	13478.610	326.10083	0.0	0.0	150.0	0.3500000
75	3221.4900	13242.039	324.00000	0.0	0.0	45.0	0.7000000
77	3018.4697	13347.170	251.86000	0.0	0.0	15.0	0.3500000
77	3010.9998	13417.000	324.00000	-20.0	0.0	105.0	0.3000000
76	2901.0000	13358.000	333.22092	0.0	0.0	-90.0	0.1500000
120	3176.8899	13292.310	324.00000	0.0	0.0	-225.0	0.6000000
9	2914.2300	13188.719	315.00000	0.0	0.0	-110.0	2.0000000
9	2988.6099	13314.600	315.00000	0.0	0.0	-130.0	2.0000000
9	3087.5396	13386.029	315.00000	0.0	0.0	-160.0	2.0000000
124	3047.0000	13248.000	324.00000	0.0	0.0	315.0	0.7000000
75	2968.7695	13215.310	324.00000	0.0	0.0	45.0	0.7000000
71	2838.4099	13256.120	324.00000	0.0	0.0	0.0	1.0000000
92	2836.6899	13080.949	324.00000	0.0	0.0	-350.0	0.6000000
92	3159.0798	12880.249	328.29016	0.0	0.0	70.0	0.6000000
76	2933.0396	12834.190	324.00000	0.0	0.0	-45.0	0.1800000
9	3198.2051	12919.930	315.00000	0.0	0.0	0.0	2.0000000
9	3010.9998	12924.818	315.00000	0.0	0.0	-10.0	2.0000000
9	2925.6997	12968.250	315.00000	0.0	0.0	-55.0	2.0000000
9	2889.4500	13067.470	315.00000	0.0	0.0	-90.0	2.0000000
120	3123.4900	12985.789	324.00000	0.0	0.0	-270.0	0.6000000
124	3018.6299	12908.740	324.00000	45.0	0.0	315.0	0.7000000
60	2416.8799	12969.529	24.00000	0.0	0.0	0.0	1.0000000
84	1912.1500	16041.930	324.00000	0.0	0.0	0.0	1.5000000
75	1773.7699	16054.790	324.00000	0.0	0.0	135.0	0.8000000
9	1720.0001	16012.967	296.60825	0.0	0.0	0.0	2.0000000
9	1881.0000	16036.000	313.00000	0.0	0.0	376.0	2.0000000
7	1807.0000	15907.001	348.00000	0.0	0.0	-450.0	6.9099998
9	1559.7300	16017.732	296.60825	0.0	0.0	0.0	2.0000000
37	1803.9951	15803.203	285.00000	0.0	0.0	-90.0	6.8400002
7	1807.0000	15698.000	300.00000	0.0	0.0	270.0	6.9099998
37	1804.0001	15594.000	231.00000	0.0	0.0	-450.0	6.8400002
7	1807.0000	15489.000	253.00000	0.0	0.0	270.0	6.9099998
37	1804.0001	15385.001	179.00000	0.0	0.0	-450.0	6.8400002
7	1807.0000	15280.000	197.99998	0.0	0.0	270.0	6.9099998
77	1148.0100	16050.189	324.00000	0.0	0.0	225.0	0.4000000
105	1279.9299	16045.549	324.00000	10.0	0.0	-585.0	2.0000000
75	1310.4398	15976.030	324.00000	0.0	0.0	90.0	0.8000000
75	1174.2900	15967.779	324.00000	0.0	0.0	45.0	1.0000000
7	1292.0000	15907.001	348.00000	0.0	0.0	-270.0	6.9099998
35	1549.8516	16005.232	324.00000	0.0	0.0	-1620.0	3.5999999
26	1550.0000	15920.456	324.00000	0.0	0.0	-630.0	4.2500000
27	1550.0000	15655.146	247.13562	0.0	0.0	0.0	3.5000000
27	1550.0000	15812.000	287.00000	0.0	0.0	0.0	3.5000000
9	1258.8499	16041.640	315.00000	0.0	0.0	330.0	2.0000000
9	1401.5800	16012.970	296.00906	0.0	0.0	0.0	2.0000000
7	1292.0000	15698.000	300.00000	0.0	0.0	90.0	6.9099998
37	1304.0000	15803.000	285.00000	0.0	0.0	-90.0	6.8400002
76	1235.3800	15955.240	324.00000	0.0	0.0	-45.0	0.1500000
57	757.0000	15724.001	341.99997	0.0	0.0	45.0	3.0000000
37	1304.0000	15593.825	231.00000	0.0	0.0	-450.0	6.8400002
27	1550.0000	15497.787	208.33092	0.0	0.0	0.0	3.5000000
27	1550.0000	15340.662	168.39815	0.0	0.0	0.0	3.5000000
37	1304.0000	15385.463	179.00000	0.0	0.0	-450.0	6.8400002
7	1292.0000	15487.999	253.00000	0.0	0.0	90.0	6.9099998
7	1292.0000	15278.999	197.99998	0.0	0.0	90.0	6.9099998
57	1033.0000	15464.000	349.00000	0.0	0.0	45.0	3.0000000
85	716.4399	15576.529	88.00000	0.0	0.0	0.0	1.0000000
85	890.4200	15373.880	88.00000	0.0	0.0	45.0	1.0000000
85	915.8190	15222.981	88.00000	0.0	0.0	0.0	1.0000000
85	845.0499	15245.689	253.00000	0.0	0.0	0.0	1.0000000
85	830.3900	15395.320	253.00000	0.0	0.0	0.0	1.0000000
85	720.2300	15495.050	253.00000	0.0	0.0	0.0	1.0000000
9	869.8300	15245.830	315.00000	0.0	0.0	70.0	2.0000000
9	859.4500	15345.369	315.00000	0.0	0.0	115.0	2.0000000
9	755.0000	15466.000	315.00000	0.0	0.0	140.0	2.0000000
37	1804.0001	14969.000	72.99999	0.0	0.0	-450.0	6.8400002
7	1807.0000	14864.000	91.00000	0.0	0.0	-90.0	6.9099998
37	1804.0001	15176.999	126.00000	0.0	0.0	-450.0	6.8400002
7	1807.0000	15072.000	145.99998	0.0	0.0	-90.0	6.9099998
112	2318.3179	14667.744	24.00000	0.0	0.0	137.0	2.0000000
77	1997.1350	14727.000	24.00000	10.0	0.0	-220.0	0.2500000
76	2069.6450	14739.999	24.00000	20.0	0.0	75.0	0.1500000
80	2035.3800	14604.370	24.00000	0.0	0.0	-585.0	0.5000000
6	2351.2996	14606.070	18.00000	0.0	0.0	160.0	2.0000000
6	2232.7095	14650.909	18.00000	0.0	0.0	165.0	2.0000000
6	2097.8726	14658.529	18.00000	0.0	0.0	185.0	2.0000000
120	2205.1199	14582.891	23.98000	0.0	0.0	-135.0	0.6000000
103	2350.0000	14450.000	24.00000	0.0	0.0	-45.0	0.6500000
77	1899.0000	14687.000	24.00000	10.0	0.0	-265.0	0.3500000
80	1948.2998	14617.880	24.00000	0.0	0.0	-495.0	0.3000000
37	1804.0001	14761.000	19.00000	0.0	0.0	-450.0	6.8400002
7	1807.0000	14653.999	34.00000	0.0	0.0	-450.0	8.3299999
6	1921.7400	14636.000	18.00000	0.0	0.0	190.0	2.0000000
6	1730.2700	14618.373	0.25887	0.0	0.0	-180.0	2.0000000
37	1304.0000	14969.000	72.99999	0.0	0.0	-450.0	6.8400002
7	1292.0000	14862.999	91.00000	0.0	0.0	90.0	6.9099998
37	1304.0000	15176.999	126.00000	0.0	0.0	-450.0	6.8400002
27	1550.0000	15183.856	130.42645	0.0	0.0	0.0	3.5000000
27	1549.9503	15027.062	90.11033	0.0	0.0	0.0	3.5000000
27	1550.0000	14870.239	51.52386	0.0	0.0	0.0	3.5000000
7	1292.0000	15072.000	145.99998	0.0	0.0	90.0	6.9099998
60	1169.9979	15010.620	24.00000	0.0	0.0	0.0	1.0000000
85	839.0001	15091.000	103.70107	0.0	0.0	-90.0	1.0000000
57	1091.0000	15189.999	366.53021	0.0	0.0	45.0	3.0000000
85	747.3699	15105.989	253.00000	0.0	0.0	0.0	1.0000000
9	795.0399	15105.528	315.00000	0.0	0.0	50.0	2.0000000
77	1179.8900	14679.509	24.00000	10.0	0.0	-265.0	0.3500000
37	1304.0000	14760.097	19.00000	0.0	0.0	-450.0	6.8400002
7	1292.0000	14653.999	34.00000	0.0	0.0	-270.0	8.3299999
26	1550.0000	14643.292	24.00000	0.0	0.0	-810.0	4.2500000
35	1549.9961	14558.702	24.00000	0.0	0.0	-1440.0	3.5999999
27	1550.0000	14712.990	10.96094	0.0	0.0	0.0	3.5000000
6	1188.6000	14603.795	18.00000	0.0	0.0	185.0	2.0000000
6	1358.4700	14619.032	2.05501	0.0	0.0	-180.0	2.0000000
6	1549.1100	14621.881	1.91650	0.0	0.0	-180.0	2.0000000
80	1231.5599	14628.900	24.00000	0.0	0.0	-585.0	0.3000000
6	1030.9100	14543.089	18.00000	0.0	0.0	210.0	2.0000000
77	927.2300	14554.599	24.00000	20.0	0.0	-400.0	0.3500000
77	1082.2460	14614.999	24.00000	0.0	0.0	-265.0	0.4500000
77	799.4100	14449.739	24.00000	10.0	0.0	-355.0	0.3000000
80	926.1700	14398.990	24.00000	0.0	0.0	-585.0	0.4000000
120	1033.3099	14498.000	24.00000	0.0	0.0	-45.0	0.6000000
6	889.9500	14446.150	18.00000	0.0	0.0	220.0	2.0000000
76	969.6000	14624.770	24.00000	0.0	0.0	315.0	0.1500000
60	773.6000	14756.180	24.00000	0.0	0.0	0.0	1.0000000
9	-27.5700	15886.490	901.99994	0.0	0.0	90.0	2.0000000
9	-37.5700	15701.551	901.99994	0.0	0.0	90.0	2.0000000
9	-40.2400	15506.529	901.99994	0.0	0.0	90.0	2.0000000
85	457.5700	15697.330	324.00000	0.0	0.0	-90.0	1.0000000
85	444.3200	15865.351	88.00000	0.0	0.0	0.0	1.0000000
85	337.6900	16014.760	88.00000	0.0	0.0	0.0	1.0000000
85	331.1800	15867.500	253.00000	0.0	0.0	0.0	1.0000000
85	564.8100	15710.420	88.00000	0.0	0.0	0.0	1.0000000
85	497.1700	15751.619	253.00000	0.0	0.0	0.0	1.0000000
9	481.4500	15711.659	315.00000	0.0	0.0	130.0	2.0000000
9	360.0000	15886.000	315.00000	0.0	0.0	120.0	2.0000000
85	221.9300	15894.069	324.00000	0.0	0.0	-90.0	1.0000000
85	154.5800	15791.439	324.00000	0.0	0.0	-90.0	1.0000000
85	169.5000	15995.709	253.00000	0.0	0.0	0.0	1.0000000
9	263.5100	15983.339	315.00000	0.0	0.0	145.0	2.0000000
9	145.7600	16015.099	315.00000	0.0	0.0	180.0	2.0000000
9	54.8000	15968.129	315.00000	0.0	0.0	225.0	2.0000000
85	701.4300	15329.630	311.81461	0.0	0.0	-180.0	1.0000000
85	609.7400	15376.909	324.00000	0.0	0.0	-90.0	1.0000000
85	548.8100	15241.569	324.00000	0.0	0.0	-90.0	1.0000000
85	473.7400	15586.228	324.00000	0.0	0.0	-135.0	1.0000000
85	329.4300	15277.890	324.00000	0.0	0.0	-135.0	1.0000000
85	317.0100	15522.238	324.00000	0.0	0.0	-135.0	1.0000000
85	609.1200	15611.729	253.00000	0.0	0.0	0.0	1.0000000
9	616.9900	15575.189	315.00000	0.0	0.0	140.0	2.0000000
85	15.4100	15555.640	324.00000	0.0	0.0	0.0	1.0000000
85	105.8300	15348.439	324.00000	0.0	0.0	-135.0	1.0000000
85	633.1700	15028.700	205.76730	0.0	0.0	0.0	1.0000000
85	474.1700	14853.619	218.75844	0.0	0.0	0.0	1.0000000
85	598.5400	15036.800	200.44441	0.0	0.0	-135.0	1.0000000
85	318.5700	14974.260	324.00000	0.0	0.0	-90.0	1.0000000
85	413.0900	15121.460	324.00000	0.0	0.0	-90.0	1.0000000
85	595.0298	14909.546	88.00000	0.0	0.0	-45.0	1.0000000
85	560.9999	14889.999	88.00000	0.0	0.0	0.0	1.0000000
9	485.7300	14868.479	315.00000	0.0	0.0	50.0	2.0000000
9	670.3200	15001.730	315.00000	0.0	0.0	25.0	2.0000000
85	129.1100	15050.009	324.00000	0.0	0.0	-135.0	1.0000000
85	140.9300	14889.549	324.00000	0.0	0.0	-90.0	1.0000000
57	633.0000	14660.001	500.00000	0.0	0.0	0.0	3.0000000
85	439.9400	14715.843	88.00000	0.0	0.0	-45.0	1.0000000
85	376.8700	14719.040	253.00000	0.0	0.0	0.0	1.0000000
85	323.1000	14596.050	88.00000	0.0	0.0	-90.0	1.0000000
9	359.5399	14710.118	315.00000	0.0	0.0	50.0	2.0000000
76	692.7500	14380.968	24.00000	0.0	0.0	225.0	0.1500000
85	263.6941	14361.529	88.00000	0.0	0.0	0.0	1.0000000
85	12.6600	14443.289	253.00000	0.0	0.0	0.0	1.0000000
85	166.9900	14445.790	253.00000	0.0	0.0	0.0	1.0000000
85	243.2200	14573.579	253.00000	0.0	0.0	0.0	1.0000000
85	73.3100	14734.979	324.00000	0.0	0.0	-90.0	1.0000000
9	268.2600	14527.699	315.00000	0.0	0.0	70.0	2.0000000
95	2168.7896	14239.209	24.00000	0.0	0.0	45.0	1.0000000
0	2153.3398	14243.419	24.00000	0.0	0.0	0.0	1.0000000
103	2350.0000	14050.000	24.00000	0.0	0.0	-135.0	0.6500000
0	2150.0000	14239.000	24.00000	0.0	0.0	0.0	1.0000000
131	2149.0500	14242.160	142.74001	-90.0	0.0	-870.0	1.6999999
80	1584.3098	14203.630	18.93000	0.0	0.0	-135.0	0.3000000
0	1560.9606	13933.689	0.00000	0.0	0.0	0.0	1.0000000
120	1724.6898	14012.169	24.00000	0.0	0.0	-135.0	0.6000000
128	1678.2999	14115.880	18.78000	0.0	0.0	315.0	0.7000000
77	2232.0000	13556.000	24.00000	10.0	0.0	-310.0	0.5000000
77	2314.4998	13679.150	24.00000	10.0	0.0	-220.0	0.4000000
77	2385.5598	13734.399	24.00000	20.0	0.0	-275.0	0.3000000
77	2098.8599	13570.689	24.00000	20.0	0.0	-110.0	0.2500000
76	2378.7100	13685.859	24.00000	-20.0	0.0	-135.0	0.1500000
6	2159.0000	13624.001	18.00000	0.0	0.0	45.0	2.0000000
6	2291.5698	13750.399	18.00000	0.0	0.0	43.0	2.0000000
120	2168.3301	13719.260	24.00000	0.0	0.0	-225.0	0.6000000
76	2157.2100	13655.279	24.00000	0.0	0.0	270.0	0.2500000
80	2348.5696	13852.829	24.00000	0.0	0.0	-540.0	0.3000000
80	2262.1704	13798.300	24.00000	0.0	0.0	-495.0	0.4000000
120	1630.0801	13746.930	24.00000	0.0	0.0	-225.0	0.6000000
80	1751.0000	13873.000	24.00000	0.0	0.0	-135.0	0.2000000
128	1668.4299	13704.590	24.00000	0.0	0.0	360.0	0.7000000
80	1290.8500	13958.189	8.00000	0.0	0.0	135.0	0.2500000
0	1434.0500	14006.439	0.00000	0.0	0.0	0.0	1.0000000
0	1515.8199	14097.020	4.88000	0.0	0.0	0.0	1.0000000
120	1379.0800	14124.520	24.00000	0.0	0.0	-225.0	0.6000000
128	1315.1072	14200.273	24.00000	0.0	0.0	450.0	0.7000000
80	956.8400	14291.670	24.00000	0.0	0.0	-495.0	0.3000000
80	804.9900	14339.760	24.00000	0.0	0.0	-450.0	0.3500000
6	773.3999	14327.739	18.00000	0.0	0.0	230.0	2.0000000
71	852.7700	14223.079	24.00000	0.0	0.0	0.0	0.6000000
120	1324.6998	13860.930	9.37683	0.0	0.0	-135.0	0.6000000
0	1474.5344	13798.636	0.32736	0.0	0.0	0.0	1.0000000
80	1459.5134	13628.044	24.00000	0.0	0.0	45.0	0.3000000
128	1350.7000	13713.530	24.00000	0.0	0.0	405.0	0.7000000
120	708.9200	13689.459	24.00000	0.0	0.0	0.0	0.6000000
77	2130.4900	13466.940	24.00000	20.0	0.0	-355.0	0.4000000
80	2017.8097	13162.020	24.00000	0.0	0.0	-495.0	0.4000000
6	1990.5800	13254.410	18.00000	0.0	0.0	90.0	2.0000000
6	2040.2198	13462.059	18.00000	0.0	0.0	65.0	2.0000000
80	2030.6698	13314.640	24.00000	0.0	0.0	-540.0	0.4000000
105	2088.7900	13361.079	33.12694	0.0	0.0	-90.0	2.0000000
105	2091.3799	13187.320	35.01075	0.0	0.0	-90.0	1.5000000
105	1962.2999	13251.939	24.00000	0.0	0.0	0.0	1.6000000
77	2043.9999	12906.000	24.00000	20.0	0.0	-265.0	0.4000000
105	2064.8699	13071.379	33.47972	0.0	0.0	0.0	2.5000000
77	2126.5400	12734.029	24.00000	20.0	0.0	-175.0	0.4500000
6	2028.0500	12699.820	18.00000	0.0	0.0	130.0	2.0000000
6	1956.0204	12901.199	18.00000	0.0	0.0	90.0	2.0000000
76	1971.2799	12805.010	24.00000	0.0	0.0	405.0	0.1000000
80	1965.3201	12987.190	24.00000	0.0	0.0	-405.0	0.4000000
6	1977.0399	13072.336	18.00000	0.0	0.0	80.0	2.0000000
120	1857.8101	12922.070	24.00000	0.0	0.0	0.0	0.6000000
120	1178.5498	13458.721	24.00000	0.0	0.0	45.0	0.6000000
104	816.1766	13493.823	24.00000	0.0	0.0	0.0	0.4000000
84	841.9800	13170.120	24.00000	0.0	0.0	65.1	0.9000000
6	789.6500	13351.570	18.00000	0.0	0.0	-20.0	2.0000000
6	943.4599	13193.180	18.00000	0.0	0.0	-70.0	2.0000000
104	783.0966	13397.184	24.00000	0.0	0.0	0.0	0.2000000
104	884.6365	13369.203	24.00000	0.0	0.0	0.0	0.2700000
75	955.0000	13292.000	24.00000	0.0	0.0	45.0	0.9000000
77	921.7583	12679.909	24.00000	0.0	0.0	-225.0	0.3500000
77	917.0049	12923.220	24.00000	0.0	0.0	-270.0	0.4500000
77	917.2750	13035.590	24.00000	0.0	0.0	-225.0	0.3500000
80	1005.9500	13020.709	24.00000	0.0	0.0	-720.0	0.4000000
6	972.8700	12990.989	18.00000	0.0	0.0	-90.0	2.0000000
6	975.7199	12805.198	18.00000	0.0	0.0	-90.0	2.0000000
120	1085.5719	12950.616	24.00000	0.0	0.0	-225.0	0.6000000
80	1012.7800	12766.840	24.00000	0.0	0.0	-585.0	0.4000000
57	237.0000	14048.000	462.00000	0.0	0.0	0.0	3.0000000
130	587.9999	13993.565	24.00000	0.0	0.0	405.0	1.1000000
86	689.0000	14302.000	24.00000	0.0	0.0	35.0	1.3000000
6	683.0700	14183.100	18.00000	0.0	0.0	245.0	2.0000000
77	585.0000	14098.000	24.00000	0.0	0.0	-265.0	0.3500000
71	698.0600	14166.319	16.38634	0.0	0.0	0.0	0.8000000
80	682.4200	14019.080	24.00000	0.0	0.0	-675.0	0.4000000
6	620.0872	14028.270	18.00000	0.0	0.0	255.0	2.0000000
60	392.4200	14264.619	84.00000	0.0	0.0	0.0	1.0000000
85	65.0000	13931.000	88.00000	0.0	0.0	0.0	1.0000000
85	80.1700	14037.000	253.00000	0.0	0.0	-135.0	1.0000000
85	102.0700	14199.240	253.00000	0.0	0.0	-135.0	1.0000000
85	109.8200	14348.959	253.00000	0.0	0.0	-135.0	1.0000000
85	120.2860	14155.699	88.00000	0.0	0.0	0.0	1.0000000
9	50.6700	13936.778	315.00000	0.0	0.0	90.0	2.0000000
9	99.0800	14144.310	315.00000	0.0	0.0	65.0	2.0000000
9	191.7100	14336.409	315.00000	0.0	0.0	65.0	2.0000000
115	647.0100	13671.300	24.00000	0.0	0.0	45.0	1.5000000
77	593.3000	13593.730	24.00000	0.0	0.0	-250.0	0.2500000
77	554.0800	13924.330	24.00000	0.0	0.0	-265.0	0.4500000
77	560.0000	13747.000	24.00000	0.0	0.0	-250.0	0.3500000
80	642.6200	13864.708	24.00000	0.0	0.0	-585.0	0.4000000
6	604.2200	13868.779	18.00000	0.0	0.0	-90.0	2.0000000
6	627.0000	13725.000	18.00000	0.0	0.0	-75.0	2.0000000
6	658.0700	13547.409	18.00000	0.0	0.0	-85.0	2.0000000
60	333.4400	13765.978	83.56000	0.0	0.0	0.0	1.0000000
85	-10.8800	13849.040	324.00000	0.0	0.0	-45.0	1.0000000
85	135.1500	13524.989	253.00000	0.0	0.0	-135.0	1.0000000
85	113.9100	13668.891	253.00000	0.0	0.0	-135.0	1.0000000
85	77.5300	13837.529	253.00000	0.0	0.0	-135.0	1.0000000
85	57.8156	13775.721	88.00000	0.0	0.0	0.0	1.0000000
85	90.2388	13536.079	88.00000	0.0	0.0	0.0	1.0000000
9	78.7200	13526.351	315.00000	0.0	0.0	110.0	2.0000000
9	48.0500	13730.029	315.00000	0.0	0.0	90.0	2.0000000
84	581.2500	13476.190	24.00000	0.0	0.0	20.1	1.5000000
6	699.7599	13419.010	18.00000	0.0	0.0	-60.0	2.0000000
84	705.0000	13302.000	24.00000	0.0	0.0	20.1	1.1000000
60	464.0000	13296.001	84.00000	0.0	0.0	0.0	1.0000000
57	272.5800	13464.329	424.54733	0.0	0.0	0.0	3.0000000
85	-2.8500	13342.830	324.00000	0.0	0.0	-45.0	1.0000000
85	130.0000	13355.000	253.00000	0.0	0.0	-135.0	1.0000000
85	150.4400	13412.020	88.00000	0.0	0.0	-45.0	1.0000000
85	216.4629	13244.910	88.00000	0.0	0.0	-45.0	1.0000000
85	151.9600	13189.269	250.00000	0.0	0.0	-135.0	1.0000000
9	216.0000	13142.000	315.00000	0.0	0.0	110.0	2.0000000
9	144.4000	13342.990	315.00000	0.0	0.0	110.0	2.0000000
57	540.0000	12761.000	496.00000	0.0	0.0	0.0	2.3000000
57	430.0000	12996.001	381.00000	0.0	0.0	0.0	3.0000000
85	290.4900	13021.010	88.00000	0.0	0.0	360.0	1.0000000
85	282.4695	12889.909	88.00000	0.0	0.0	-45.0	1.0000000
60	539.0000	12828.999	84.00000	0.0	0.0	0.0	1.0000000
85	240.8542	12727.579	250.00000	0.0	0.0	-135.0	1.0000000
85	229.1300	12873.590	250.00000	0.0	0.0	-135.0	1.0000000
85	214.6600	13018.579	250.00000	0.0	0.0	-135.0	1.0000000
9	271.7300	12776.540	315.00000	0.0	0.0	465.0	2.0000000
9	248.5100	12986.239	315.00000	0.0	0.0	90.0	2.0000000
85	34.7933	12827.336	324.00000	0.0	0.0	-270.0	1.0000000
53	24732.0098	24744.736	-610.00000	0.0	0.0	-40.0	2.5000000
53	23918.9980	24972.129	-601.00000	0.0	0.0	3.0	2.5000000
53	24081.7266	24965.180	-601.00000	0.0	0.0	-10.0	2.5000000
53	22907.0000	24918.998	-610.00000	0.0	0.0	-10.0	2.5000000
125	25259.4766	24112.109	-90.89000	0.0	0.0	315.0	0.7000000
60	25244.6953	23894.430	-226.13840	0.0	0.0	0.0	1.0000000
39	25268.0000	24118.998	-608.77295	0.0	0.0	-13.0	5.4000001
60	25133.7930	23630.639	-126.69036	0.0	0.0	0.0	1.0000000
60	25151.6895	23219.980	-412.89996	0.0	0.0	0.0	1.0000000
76	24706.4492	23133.520	-3.71000	0.0	0.0	45.0	0.1500000
47	24050.0000	23700.000	-50.00000	0.0	0.0	225.0	1.0000000
123	22809.6914	24742.742	-16.02309	0.0	0.0	-180.0	0.6000000
53	22320.0000	24780.164	-610.00000	0.0	0.0	35.0	2.5000000
53	21501.0000	24636.000	-610.00000	0.0	0.0	-20.0	2.5000000
53	20442.3301	24873.189	-610.00000	0.0	0.0	20.0	2.5000000
53	20744.0000	24900.846	-610.00000	0.0	0.0	0.0	2.5000000
123	22542.4707	24540.570	-315.05649	0.0	0.0	-180.0	0.6000000
119	22262.9980	22954.998	-123.00000	0.0	0.0	175.0	1.0000000
53	19678.1191	24442.568	-610.00000	0.0	0.0	20.0	2.5000000
76	19667.8105	23276.549	-56.15000	0.0	0.0	45.0	0.3000000
60	24881.9473	22822.080	-770.77997	0.0	0.0	0.0	1.0000000
60	25217.7070	22252.424	-770.77997	0.0	0.0	0.0	1.0000000
60	24756.5098	21940.090	-770.77997	0.0	0.0	0.0	1.0000000
60	25045.8105	21461.498	-775.27887	0.0	0.0	0.0	1.0000000
60	24550.5898	22435.449	-770.77887	0.0	0.0	0.0	1.0000000
47	23550.0000	21200.000	-50.00000	0.0	0.0	90.0	1.0000000
76	24615.6484	20620.797	-7.16448	0.0	0.0	-230.0	0.1500000
60	25106.8672	20742.895	-775.00000	0.0	0.0	0.0	1.0000000
60	25123.3223	20037.914	-770.77887	0.0	0.0	0.0	1.0000000
119	23558.5703	20355.510	-123.00000	0.0	0.0	-50.0	1.0000000
119	23754.0000	20246.000	-128.42432	0.0	0.0	85.0	1.0000000
127	23888.2773	20302.840	-3.44146	0.0	0.0	-405.0	1.8000000
119	23718.4492	20037.699	-123.00000	0.0	0.0	-5.0	1.0000000
119	22544.0000	22534.000	-123.00000	0.0	0.0	40.0	1.0000000
119	22545.0000	22754.000	-123.00000	0.0	0.0	85.0	1.0000000
119	22189.4590	22598.238	-123.00000	0.0	0.0	-5.0	1.0000000
119	22101.9980	22822.000	-123.00000	0.0	0.0	220.0	1.0000000
119	21831.0098	22603.529	-123.00000	0.0	0.0	-5.0	1.0000000
47	21750.0000	21550.000	-50.00000	0.0	0.0	180.0	1.0000000
47	20750.0000	22250.000	-50.00000	0.0	0.0	90.0	1.0000000
119	20457.1289	21345.637	-123.00000	0.0	0.0	85.0	1.0000000
119	20362.0000	21187.998	-123.00000	0.0	0.0	265.0	1.0000000
119	20326.0000	21639.000	-123.00000	0.0	0.0	220.0	1.0000000
128	20173.9199	21531.721	-0.23939	0.0	0.0	0.0	0.8000000
123	22876.9004	20814.121	-221.13715	0.0	0.0	45.0	0.5000000
76	22644.5098	20027.910	-9.68176	0.0	0.0	-370.0	0.2500000
60	22057.0000	19753.170	-375.00000	0.0	0.0	0.0	1.0000000
60	21324.0000	19667.000	-375.00000	0.0	0.0	0.0	1.0000000
119	20521.0000	21062.000	-123.00000	0.0	0.0	-5.0	1.0000000
119	20706.0000	21164.000	-123.00000	0.0	0.0	130.0	1.0000000
119	20195.5098	20868.697	-123.00000	0.0	0.0	265.0	1.0000000
6	19544.9805	19834.424	-6.16853	0.0	0.0	0.0	2.0000000
6	19740.5020	19829.764	-6.16853	0.0	0.0	0.0	2.0000000
60	18769.3887	24557.869	-36.24000	0.0	0.0	0.0	1.0000000
53	16493.0000	24550.924	-426.00003	0.0	0.0	0.0	2.5000000
129	16823.0645	22900.596	-123.00000	30.0	0.0	400.0	2.0999999
53	15089.9004	24469.590	-426.00003	0.0	0.0	0.0	2.5000000
53	14710.3271	24581.240	-426.00003	0.0	0.0	-10.0	2.5000000
53	12720.0000	24515.998	-426.00003	0.0	0.0	20.0	2.5000000
60	13057.0010	24348.992	-945.00000	0.0	0.0	0.0	1.0000000
60	12764.9990	23936.000	-945.00000	0.0	0.0	0.0	1.0000000
60	12650.9990	23445.000	-945.00000	0.0	0.0	0.0	1.0000000
123	17975.9590	21734.260	-311.51999	0.0	0.0	45.0	0.6000000
6	17821.5625	21234.916	-4.60117	0.0	0.0	-90.0	2.0000000
6	17825.0801	21428.832	-4.60117	0.0	0.0	-90.0	2.0000000
59	17090.2109	22465.600	-47.00000	0.0	0.0	35.0	1.0000000
59	17163.6289	22519.961	-47.00000	0.0	0.0	35.0	1.0000000
65	16932.6699	22571.080	-22.69574	0.0	0.0	0.0	0.8000000
129	17155.0254	22487.768	-57.76386	0.0	0.0	400.0	2.0999999
24	17491.6406	22253.609	-319.98383	0.0	0.0	45.0	0.6000000
60	17552.2891	22317.420	-346.15668	0.0	0.0	0.0	1.0000000
59	16929.8203	22353.059	-47.00000	0.0	0.0	35.0	1.0000000
59	17016.3301	22402.270	-47.00000	0.0	0.0	35.0	1.0000000
129	17014.4961	22390.033	-57.76386	0.0	0.0	400.0	2.0999999
129	16578.3301	22693.568	-123.00000	30.0	0.0	400.0	2.0999999
89	16792.0000	22650.000	-50.00000	0.0	0.0	215.9	2.5000000
59	16851.9980	22290.000	-47.00000	0.0	0.0	35.0	1.0000000
129	16867.2266	22282.590	-57.76386	0.0	0.0	400.0	2.0999999
53	16951.0508	22146.436	-1001.99994	0.0	0.0	396.0	2.5000000
53	17094.4473	22250.115	-1001.99994	0.0	0.0	396.0	2.5000000
53	17235.5078	22352.188	-1001.99994	0.0	0.0	396.0	2.5000000
24	16918.5586	21933.629	-183.99998	0.0	0.0	225.0	0.7000000
60	17125.6992	21634.553	-65.38000	0.0	0.0	0.0	1.0000000
60	17029.5723	21236.227	-379.22192	0.0	0.0	0.0	1.0000000
47	19400.0000	20900.000	-50.00000	0.0	0.0	225.0	1.0000000
126	19178.0000	20331.000	-34.00000	-40.0	0.0	0.0	1.9000000
6	17817.2461	21057.236	-4.60000	0.0	0.0	-90.0	2.0000000
112	18012.6074	20766.459	-42.37450	0.0	0.0	535.0	2.0000000
126	19121.0000	20312.000	-34.00000	-45.0	0.0	-135.0	2.0999999
6	19349.8496	19836.945	-6.16853	0.0	0.0	0.0	2.0000000
24	16958.3711	21029.201	-96.00000	0.0	0.0	90.0	0.7000000
24	17172.1367	20814.992	-307.94913	0.0	0.0	-90.0	0.6000000
60	17151.3555	20687.539	-105.50187	0.0	0.0	0.0	1.0000000
60	17320.7598	20188.238	-183.14455	0.0	0.0	0.0	1.0000000
60	17695.5977	19663.943	-225.13339	0.0	0.0	0.0	1.0000000
60	16838.3535	19728.121	-99.78237	0.0	0.0	0.0	1.0000000
60	14005.0000	22239.000	-944.99988	0.0	0.0	0.0	1.0000000
60	12681.3496	22259.148	-945.00000	0.0	0.0	0.0	1.0000000
24	13542.3008	21714.930	-179.96681	0.0	0.0	180.0	0.8000000
60	13564.1924	21676.760	-945.00000	0.0	0.0	0.0	1.0000000
60	13986.4502	21375.600	-945.00000	0.0	0.0	0.0	1.0000000
60	12955.7695	21732.830	-945.00000	0.0	0.0	0.0	1.0000000
60	12793.9990	21243.000	-945.00000	0.0	0.0	0.0	1.0000000
60	14661.0000	20536.000	-945.00000	0.0	0.0	0.0	1.0000000
60	14717.0000	19947.000	-945.00000	0.0	0.0	0.0	1.0000000
60	15023.1904	19521.270	-945.00000	0.0	0.0	0.0	1.0000000
60	14327.0000	20958.000	-945.00000	0.0	0.0	0.0	1.0000000
60	25154.5996	19294.260	-770.77887	0.0	0.0	0.0	1.0000000
76	24766.2773	18903.961	-0.72386	0.0	0.0	90.0	0.1500000
60	25086.9453	18612.811	-770.77887	0.0	0.0	0.0	1.0000000
60	24980.5762	17917.811	-770.77997	0.0	0.0	0.0	1.0000000
76	24553.4199	18956.379	-15.29000	0.0	0.0	-320.0	0.1500000
77	23328.1387	19054.760	-70.29364	-10.0	0.0	90.0	0.3000000
77	23398.2188	18971.750	-50.86325	-10.0	0.0	135.0	0.6000000
77	23340.0391	18914.000	-24.90418	-10.0	0.0	225.0	0.3000000
60	23023.0410	18715.998	-375.00000	0.0	0.0	0.0	1.0000000
60	25045.5293	17193.613	-770.77997	0.0	0.0	0.0	1.0000000
60	24975.5996	16466.439	-775.28003	0.0	0.0	0.0	1.0000000
105	24183.8965	17261.070	-11.59098	0.0	0.0	45.0	1.0000000
47	24000.0000	17075.000	-50.00000	0.0	0.0	135.0	1.0000000
77	23060.8301	17761.859	-71.00000	-15.0	0.0	65.0	0.3000000
77	22971.5996	17706.699	-52.71633	-15.0	0.0	110.0	0.2000000
123	24540.9980	16518.000	-309.00000	0.0	0.0	-90.0	0.6000000
47	23800.0000	16825.000	-50.00000	0.0	0.0	90.0	1.0000000
123	24454.7402	16456.230	-55.90651	0.0	0.0	-45.0	0.5000000
76	24258.6602	16094.899	-1.64000	0.0	0.0	35.0	0.2000000
123	24140.9980	16134.000	-309.00000	0.0	0.0	-90.0	0.6000000
119	23111.0000	16108.000	-123.00000	0.0	0.0	130.0	1.0000000
60	22786.2598	19342.209	-375.00000	0.0	0.0	0.0	1.0000000
60	22188.9395	19093.199	-375.00000	0.0	0.0	0.0	1.0000000
60	21654.6289	19226.391	-375.00000	0.0	0.0	0.0	1.0000000
60	22545.1699	18433.129	-375.00000	0.0	0.0	0.0	1.0000000
60	22828.0000	18075.000	-180.00000	0.0	0.0	0.0	1.0000000
60	20689.0000	19364.000	-375.00000	0.0	0.0	0.0	1.0000000
60	19530.0176	19138.180	-274.87250	0.0	0.0	0.0	1.0000000
39	20204.3594	19226.357	-646.00000	0.0	0.0	0.0	6.7199998
60	22345.7793	17674.209	-150.00000	0.0	0.0	0.0	1.0000000
123	22683.4570	17105.297	-312.97000	0.0	0.0	-90.0	0.6000000
60	22027.5000	16944.600	-27.14806	0.0	0.0	0.0	1.0000000
60	21413.5078	16510.520	-150.00000	0.0	0.0	0.0	1.0000000
77	21782.5195	16396.199	-88.77347	-10.0	0.0	135.0	0.4000000
60	25054.2383	15381.479	-222.42000	0.0	0.0	0.0	1.0000000
60	24524.8203	16035.558	-770.77997	0.0	0.0	0.0	1.0000000
105	23973.0000	15381.000	-12.00000	0.0	0.0	0.0	1.0000000
105	24027.4590	15270.760	-27.00000	10.0	0.0	45.0	1.5000000
60	24394.5586	15449.669	-770.77997	0.0	0.0	0.0	1.0000000
119	23090.0000	15945.000	-123.00000	0.0	0.0	85.0	1.0000000
119	22898.2695	15918.340	-123.00000	0.0	0.0	175.0	1.0000000
119	23101.8164	15693.430	-123.00000	0.0	0.0	40.0	1.0000000
119	22901.0703	15724.820	-123.00000	0.0	0.0	-50.0	1.0000000
105	24115.1602	15168.308	-55.39000	0.0	0.0	0.0	2.0999999
76	24035.0000	14889.000	-17.00000	0.0	0.0	40.0	0.2000000
60	24235.1172	14766.819	-770.77997	0.0	0.0	0.0	1.0000000
6	23080.4863	14712.652	-5.07214	0.0	0.0	0.0	2.0000000
60	24677.0684	14182.260	-452.25000	0.0	0.0	0.0	1.0000000
60	25183.9102	13572.079	-448.00000	0.0	0.0	0.0	1.0000000
60	24867.6895	12786.599	-448.00000	0.0	0.0	0.0	1.0000000
60	23781.8789	14182.791	-770.77887	0.0	0.0	0.0	1.0000000
60	23257.5898	14166.989	-540.72406	0.0	0.0	0.0	1.0000000
48	23884.0000	13464.999	-40.00000	0.0	0.0	0.0	1.6000000
60	24474.3086	13342.290	-448.00000	0.0	0.0	0.0	1.0000000
69	24500.0996	12741.140	-55.11544	0.0	0.0	-315.0	2.0000000
53	23433.0000	12852.666	-934.00000	0.0	0.0	-25.0	2.5000000
59	23438.9883	12854.308	-2759.00000	0.0	0.0	55.0	2.3000000
124	21450.4004	16040.069	-13.39158	45.0	0.0	-405.0	0.7000000
76	22660.0391	14817.521	-17.00000	0.0	0.0	40.0	0.2000000
123	22365.0000	15025.998	-309.00000	0.0	0.0	-90.0	0.6000000
76	22441.1309	14824.449	-17.00000	0.0	0.0	-50.0	0.2000000
60	22130.8770	14765.760	-382.79071	0.0	0.0	0.0	1.0000000
60	21543.0000	14964.000	-184.99998	0.0	0.0	0.0	1.0000000
60	20807.4609	16022.319	-96.84953	0.0	0.0	0.0	1.0000000
60	20932.0000	15250.000	-143.00000	0.0	0.0	0.0	1.0000000
60	22569.4160	14181.489	-447.78061	0.0	0.0	0.0	1.0000000
60	22569.0000	14181.000	-448.00000	0.0	0.0	0.0	1.0000000
60	22123.0000	13711.759	-114.03433	0.0	0.0	0.0	1.0000000
69	22188.5566	13337.250	-40.15897	0.0	0.0	-360.0	2.0000000
60	21601.9395	13240.530	-143.00000	0.0	0.0	0.0	1.0000000
53	22835.0000	12828.000	-935.00006	0.0	0.0	35.0	2.5000000
59	22831.5098	12830.589	-2759.00000	0.0	0.0	55.0	2.3000000
39	18742.0000	19159.000	-646.00000	0.0	0.0	0.0	6.7199998
60	18307.0000	19449.000	-398.92355	0.0	0.0	0.0	1.0000000
60	16227.6475	19421.877	-682.74463	0.0	0.0	0.0	1.0000000
60	16611.4590	17660.820	-15.28087	0.0	0.0	0.0	1.0000000
51	16269.0000	16582.000	-30.00000	0.0	0.0	-270.0	0.6000000
51	16531.0000	16412.998	-30.00000	0.0	0.0	-270.0	0.6000000
9	16151.0303	16092.729	-12.00000	0.0	0.0	140.0	2.0000000
39	16650.0000	16900.000	-950.00000	0.0	0.0	-180.0	10.0000000
39	15472.9902	18766.006	-503.50696	0.0	0.0	-270.0	7.0000000
60	15414.9990	19034.000	-945.00000	0.0	0.0	0.0	1.0000000
60	14797.0000	18200.000	-454.00000	0.0	0.0	0.0	1.0000000
39	15350.0000	17850.000	-950.00000	0.0	0.0	-270.0	10.0000000
60	13127.0000	18930.000	-454.00003	0.0	0.0	0.0	1.0000000
60	13642.9990	18409.000	-454.00003	0.0	0.0	0.0	1.0000000
60	14148.0000	17778.000	-454.00000	0.0	0.0	0.0	1.0000000
51	15175.9980	17380.000	-30.00000	0.0	0.0	-270.0	0.6000000
51	14962.9990	17612.998	-30.00000	0.0	0.0	-270.0	0.6000000
60	14883.1807	17533.580	-454.00000	0.0	0.0	0.0	1.0000000
9	14893.2891	16982.027	-12.00000	0.0	0.0	155.0	2.0000000
9	14541.0000	17141.000	-12.00000	0.0	0.0	155.0	2.0000000
9	14413.2695	17180.869	-12.00000	0.0	0.0	170.0	2.0000000
9	14719.4092	17060.910	-12.00000	0.0	0.0	155.0	2.0000000
148	15633.8955	16546.949	-29.29000	-15.0	0.0	45.0	1.8000000
9	15586.6299	16595.760	-12.00000	0.0	0.0	150.0	2.0000000
9	15414.0293	16696.299	-12.00000	0.0	0.0	150.0	2.0000000
9	15235.5303	16808.010	-12.00000	0.0	0.0	145.0	2.0000000
9	15727.9189	16488.430	-12.00000	0.0	0.0	135.0	2.0000000
9	16003.6504	16212.140	-17.83154	0.0	0.0	140.0	2.0000000
9	15853.3887	16347.979	-17.84995	0.0	0.0	135.0	2.0000000
9	15233.9297	16114.879	-26.00000	0.0	0.0	-120.0	2.0000000
9	15066.3682	16901.070	-12.00000	0.0	0.0	155.0	2.0000000
9	14753.1299	16517.971	-26.00002	0.0	0.0	-30.0	2.0000000
9	15164.6191	16300.699	-26.00000	0.0	0.0	-30.0	2.0000000
9	14907.4893	16436.930	-26.00000	0.0	0.0	-30.0	2.0000000
9	15049.9395	16360.010	-26.00000	0.0	0.0	-30.0	2.0000000
80	14684.1094	16139.160	-3.03214	0.0	0.0	105.0	0.3000000
9	14400.9658	16155.000	-26.00000	0.0	0.0	60.0	2.0000000
9	14484.8408	16312.689	-26.00000	0.0	0.0	60.0	2.0000000
9	14570.0986	16466.750	-26.00000	0.0	0.0	60.0	2.0000000
89	14816.0000	16112.999	-440.00000	0.0	0.0	-210.0	2.5200000
9	14246.8594	17022.049	-12.00000	0.0	0.0	260.0	2.0000000
11	14300.0000	17186.000	-18.00000	0.0	0.0	220.0	2.0000000
11	14330.5391	17196.420	-18.00000	0.0	0.0	190.0	2.0000000
11	14278.4590	17152.090	-18.00000	0.0	0.0	255.0	2.0000000
60	13348.7197	17199.590	-454.00000	0.0	0.0	0.0	1.0000000
9	14202.7500	16846.230	-12.00000	0.0	0.0	257.0	2.0000000
9	14146.2891	16662.447	-12.00000	0.0	0.0	250.0	2.0000000
9	14061.2334	16494.205	-12.00000	0.0	0.0	245.0	2.0000000
60	13835.4004	16694.688	-454.00000	0.0	0.0	0.0	1.0000000
9	13962.5195	16342.027	-12.00000	0.0	0.0	240.0	2.0000000
9	14083.3896	16063.710	-16.00000	0.0	0.0	-25.0	2.0000000
9	13922.6787	16137.704	-16.00037	0.0	0.0	-20.0	2.0000000
9	13874.1895	16219.181	-12.00000	0.0	0.0	235.0	2.0000000
11	13864.1094	16146.370	-18.00000	0.0	0.0	285.0	2.0000000
11	13843.7100	16168.899	-18.00000	0.0	0.0	270.0	2.0000000
60	12976.3398	16584.859	-454.00000	0.0	0.0	0.0	1.0000000
51	17377.5000	15229.449	-30.00000	0.0	0.0	-270.0	0.6000000
51	17109.0000	15386.000	-30.00000	0.0	0.0	-270.0	0.6000000
9	16526.6602	15675.108	-12.00000	0.0	0.0	120.0	2.0000000
156	16316.5801	16024.289	-1.47000	0.0	0.0	-405.0	1.7000000
9	16413.5801	15826.120	-12.00000	0.0	0.0	130.0	2.0000000
9	16286.5293	15970.020	-12.00000	0.0	0.0	130.0	2.0000000
76	16743.8301	15445.790	-10.39000	0.0	0.0	-730.0	0.1700000
9	16722.4199	15356.839	-12.00000	0.0	0.0	120.0	2.0000000
9	16626.1797	15517.779	-12.00000	0.0	0.0	120.0	2.0000000
71	16417.0000	15500.000	-7.00000	0.0	0.0	0.0	0.8000000
9	16213.7100	15274.170	-26.00000	0.0	0.0	-1140.0	2.0000000
39	17600.0000	15600.000	-950.00000	0.0	0.0	45.0	10.0000000
9	17023.0000	14902.000	-17.00000	0.0	0.0	112.0	2.0000000
9	16940.0703	15047.339	-12.00000	0.0	0.0	120.0	2.0000000
76	17311.0000	14398.000	-45.32790	0.0	0.0	-730.0	0.1500000
9	17094.4980	14725.229	-17.07115	0.0	0.0	110.0	2.0000000
9	17241.8711	14363.660	-12.00000	0.0	0.0	110.0	2.0000000
9	17167.1484	14545.090	-12.00000	0.0	0.0	110.0	2.0000000
9	16835.9805	15189.169	-12.00000	0.0	0.0	130.0	2.0000000
9	16297.5996	15140.219	-26.00000	0.0	0.0	-1140.0	2.0000000
9	16373.1006	15007.489	-26.00000	0.0	0.0	-1140.0	2.0000000
9	16452.5703	14891.710	-26.00000	0.0	0.0	-1140.0	2.0000000
9	16205.4004	14595.223	-26.00000	0.0	0.0	-875.0	2.0000000
9	16355.0000	14675.000	-26.00000	0.0	0.0	-870.0	2.0000000
39	18200.0000	14050.000	-950.00000	0.0	0.0	-45.0	10.0000000
51	17743.0000	14203.000	-30.00000	0.0	0.0	-270.0	0.6000000
9	17329.3008	14022.090	-12.00000	0.0	0.0	95.0	2.0000000
9	17289.2988	14195.689	-12.00000	0.0	0.0	100.0	2.0000000
9	17364.8477	13688.069	-12.00000	0.0	0.0	90.0	2.0000000
9	17369.9902	13532.812	-12.00000	0.0	0.0	90.0	2.0000000
9	17357.0801	13845.128	-12.00000	0.0	0.0	95.0	2.0000000
51	17637.9980	13820.000	-30.00000	0.0	0.0	-270.0	0.6000000
9	16921.8203	13679.620	-26.00000	0.0	0.0	-75.0	2.0000000
9	16083.0000	13989.999	-15.17713	0.0	0.0	-70.0	2.0000000
9	16611.6992	13799.930	-26.00000	0.0	0.0	-710.0	2.0000000
9	16777.3496	13823.310	-26.00000	0.0	0.0	-710.0	2.0000000
71	16280.5098	13920.760	-10.82329	0.0	0.0	0.0	1.0000000
9	16248.2998	13740.440	-26.00000	0.0	0.0	-10.0	2.0000000
9	16442.0000	13771.001	-26.00000	0.0	0.0	-710.0	2.0000000
9	16159.0000	13787.999	-12.00000	0.0	0.0	-70.0	2.0000000
59	16270.6299	13594.540	-463.00000	0.0	0.0	0.0	1.0000000
129	16253.9990	13578.999	-450.00000	0.0	0.0	-75.0	2.0999999
53	16092.7686	13583.702	-1392.99988	0.0	0.0	-80.0	2.5000000
9	17375.8398	13370.877	-12.00000	0.0	0.0	90.0	2.0000000
9	17380.0000	13183.152	-12.00000	0.0	0.0	90.0	2.0000000
9	16996.2305	13324.899	-26.00000	0.0	0.0	-75.0	2.0000000
9	16958.0898	13502.290	-26.00000	0.0	0.0	-75.0	2.0000000
7	17464.0000	12910.001	-3.00000	0.0	0.0	-720.0	8.3299999
9	17381.2305	13019.879	-12.00000	0.0	0.0	90.0	2.0000000
37	17583.0000	12896.001	-12.00000	0.0	0.0	-180.0	8.0000000
9	17384.0000	12821.265	-22.00000	0.0	0.0	90.0	2.0000000
27	17464.0996	12650.000	-25.79505	0.0	0.0	-90.0	3.5000000
9	17389.0000	12650.000	-22.00000	0.0	0.0	90.0	2.0000000
9	16567.3887	13137.819	-26.00000	0.0	0.0	-165.0	2.0000000
9	16737.3984	13182.649	-26.00000	0.0	0.0	-165.0	2.0000000
9	16905.4590	13225.920	-26.00000	0.0	0.0	-165.0	2.0000000
71	16451.0898	13450.431	-6.82000	0.0	0.0	0.0	1.0000000
101	16228.9199	13248.630	-0.57476	0.0	0.0	0.0	1.0000000
89	16626.9980	13452.000	-440.00000	0.0	0.0	-260.0	2.5200000
59	16283.7100	13489.811	-463.00000	0.0	0.0	0.0	1.0000000
59	16303.9902	13395.500	-463.00000	0.0	0.0	0.0	1.0000000
59	16321.8203	13298.129	-463.00000	0.0	0.0	0.0	1.0000000
59	16336.7891	13204.950	-463.00000	0.0	0.0	0.0	1.0000000
129	16336.4990	13218.020	-450.00000	0.0	0.0	-75.0	2.0999999
129	16293.3457	13379.742	-450.00000	0.0	0.0	-75.0	2.0999999
9	16391.0000	13072.000	-26.00000	0.0	0.0	210.0	2.0000000
9	16335.0010	13000.999	-12.00000	0.0	0.0	-90.0	2.0000000
9	16342.3311	12814.437	-25.75080	0.0	0.0	-90.0	2.0000000
27	16239.0000	12653.000	-23.33368	0.0	0.0	90.0	3.5000000
53	16166.0000	13172.000	-1392.99988	0.0	0.0	-80.0	2.5000000
53	16118.0068	13440.213	-1392.99988	0.0	0.0	-80.0	2.5000000
53	16142.3916	13303.664	-1392.99988	0.0	0.0	-80.0	2.5000000
59	16075.7842	13604.352	-3259.99976	0.0	0.0	120.0	2.2000000
59	16118.3438	13457.692	-3259.99976	0.0	0.0	120.0	2.2000000
59	16137.3643	13320.372	-3259.99976	0.0	0.0	120.0	2.2000000
59	16172.5039	13153.583	-3259.99976	0.0	0.0	120.0	2.2000000
9	15871.0400	15277.010	-26.00000	0.0	0.0	-1050.0	2.0000000
9	16021.8906	15355.229	-26.00000	0.0	0.0	-1050.0	2.0000000
9	15335.0010	15275.998	-17.00000	0.0	0.0	-48.0	2.0000000
71	14874.4795	15686.580	-12.00000	0.0	0.0	0.0	0.9000000
91	14858.3027	15845.000	-8.51698	15.0	0.0	90.0	1.9000000
9	15144.8301	15961.580	-26.00000	0.0	0.0	-120.0	2.0000000
9	14983.4062	15652.314	-26.00000	0.0	0.0	-105.0	2.0000000
9	15054.1719	15797.299	-26.00000	0.0	0.0	-120.0	2.0000000
148	14778.2988	15853.450	-36.81438	-15.0	0.0	135.0	1.8000000
59	14865.0303	15712.289	-463.00000	0.0	0.0	0.0	1.0000000
129	14828.0000	15718.930	-450.00000	0.0	0.0	-28.0	2.0999999
59	14454.3291	15944.170	-463.00000	0.0	0.0	0.0	1.0000000
59	14553.9199	15884.819	-463.00000	0.0	0.0	0.0	1.0000000
59	14659.9287	15829.147	-459.45996	0.0	0.0	0.0	1.0000000
59	14761.1104	15768.989	-463.00000	0.0	0.0	0.0	1.0000000
129	14475.1553	15909.042	-450.00000	0.0	0.0	-25.0	2.0999999
129	14662.2695	15815.875	-450.00000	0.0	0.0	-25.0	2.0999999
9	15008.9492	15569.940	-12.00000	0.0	0.0	-40.0	2.0000000
9	15174.0010	15433.000	-17.00000	0.0	0.0	-40.0	2.0000000
53	14505.2979	15711.616	-1392.99988	0.0	0.0	-30.0	2.5000000
53	14372.0000	15788.664	-1392.99988	0.0	0.0	-30.0	2.5000000
53	14766.8789	15560.720	-1392.99988	0.0	0.0	-30.0	2.5000000
53	14637.9990	15635.001	-1392.99988	0.0	0.0	-30.0	2.5000000
9	15726.4375	15193.689	-26.00000	0.0	0.0	-1050.0	2.0000000
9	15464.9688	15124.330	-14.00000	0.0	0.0	-48.0	2.0000000
9	15554.5625	15119.604	-26.00000	0.0	0.0	-705.0	2.0000000
89	16033.6094	14940.695	-440.00000	0.0	0.0	-240.0	2.5200000
59	15642.2822	14969.479	-463.00000	0.0	0.0	0.0	1.0000000
59	15702.4785	14863.729	-463.00000	0.0	0.0	0.0	1.0000000
129	15625.4346	14954.090	-450.00000	0.0	0.0	-60.0	2.0999999
76	15842.7900	14653.038	-51.16579	0.0	0.0	-820.0	0.1700000
9	16058.6201	14511.029	-26.00000	0.0	0.0	-875.0	2.0000000
9	15946.3887	14428.988	-26.00000	0.0	0.0	-855.0	2.0000000
9	15923.2998	14374.900	-12.00000	0.0	0.0	-65.0	2.0000000
59	15820.0000	14661.000	-463.00000	0.0	0.0	0.0	1.0000000
129	15847.0000	14570.000	-450.00000	0.0	0.0	-60.0	2.0999999
59	15767.4502	14761.909	-463.00000	0.0	0.0	0.0	1.0000000
59	15870.9004	14561.070	-463.00000	0.0	0.0	0.0	1.0000000
129	15734.0391	14759.874	-450.00000	0.0	0.0	-60.0	2.0999999
53	15476.3506	14899.981	-1392.99988	0.0	0.0	-60.0	2.5000000
53	15713.1270	14490.006	-1392.99988	0.0	0.0	-60.0	2.5000000
53	15555.7803	14762.381	-1392.99988	0.0	0.0	-60.0	2.5000000
53	15634.5488	14625.999	-1392.99988	0.0	0.0	-60.0	2.5000000
51	13958.0996	15654.318	-4.00000	-10.0	0.0	-45.0	0.7000000
9	14313.6670	16016.000	-26.00000	0.0	0.0	50.0	2.0000000
9	14258.1299	15973.850	-12.00000	0.0	0.0	-25.0	2.0000000
51	13998.3994	15826.649	-133.00000	-10.0	0.0	-45.0	0.5000000
57	13845.0000	15624.739	-225.63000	0.0	0.0	45.0	5.0000000
57	13710.6992	15603.130	-37.00000	0.0	0.0	45.0	3.0000000
60	13375.4990	16020.350	-454.00000	0.0	0.0	0.0	1.0000000
57	13185.2314	15399.409	-65.28513	0.0	0.0	45.0	3.0000000
125	12696.6084	15457.919	-496.00000	0.0	0.0	495.0	1.1000000
57	12972.4443	15353.000	-807.57867	0.0	0.0	45.0	2.0000000
39	13542.6494	15476.460	-950.00000	0.0	0.0	-148.0	10.0000000
39	12683.3574	15455.518	-1452.00000	0.0	0.0	-148.0	10.0000000
57	13591.0000	15142.000	-162.00000	0.0	0.0	45.0	2.5000000
57	13479.0928	15108.534	-99.63083	0.0	0.0	45.0	3.0000000
60	13109.9590	14991.849	-454.00000	0.0	0.0	0.0	1.0000000
57	12760.2295	15140.470	-687.56000	0.0	0.0	45.0	5.0000000
129	12885.0010	14411.000	-683.00000	0.0	0.0	170.0	1.5000000
129	12756.0000	14425.999	-683.00000	0.0	0.0	175.0	1.5000000
129	13012.9990	14387.999	-683.00000	0.0	0.0	170.0	1.5000000
53	13394.0000	14372.003	-1428.00000	0.0	0.0	-205.0	2.0000000
53	13032.0010	14496.303	-1428.00000	0.0	0.0	-195.0	2.0000000
59	14372.1035	15806.073	-3259.99976	0.0	0.0	120.0	2.2000000
59	14509.7051	15697.603	-3259.99976	0.0	0.0	120.0	2.2000000
59	14775.9951	15553.651	-3259.99976	0.0	0.0	120.0	2.2000000
59	14646.1943	15622.673	-3259.99976	0.0	0.0	120.0	2.2000000
60	15143.9990	14439.000	-2105.00000	0.0	0.0	0.0	1.0000000
59	15475.2285	14891.219	-3259.99976	0.0	0.0	120.0	2.2000000
59	15636.9385	14619.438	-3259.99976	0.0	0.0	120.0	2.2000000
59	15720.9287	14483.189	-3259.99976	0.0	0.0	120.0	2.2000000
59	15550.9082	14770.158	-3259.99976	0.0	0.0	120.0	2.2000000
60	14094.1494	15159.890	-2105.00000	0.0	0.0	0.0	1.0000000
76	15941.7695	14242.009	-20.82000	0.0	0.0	-775.0	0.1700000
9	16010.4004	14187.999	-16.24768	0.0	0.0	-65.0	2.0000000
51	15748.8984	14087.149	-40.51000	-10.0	0.0	0.0	0.6000000
51	15579.1475	13845.439	-48.97000	-10.0	0.0	90.0	0.5000000
57	15666.9492	13486.009	-32.60000	0.0	0.0	45.0	3.0000000
60	15769.2197	13219.809	-300.00000	0.0	0.0	0.0	1.0000000
57	15633.0000	13295.000	-143.00000	0.0	0.0	45.0	4.0000000
57	15302.9404	13106.771	-53.39439	0.0	0.0	45.0	3.0000000
129	14372.0000	13107.001	-683.00000	0.0	0.0	105.0	1.5000000
60	15180.0000	12952.000	-300.00000	0.0	0.0	0.0	1.0000000
129	14422.0000	12811.000	-683.00000	0.0	0.0	95.0	1.5000000
129	14402.0000	12961.000	-683.00000	0.0	0.0	100.0	1.5000000
39	15345.0000	13460.001	-950.00000	0.0	0.0	-238.0	10.0000000
53	14441.7754	13246.280	-1428.00000	0.0	0.0	-250.0	2.0000000
53	14533.0000	12866.000	-1428.00000	0.0	0.0	-270.0	2.0000000
129	13789.0000	14003.999	-683.00000	0.0	0.0	140.0	1.5000000
129	13674.0010	14095.000	-683.00000	0.0	0.0	145.0	1.5000000
129	13550.0000	14174.001	-683.00000	0.0	0.0	150.0	1.5000000
129	14185.0010	13536.000	-683.00000	0.0	0.0	120.0	1.5000000
129	14100.9990	13664.999	-683.00000	0.0	0.0	125.0	1.5000000
129	14002.0000	13787.999	-683.00000	0.0	0.0	130.0	1.5000000
129	13902.0000	13900.000	-683.00000	0.0	0.0	135.0	1.5000000
129	13403.0000	14247.000	-683.00000	0.0	0.0	155.0	1.5000000
129	13267.9990	14305.000	-683.00000	0.0	0.0	160.0	1.5000000
129	13137.0000	14347.000	-683.00000	0.0	0.0	165.0	1.5000000
2	13131.6777	13995.000	-698.00000	0.0	0.0	-290.0	7.9000001
73	12829.6406	13972.778	-550.00000	0.0	0.0	80.0	0.7000000
142	13074.0010	13950.999	-662.00000	0.0	0.0	-80.0	0.7000000
129	13353.9990	13539.999	-673.00000	0.0	0.0	682.0	1.5000000
129	13217.9990	13632.001	-673.00000	0.0	0.0	690.0	1.5000000
129	12738.0000	13785.001	-673.00000	0.0	0.0	714.0	1.5000000
129	13062.9990	13705.385	-672.00000	0.0	0.0	698.0	1.5000000
129	12903.0000	13754.521	-672.00000	0.0	0.0	706.0	1.5000000
53	13735.0010	14181.678	-1428.00000	0.0	0.0	-215.0	2.0000000
53	14037.9990	13912.000	-1428.00000	0.0	0.0	-230.0	2.0000000
53	14267.8896	13607.020	-1428.00000	0.0	0.0	-240.0	2.0000000
53	12932.5957	13628.093	-1428.00000	0.0	0.0	-17.0	2.0000000
129	14325.0000	13259.000	-683.00000	0.0	0.0	110.0	1.5000000
129	14257.0010	13402.000	-683.00000	0.0	0.0	115.0	1.5000000
129	13639.4746	13179.726	-672.00000	0.0	0.0	658.0	1.5000000
129	13564.9990	13312.999	-672.00000	0.0	0.0	666.0	1.5000000
2	13885.0010	13362.000	-698.00000	0.0	0.0	30.0	7.9699998
129	13760.0010	12864.000	-673.00000	0.0	0.0	642.0	1.5000000
129	13710.8340	13025.999	-672.00000	0.0	0.0	650.0	1.5000000
129	13785.0010	12705.000	-672.00000	0.0	0.0	634.0	1.5000000
129	13468.4980	13428.546	-672.00000	0.0	0.0	674.0	1.5000000
60	13042.0000	13020.999	-146.99998	0.0	0.0	0.0	1.0000000
53	13627.6885	12904.283	-1428.00000	0.0	0.0	-77.0	2.0000000
53	13370.5186	13366.000	-1428.00000	0.0	0.0	-48.0	2.0000000
60	12828.0000	13294.000	-1394.00000	0.0	0.0	0.0	1.0000000
64	12650.0000	12650.000	-1998.00000	0.0	0.0	0.0	15.0000000
53	11448.1152	24673.279	-426.00003	0.0	0.0	0.0	2.5000000
53	9598.5430	24608.812	-426.00003	0.0	0.0	0.0	2.5000000
60	12600.6953	24421.062	-17.37590	0.0	0.0	0.0	1.0000000
60	12508.2949	24367.895	-945.00000	0.0	0.0	0.0	1.0000000
53	10546.9707	24375.270	-426.00003	0.0	0.0	0.0	2.5000000
60	6023.0000	24609.000	-562.99994	0.0	0.0	0.0	1.0000000
53	8673.0000	24337.000	-426.00003	0.0	0.0	0.0	2.5000000
53	8059.2202	24546.570	-425.99997	0.0	0.0	-25.0	2.5000000
60	12543.9990	22849.000	-945.00000	0.0	0.0	0.0	1.0000000
60	6014.0000	22626.998	-562.99994	0.0	0.0	0.0	1.0000000
139	5927.9600	22363.543	-77.90860	0.0	0.0	0.0	1.4000000
64	5925.3999	22366.994	-530.46509	0.0	0.0	0.0	5.0000000
60	6280.0000	21923.000	-562.99994	0.0	0.0	0.0	1.0000000
65	6151.8398	20865.551	-75.20000	0.0	0.0	45.0	1.0000000
60	6132.4497	20823.629	-562.99994	0.0	0.0	0.0	1.0000000
60	6259.0000	20126.000	-562.99994	0.0	0.0	0.0	1.0000000
60	5985.0000	19509.000	-562.99994	0.0	0.0	0.0	1.0000000
60	4975.0000	24693.000	-562.99994	0.0	0.0	0.0	1.0000000
60	4437.9995	25201.998	-562.99994	0.0	0.0	0.0	1.0000000
39	4180.0000	24856.789	-635.99994	0.0	0.0	90.0	7.0000000
60	3734.0000	24740.000	-562.99994	0.0	0.0	0.0	1.0000000
60	5669.9995	23770.000	-562.99994	0.0	0.0	0.0	1.0000000
60	4281.0000	24514.000	-562.99994	0.0	0.0	0.0	1.0000000
60	5253.9995	23087.998	-562.99994	0.0	0.0	0.0	1.0000000
60	4583.0000	23642.000	-562.99994	0.0	0.0	0.0	1.0000000
60	3075.0000	24518.998	-562.99994	0.0	0.0	0.0	1.0000000
60	4000.9998	23672.000	-562.99994	0.0	0.0	0.0	1.0000000
60	3149.0000	23668.000	-562.99994	0.0	0.0	0.0	1.0000000
60	2426.0000	23554.998	-562.99994	0.0	0.0	0.0	1.0000000
60	2892.0000	23229.998	-562.99994	0.0	0.0	0.0	1.0000000
60	1898.0000	25259.000	-562.99994	0.0	0.0	0.0	1.0000000
64	916.8387	25258.000	-635.01294	0.0	0.0	0.0	4.5000000
60	1069.0000	25223.000	-562.99994	0.0	0.0	0.0	1.0000000
24	1142.0000	24751.314	-197.99998	0.0	0.0	-360.0	1.0000000
60	664.4778	25115.607	-40.95612	0.0	0.0	0.0	1.0000000
44	216.5300	25168.928	-252.00000	0.0	0.0	60.0	2.9000001
60	250.0000	25073.000	-562.99994	0.0	0.0	0.0	1.0000000
60	651.8700	24665.328	-296.03653	0.0	0.0	0.0	1.0000000
60	177.0000	24725.000	-41.00000	0.0	0.0	0.0	1.0000000
39	214.0000	25171.000	-947.99994	0.0	0.0	0.0	7.1999998
60	2271.0000	24515.000	-562.99994	0.0	0.0	0.0	1.0000000
60	1741.0000	24548.000	-562.99994	0.0	0.0	0.0	1.0000000
60	1173.0000	24515.998	-562.99994	0.0	0.0	0.0	1.0000000
60	728.0000	23860.000	-562.99994	0.0	0.0	0.0	1.0000000
60	1710.9999	22933.000	-562.99994	0.0	0.0	0.0	1.0000000
60	812.0000	23274.000	-562.99994	0.0	0.0	0.0	1.0000000
64	10.9685	24447.123	-615.42847	0.0	0.0	0.0	4.5000000
60	106.0000	24246.000	-562.99994	0.0	0.0	0.0	1.0000000
24	565.4243	24162.000	-197.99998	0.0	0.0	-450.0	1.0000000
60	75.0000	23293.000	-562.99994	0.0	0.0	0.0	1.0000000
60	5508.0000	22411.000	-562.99994	0.0	0.0	0.0	1.0000000
60	4653.9995	22826.000	-562.99994	0.0	0.0	0.0	1.0000000
60	2643.9998	22085.000	-562.99994	0.0	0.0	0.0	1.0000000
129	5594.0454	20702.123	-103.00000	0.0	0.0	83.1	2.0999999
129	5562.8340	20557.768	-103.00000	0.0	0.0	70.1	2.0999999
129	5511.8706	20436.066	-103.00000	0.0	0.0	60.1	2.0999999
59	5581.1602	20697.650	-90.00000	0.0	0.0	73.0	1.0000000
59	5560.0000	20626.998	-90.00000	0.0	0.0	73.0	1.0000000
59	5493.8501	20424.658	-90.00000	0.0	0.0	73.0	1.0000000
59	5514.5098	20488.131	-90.00000	0.0	0.0	73.0	1.0000000
59	5537.7798	20556.637	-90.00000	0.0	0.0	73.0	1.0000000
89	5230.4741	20664.658	-90.25002	0.0	0.0	-108.0	2.5000000
53	5750.0000	20645.000	-1042.99988	0.0	0.0	72.0	2.5000000
53	5660.0000	20368.000	-1042.99988	0.0	0.0	72.0	2.5000000
53	5704.1689	20503.408	-1043.25000	0.0	0.0	72.0	2.5000000
60	5639.0000	19931.000	-562.99994	0.0	0.0	0.0	1.0000000
89	4655.2739	20097.959	-90.00000	0.0	0.0	-163.0	2.5000000
129	4903.0000	19814.000	-103.00000	0.0	0.0	27.0	2.0999999
129	4615.0000	19729.000	-103.00000	0.0	0.0	10.0	2.0999999
129	4762.9995	19764.000	-103.00000	0.0	0.0	20.0	2.0999999
59	4837.7500	19806.500	-90.00000	0.0	0.0	17.0	1.0000000
59	4909.0200	19830.859	-90.00000	0.0	0.0	17.0	1.0000000
59	4676.3296	19761.789	-90.00000	0.0	0.0	17.0	1.0000000
59	4593.8901	19737.699	-90.00000	0.0	0.0	17.0	1.0000000
59	4757.2197	19783.150	-90.00000	0.0	0.0	17.0	1.0000000
53	4939.4092	19661.500	-1042.99988	0.0	0.0	17.0	2.5000000
53	4801.6064	19619.186	-1042.99988	0.0	0.0	17.0	2.5000000
53	4658.2178	19575.506	-1042.99988	0.0	0.0	17.0	2.5000000
147	2640.9399	19947.457	-270.07452	0.0	0.0	45.0	0.8000000
64	2639.0000	19943.000	-720.38593	0.0	0.0	0.0	4.8000002
60	2872.0000	19487.998	-562.99994	0.0	0.0	0.0	1.0000000
59	5656.1094	20368.188	-2901.99976	0.0	0.0	0.0	2.2000000
59	5753.5200	20641.660	-2901.99976	0.0	0.0	0.0	2.2000000
59	5705.8394	20501.434	-2901.99976	0.0	0.0	0.0	2.2000000
59	4940.0000	19665.998	-2901.99976	0.0	0.0	0.0	2.2000000
59	4801.6699	19621.188	-2901.99976	0.0	0.0	0.0	2.2000000
59	4653.2793	19576.301	-2901.99976	0.0	0.0	0.0	2.2000000
60	2108.0000	22485.000	-562.99994	0.0	0.0	0.0	1.0000000
60	1652.0000	22042.000	-562.99994	0.0	0.0	0.0	1.0000000
60	475.0000	21573.000	-562.99994	0.0	0.0	0.0	1.0000000
60	1553.7600	20741.260	-562.99994	0.0	0.0	0.0	1.0000000
60	2355.0000	20073.000	-562.99994	0.0	0.0	0.0	1.0000000
60	1640.0000	19648.000	-562.99994	0.0	0.0	0.0	1.0000000
60	985.9099	19804.062	-562.99994	0.0	0.0	0.0	1.0000000
39	401.4346	20890.998	-635.99994	0.0	0.0	90.0	7.0000000
60	587.9999	20969.000	-483.69257	0.0	0.0	0.0	1.0000000
60	67.0000	21174.000	-433.78125	0.0	0.0	0.0	1.0000000
60	411.6255	20399.000	-447.39285	0.0	0.0	0.0	1.0000000
64	403.0000	19607.000	-160.97142	0.0	0.0	0.0	4.0000000
60	12521.0000	18798.684	-454.00000	0.0	0.0	0.0	1.0000000
60	11814.9990	18486.275	-454.00000	0.0	0.0	0.0	1.0000000
60	11223.5000	18141.539	-454.00000	0.0	0.0	0.0	1.0000000
60	10590.9893	17898.238	-454.00000	0.0	0.0	0.0	1.0000000
60	9955.0000	18336.000	-454.00000	0.0	0.0	0.0	1.0000000
60	10957.0000	17437.998	-454.00000	0.0	0.0	0.0	1.0000000
9	11035.4717	16976.320	-12.00000	0.0	0.0	109.0	2.0000000
11	11000.6533	17088.254	-18.00000	0.0	0.0	110.0	2.0000000
11	10969.2920	17131.512	-18.00000	0.0	0.0	140.0	2.0000000
9	11174.7432	16624.373	-12.00000	0.0	0.0	118.0	2.0000000
9	11091.6289	16807.742	-12.00000	0.0	0.0	113.0	2.0000000
60	11487.7002	16715.699	-454.00000	0.0	0.0	0.0	1.0000000
9	11377.8271	16097.276	-12.00000	0.0	0.0	27.0	2.0000000
11	11445.7627	16147.873	-18.00000	0.0	0.0	62.0	2.0000000
11	11452.7529	16188.772	-18.00000	0.0	0.0	97.0	2.0000000
9	11398.9033	16277.544	-12.00000	0.0	0.0	126.0	2.0000000
9	11278.6113	16449.773	-12.00000	0.0	0.0	125.0	2.0000000
9	10964.4297	16167.399	-26.00000	0.0	0.0	-65.0	2.0000000
60	10268.9990	17362.998	-454.00000	0.0	0.0	0.0	1.0000000
9	10602.0977	17071.250	-12.98553	0.0	0.0	210.0	2.0000000
9	10881.5342	17145.887	-12.00000	0.0	0.0	175.0	2.0000000
9	10734.8545	17131.727	-12.00000	0.0	0.0	195.0	2.0000000
51	10137.0000	17305.000	-30.00000	0.0	0.0	-45.0	0.6000000
9	10477.3994	16960.500	-14.76673	0.0	0.0	230.0	2.0000000
51	9980.5000	16967.141	-30.00000	0.0	0.0	-90.0	0.6000000
51	9840.7295	17144.381	-30.00000	0.0	0.0	-135.0	0.6000000
39	9750.0000	17600.000	-950.00000	0.0	0.0	-90.0	10.0000000
9	10637.5801	16542.209	-26.00000	0.0	2.0	25.0	2.0000000
9	10181.6699	16727.430	-12.00000	0.0	0.0	215.0	2.0000000
9	10346.2100	16844.105	-12.75180	0.0	0.0	220.0	2.0000000
9	10884.5898	16319.490	-26.00000	0.0	0.0	-65.0	2.0000000
9	10807.3701	16475.729	-26.00000	0.0	0.0	-65.0	2.0000000
9	10185.2695	16323.020	-26.00000	0.0	2.0	25.0	2.0000000
9	10341.7998	16403.561	-26.00000	0.0	2.0	25.0	2.0000000
9	10500.8994	16478.818	-26.00000	0.0	2.0	25.0	2.0000000
9	10140.4297	16083.298	-26.00000	0.0	2.0	115.0	2.0000000
89	10549.0000	16146.001	-440.00000	0.0	0.0	-153.0	2.5200000
9	10027.0000	16612.000	-12.00000	0.0	0.0	220.0	2.0000000
60	9498.0000	16758.000	-454.00000	0.0	0.0	0.0	1.0000000
9	10048.2402	16245.510	-26.00000	0.0	2.0	115.0	2.0000000
9	9870.5303	16476.998	-12.00000	0.0	0.0	220.0	2.0000000
9	9725.9990	16344.879	-12.00000	0.0	0.0	225.0	2.0000000
9	9580.7598	16196.340	-12.00000	0.0	0.0	225.0	2.0000000
60	9220.0898	18061.270	-454.00000	0.0	0.0	0.0	1.0000000
60	8970.0000	17070.000	-454.00000	0.0	0.0	0.0	1.0000000
51	8877.0000	16178.000	-30.00000	0.0	0.0	-45.0	0.6000000
51	9136.0000	16425.000	-30.00000	0.0	0.0	-90.0	0.6000000
39	8650.0000	16600.000	-950.00000	0.0	0.0	-90.0	10.0000000
60	11999.0000	15876.999	-454.00000	0.0	0.0	0.0	1.0000000
9	11246.6602	16041.054	-12.00000	0.0	0.0	20.0	2.0000000
9	11117.3496	15999.563	-14.13858	0.0	0.0	25.0	2.0000000
5	11013.8584	15902.878	-3.36613	0.0	0.0	25.0	2.2000000
9	11075.0000	16005.000	-34.44451	0.0	5.0	-55.0	2.0000000
52	11315.4385	15911.380	-81.75999	0.0	0.0	740.0	2.5000000
51	11125.0000	15725.000	-100.00000	0.0	0.0	0.0	0.7000000
51	11450.0000	15629.481	-78.47366	0.0	0.0	0.0	0.7000000
53	10985.0000	15803.999	-1392.99988	0.0	0.0	27.0	2.5000000
60	12550.0000	15150.000	-280.18152	0.0	0.0	0.0	1.0000000
57	11882.3291	15066.647	-103.45000	0.0	0.0	90.0	3.0000000
129	12632.9990	14433.000	-683.00000	0.0	0.0	180.0	1.5000000
129	12478.0000	14425.999	-683.00000	0.0	0.0	185.0	1.5000000
129	12316.0000	14403.000	-683.00000	0.0	0.0	190.0	1.5000000
129	12163.0000	14370.000	-683.00000	0.0	0.0	195.0	1.5000000
52	11380.9395	14899.690	-42.00000	0.0	0.0	-30.0	2.0000000
52	11697.8096	14895.011	-54.56951	0.0	0.0	25.0	1.5000000
57	11530.8799	14832.980	-63.00000	0.0	0.0	45.0	4.0000000
57	11656.7988	14869.699	-7.46388	0.0	0.0	45.0	2.0000000
57	11022.9785	14656.419	-63.00000	0.0	0.0	45.0	4.0000000
57	10972.2598	14440.010	-35.58000	0.0	0.0	90.0	3.0000000
53	12229.0000	14502.000	-1428.00000	0.0	0.0	-167.0	2.0000000
53	12628.3154	14540.822	-1428.00000	0.0	0.0	-180.0	2.0000000
53	11858.3252	14363.534	-1428.00000	0.0	0.0	-155.0	2.0000000
39	11557.0000	15197.000	-949.00000	0.0	0.0	-148.0	10.0000000
19	10923.0000	15870.685	-204.00000	0.0	0.0	-45.0	0.8000000
19	10550.2109	15668.899	-204.00000	0.0	0.0	-90.0	0.8000000
19	10765.0400	15797.323	-171.99998	0.0	0.0	-135.0	0.6000000
19	10655.4424	15729.036	-171.99998	0.0	0.0	-90.0	0.6000000
9	10225.3701	15913.130	-26.00000	0.0	2.0	115.0	2.0000000
9	10312.6201	15744.260	-26.00000	0.0	2.0	115.0	2.0000000
59	10570.5195	15785.390	-463.00000	0.0	0.0	0.0	1.0000000
59	10659.4600	15830.879	-463.00000	0.0	0.0	0.0	1.0000000
59	10745.9590	15873.359	-463.00000	0.0	0.0	0.0	1.0000000
59	10835.5801	15921.397	-463.00000	0.0	0.0	0.0	1.0000000
59	10918.4482	15962.410	-463.00000	0.0	0.0	0.0	1.0000000
129	10701.9502	15829.680	-450.00000	0.0	0.0	27.0	2.0999999
129	10907.0801	15934.500	-450.00000	0.0	0.0	27.0	2.0999999
59	10478.0000	15739.000	-463.00000	0.0	0.0	0.0	1.0000000
129	10498.0000	15735.001	-450.00000	0.0	0.0	27.0	2.0999999
11	10341.7100	15624.643	-32.00000	2.0	0.0	100.0	2.0000000
52	10128.0000	15212.000	-50.00000	0.0	0.0	45.0	3.0000000
9	10150.9082	15450.670	-12.00000	0.0	0.0	40.0	2.0000000
9	10316.0000	15582.001	-12.00000	0.0	0.0	35.0	2.0000000
52	10343.8096	15408.510	-84.96000	0.0	0.0	38.0	1.8000000
9	9280.0000	15907.001	-17.13949	0.0	0.0	225.0	2.0000000
9	9430.6396	16054.649	-16.82222	0.0	0.0	225.0	2.0000000
9	9998.2090	15312.250	-18.40001	0.0	0.0	45.0	2.0000000
9	9620.0000	15228.999	-26.00000	0.0	0.0	-35.0	2.0000000
9	9471.0000	15319.000	-26.00000	0.0	0.0	-35.0	2.0000000
9	9320.3994	15404.854	-26.00000	0.0	0.0	-35.0	2.0000000
53	10843.6484	15731.822	-1392.99988	0.0	0.0	27.0	2.5000000
53	10696.7803	15656.439	-1392.99988	0.0	0.0	27.0	2.5000000
53	10551.2559	15581.685	-1392.99988	0.0	0.0	27.0	2.5000000
51	10464.9395	15001.329	-50.00000	0.0	0.0	45.0	0.7000000
51	10363.3193	15105.339	-63.71000	0.0	0.0	-45.0	0.5000000
51	10182.1582	14958.729	-24.57498	0.0	0.0	180.0	0.7000000
51	10062.4795	15059.950	-110.00000	0.0	0.0	-45.0	0.5000000
9	9792.3223	15143.468	-31.94348	0.0	3.0	-25.0	2.0000000
9	9854.7891	15159.445	-12.00000	0.0	0.0	47.0	2.0000000
19	9726.2188	14977.561	-204.00000	0.0	0.0	0.0	0.8000000
19	9700.0098	14866.648	-165.00000	0.0	0.0	-90.0	0.4000000
59	9676.9199	15029.820	-463.00000	0.0	0.0	0.0	1.0000000
129	9684.5957	15012.036	-450.00000	0.0	0.0	55.0	2.0999999
89	9276.4805	14991.000	-440.00000	0.0	0.0	-120.0	2.5000000
59	9622.3301	14945.099	-463.00000	0.0	0.0	0.0	1.0000000
59	9573.3105	14858.849	-463.00000	0.0	0.0	0.0	1.0000000
129	9580.0996	14844.688	-450.00000	0.0	0.0	60.0	2.0999999
9	9409.8682	14447.526	-12.00000	0.0	0.0	65.0	2.0000000
11	9401.9502	14476.840	-32.12000	0.0	2.0	160.0	2.0000000
9	9248.9902	14563.119	-26.00000	0.0	0.0	-205.0	2.0000000
19	9619.2695	14771.040	-197.99998	0.0	0.0	0.0	0.6000000
19	9544.9395	14710.530	-185.92999	0.0	0.0	-90.0	0.3000000
19	9541.0000	14619.000	-204.00000	0.0	0.0	-90.0	0.8000000
59	9443.8096	14626.950	-463.00000	0.0	0.0	0.0	1.0000000
59	9517.9795	14767.459	-463.00000	0.0	0.0	0.0	1.0000000
59	9481.0703	14698.771	-463.00000	0.0	0.0	0.0	1.0000000
129	9468.5215	14637.000	-450.00000	0.0	0.0	61.0	2.0999999
39	10675.7158	14605.498	-949.00000	0.0	0.0	-238.0	10.0000000
53	9832.5615	14953.177	-1392.99988	0.0	0.0	60.0	2.5000000
53	9755.0000	14819.000	-1392.99988	0.0	0.0	60.0	2.5000000
60	10002.3799	14475.060	-859.63995	0.0	0.0	0.0	1.0000000
53	9679.0439	14687.436	-1392.99988	0.0	0.0	60.0	2.5000000
53	9597.9590	14547.000	-1392.99988	0.0	0.0	60.0	2.5000000
60	12168.4834	15335.509	-2105.00000	0.0	0.0	0.0	1.0000000
59	10989.3037	15795.703	-3260.00024	0.0	0.0	27.0	2.5999999
60	12622.5098	14949.050	-2105.00000	0.0	0.0	0.0	1.0000000
60	10835.0000	15287.000	-2105.00000	0.0	0.0	0.0	1.0000000
59	10697.0928	15658.133	-3259.99976	0.0	0.0	27.0	2.5999999
59	10837.7441	15725.961	-3259.99976	0.0	0.0	27.0	2.5999999
59	10543.8525	15584.201	-3259.99976	0.0	0.0	27.0	2.5999999
59	9757.0000	14816.000	-3259.99976	0.0	0.0	55.0	2.2000000
59	9837.0000	14950.999	-3259.99976	0.0	0.0	55.0	2.2000000
59	9684.0000	14687.000	-3259.99976	0.0	0.0	55.0	2.2000000
59	9598.0000	14546.001	-3259.99976	0.0	0.0	55.0	2.2000000
129	12017.0000	14317.000	-683.00000	0.0	0.0	200.0	1.5000000
129	11881.0000	14257.001	-683.00000	0.0	0.0	205.0	1.5000000
2	12152.0400	13996.788	-698.00000	0.0	0.0	-250.0	7.9000001
129	12593.0000	13789.999	-673.00000	0.0	0.0	722.0	1.5000000
129	12431.0000	13769.000	-672.00000	0.0	0.0	730.0	1.5000000
129	12282.0000	13728.000	-672.00000	0.0	0.0	738.0	1.5000000
129	12006.0000	13585.001	-672.00000	0.0	0.0	754.0	1.5000000
129	12137.0000	13666.000	-672.00000	0.0	0.0	746.0	1.5000000
129	11738.0000	14178.000	-683.00000	0.0	0.0	210.0	1.5000000
129	11611.0000	14095.000	-683.00000	0.0	0.0	215.0	1.5000000
129	11489.9990	13999.001	-683.00000	0.0	0.0	220.0	1.5000000
129	11381.0000	13895.000	-683.00000	0.0	0.0	225.0	1.5000000
129	11282.9990	13789.000	-683.00000	0.0	0.0	230.0	1.5000000
129	11189.0000	13664.999	-683.00000	0.0	0.0	235.0	1.5000000
129	11107.9990	13534.000	-683.00000	0.0	0.0	240.0	1.5000000
53	12417.0410	13642.603	-1428.00000	0.0	0.0	15.0	2.0000000
53	11509.3896	14161.229	-1428.00000	0.0	0.0	-145.0	2.0000000
53	11205.0000	13872.000	-1428.00000	0.0	0.0	-133.0	2.0000000
53	10985.9492	13537.999	-1428.00000	0.0	0.0	-120.0	2.0000000
129	11889.9990	13496.001	-673.00000	0.0	0.0	762.0	1.5000000
60	12188.0000	12937.000	-146.99998	0.0	0.0	0.0	1.0000000
2	11407.0391	13360.704	-698.00000	0.0	0.0	-210.0	7.9000001
129	11607.9990	13107.001	-672.00000	0.0	0.0	786.0	1.5000000
129	11678.0000	13239.000	-672.00000	0.0	0.0	778.0	1.5000000
129	11775.9990	13375.999	-672.00000	0.0	0.0	770.0	1.5000000
129	10975.0000	13242.000	-683.00000	0.0	0.0	250.0	1.5000000
129	11036.0000	13389.000	-683.00000	0.0	0.0	245.0	1.5000000
129	11525.9990	12800.000	-673.00000	0.0	0.0	800.0	1.5000000
129	11557.0000	12964.000	-672.00000	0.0	0.0	794.0	1.5000000
53	11950.0000	13399.001	-1428.00000	0.0	0.0	40.0	2.0000000
60	11977.0000	13169.000	-1394.00000	0.0	0.0	0.0	1.0000000
53	11664.7422	12929.679	-1428.00000	0.0	0.0	72.0	2.0000000
52	10697.3398	14243.319	-92.99999	0.0	0.0	0.0	2.0000000
57	10481.8799	14321.460	-64.55386	0.0	0.0	45.0	2.0000000
60	10583.9297	14025.490	-590.87054	0.0	0.0	0.0	1.0000000
51	9693.9990	14217.999	-101.33578	-10.0	0.0	45.0	0.6000000
9	9249.5947	14074.001	-17.49226	0.0	0.0	68.0	2.0000000
9	9322.5859	14262.999	-12.00000	0.0	0.0	68.0	2.0000000
51	9512.0000	14162.000	-47.00000	20.0	0.0	90.0	0.6700000
51	9434.0000	13867.000	-105.99999	0.0	0.0	-45.0	0.6000000
39	10091.0000	13734.999	-950.00000	0.0	0.0	-90.0	10.0000000
50	9523.0000	13670.000	-1042.00000	0.0	0.0	0.0	0.4000000
57	10115.0000	13381.000	-12.00000	0.0	0.0	90.0	3.0000000
52	10293.0000	13449.001	-93.00000	0.0	0.0	45.0	2.0000000
60	10430.0000	13297.000	-222.99852	0.0	0.0	0.0	1.0000000
129	10929.0000	13092.999	-683.00000	0.0	0.0	255.0	1.5000000
129	10874.0000	12788.000	-683.00000	0.0	0.0	265.0	1.5000000
129	10893.9990	12941.000	-683.00000	0.0	0.0	260.0	1.5000000
57	9965.0000	13378.999	-63.00000	0.0	0.0	45.0	4.0000000
65	9337.9688	13489.000	-414.00000	0.0	0.0	-90.0	1.0000000
60	9623.0000	12666.000	-681.97479	0.0	0.0	0.0	1.0000000
53	10830.9268	13144.000	-1428.00000	0.0	0.0	-107.0	2.0000000
53	10759.4844	12698.000	-1428.00000	0.0	0.0	-90.0	2.0000000
9	9152.4102	15791.780	-16.22783	0.0	0.0	225.0	2.0000000
9	9007.4502	15640.840	-12.00000	0.0	0.0	225.0	2.0000000
9	9118.5898	15361.369	-26.00000	0.0	0.0	-295.0	2.0000000
9	9045.2598	15216.000	-26.00000	0.0	0.0	-295.0	2.0000000
9	8868.3887	15484.419	-12.00000	0.0	0.0	228.0	2.0000000
9	8753.7197	15337.218	-12.00000	0.0	0.0	235.0	2.0000000
60	8300.0000	15650.000	-400.00000	0.0	0.0	0.0	1.0000000
60	7750.0000	16000.000	-400.00000	0.0	0.0	0.0	1.0000000
57	8093.8081	15435.501	-26.22209	0.0	0.0	90.0	2.0000000
60	8200.0000	15400.000	-400.00000	0.0	0.0	0.0	1.0000000
60	8247.0000	15648.320	-1020.74548	0.0	0.0	0.0	1.0000000
39	7700.0000	15450.000	-950.00000	0.0	0.0	-90.0	10.0000000
60	8242.9951	15628.000	-1502.17419	0.0	0.0	0.0	1.0000000
9	8974.7188	15063.400	-26.00000	0.0	0.0	-295.0	2.0000000
9	8895.6592	14903.839	-26.00000	0.0	0.0	-295.0	2.0000000
9	8553.4893	14988.530	-17.72006	0.0	0.0	240.0	2.0000000
9	8462.6494	14821.210	-17.01070	0.0	0.0	240.0	2.0000000
9	8650.3193	15163.210	-12.00000	0.0	0.0	240.0	2.0000000
9	9078.1494	14651.771	-26.00000	0.0	0.0	-205.0	2.0000000
9	8933.5049	14739.944	-26.00000	0.0	0.0	-205.0	2.0000000
51	8004.7793	15061.166	-63.51141	-10.0	0.0	-45.0	0.6000000
51	8201.3633	15026.975	-56.24965	-10.0	0.0	0.0	0.6000000
52	7911.9668	15135.566	-23.27062	0.0	0.0	43.0	1.0000000
57	7764.4668	15083.366	-67.26718	0.0	0.0	90.0	3.0000000
57	7573.5664	15081.065	-59.46220	0.0	0.0	90.0	2.0000000
9	8353.9287	14649.199	-12.00000	0.0	0.0	235.0	2.0000000
9	8250.9082	14476.109	-12.00000	0.0	0.0	240.0	2.0000000
60	7134.7559	15795.966	-231.96135	0.0	0.0	0.0	1.0000000
60	7100.0000	14800.000	-200.00000	0.0	0.0	0.0	1.0000000
60	7200.0000	15000.000	-600.00000	0.0	0.0	0.0	1.0000000
9	9105.0000	13845.000	-26.00000	0.0	0.0	15.0	2.0000000
9	8999.0000	13835.001	-26.00000	0.0	0.0	-10.0	2.0000000
9	8815.0000	13867.999	-26.00000	0.0	0.0	-10.0	2.0000000
9	9182.0000	13911.051	-15.00000	0.0	0.0	70.0	2.0000000
19	9140.0000	13659.000	-204.00000	0.0	0.0	0.0	0.8000000
19	9111.0000	13544.000	-197.99998	0.0	0.0	0.0	0.6000000
9	8636.2197	13897.930	-26.00000	0.0	0.0	-10.0	2.0000000
9	8437.0098	13776.795	-26.00000	0.0	0.0	80.0	2.0000000
9	8411.8096	13641.930	-26.00000	0.0	0.0	80.0	2.0000000
59	9037.0000	13562.000	-463.00000	0.0	0.0	0.0	1.0000000
129	9082.9990	13677.000	-450.00000	0.0	0.0	80.0	2.0999999
59	9056.4385	13676.343	-463.00000	0.0	0.0	0.0	1.0000000
9	8050.4897	13945.999	-16.96067	0.0	0.0	250.0	2.0000000
9	8186.2593	14320.979	-12.00000	0.0	0.0	250.0	2.0000000
9	8115.2803	14137.840	-12.00000	0.0	0.0	250.0	2.0000000
51	7591.0005	14107.001	-30.00000	0.0	0.0	0.0	0.6000000
9	8008.9043	13776.160	-16.50876	0.0	0.0	260.0	2.0000000
9	7962.3398	13581.619	-12.00000	0.0	0.0	255.0	2.0000000
51	7717.0000	13697.000	-30.00000	0.0	0.0	0.0	0.6000000
53	9235.1699	13666.000	-1392.99988	0.0	0.0	80.0	2.5000000
53	9209.7246	13519.000	-1392.99988	0.0	0.0	80.0	2.5000000
9	8914.2383	13091.414	-26.00000	0.0	0.0	160.0	2.0000000
52	9196.0000	13432.001	-56.00000	0.0	0.0	795.0	2.5000000
19	9100.0000	13428.999	-162.00000	0.0	0.0	0.0	0.4000000
19	9062.0000	13331.999	-198.00002	0.0	0.0	0.0	0.6000000
19	9064.0000	13214.000	-204.00000	0.0	0.0	0.0	0.8000000
9	8783.4229	13120.999	-26.00000	0.0	0.0	160.0	2.0000000
9	8583.8203	13146.001	-26.00000	0.0	0.0	175.0	2.0000000
9	8428.1299	13161.249	-26.00000	0.0	0.0	175.0	2.0000000
59	8974.0000	13228.000	-463.00000	0.0	0.0	0.0	1.0000000
129	8987.0000	13247.000	-450.00000	0.0	0.0	80.0	2.0999999
59	9009.4385	13434.342	-463.00000	0.0	0.0	0.0	1.0000000
59	8994.5586	13325.342	-463.00000	0.0	0.0	0.0	1.0000000
129	9036.0000	13464.000	-450.00000	0.0	0.0	80.0	2.0999999
89	8698.0000	13500.000	-440.00000	0.0	0.0	-100.0	2.5000000
9	8971.0000	12653.000	-21.00000	0.0	0.0	90.0	2.0000000
9	8979.0000	13041.000	-12.00000	0.0	0.0	90.0	2.0000000
9	8980.0000	12848.000	-21.00000	0.0	0.0	90.0	2.0000000
9	8352.8594	13345.600	-26.00000	0.0	0.0	80.0	2.0000000
9	8377.7197	13489.070	-26.00000	0.0	0.0	80.0	2.0000000
9	7922.2847	13206.877	-12.00000	0.0	0.0	270.0	2.0000000
9	7931.7192	13392.999	-12.00000	0.0	0.0	265.0	2.0000000
37	7730.0005	12905.000	-14.00000	0.0	0.0	0.0	8.0000000
7	7835.0000	12909.000	-2.00000	0.0	0.0	-720.0	8.3299999
27	7834.3169	12650.000	-25.38301	0.0	0.0	-270.0	3.5000000
9	7919.9995	12998.941	-12.00000	0.0	0.0	270.0	2.0000000
9	7925.9995	12811.450	-21.00000	0.0	0.0	270.0	2.0000000
53	9153.0000	13199.001	-1392.99988	0.0	0.0	80.0	2.5000000
53	9182.0000	13362.000	-1392.99988	0.0	0.0	80.0	2.5000000
51	7524.2402	13768.810	-30.00000	0.0	0.0	-45.0	0.6000000
39	7150.0000	14000.000	-950.00000	0.0	0.0	-90.0	10.0000000
60	6140.0000	13878.999	-945.00006	0.0	0.0	0.0	1.0000000
47	6974.0693	13128.711	-51.40181	0.0	0.0	0.0	1.4000000
59	9201.0303	13519.040	-3259.99976	0.0	0.0	80.0	2.2000000
59	9226.8506	13674.260	-3259.99976	0.0	0.0	80.0	2.2000000
59	9148.0586	13201.750	-3259.99976	0.0	0.0	80.0	2.2000000
59	9170.0596	13358.749	-3259.99976	0.0	0.0	80.0	2.2000000
60	5319.0000	19184.000	-562.99994	0.0	0.0	0.0	1.0000000
142	4726.0400	19086.930	-154.82431	0.0	0.0	45.0	1.0000000
64	4721.1470	19085.000	-629.73682	0.0	0.0	0.0	5.0000000
60	4837.9995	19223.000	-562.99994	0.0	0.0	0.0	1.0000000
60	3400.0000	19387.000	-562.99994	0.0	0.0	0.0	1.0000000
60	3857.0000	18961.000	-562.99994	0.0	0.0	0.0	1.0000000
44	3100.1260	19136.449	-35.00000	0.0	0.0	75.0	2.3699999
66	3095.0200	19141.379	-47.63637	0.0	0.0	-110.0	1.0000000
44	3060.2368	19136.541	-279.41705	0.0	0.0	75.0	0.8000000
39	3090.0000	19137.430	-717.80469	0.0	0.0	0.0	7.0000000
60	3218.0000	18837.998	-351.17270	0.0	0.0	0.0	1.0000000
60	2373.0000	19421.000	-562.99994	0.0	0.0	0.0	1.0000000
64	143.0000	19000.000	-152.00000	0.0	0.0	0.0	5.5999999
64	2432.6733	15672.228	-365.00000	0.0	0.0	0.0	5.0000000
76	2577.2300	14569.851	-5.18000	20.0	0.0	120.0	0.2500000
60	3072.0000	14411.000	-500.00000	0.0	0.0	0.0	1.0000000
60	4640.0000	14210.001	-945.00000	0.0	0.0	0.0	1.0000000
123	2570.9814	13920.149	-15.68717	0.0	0.0	-45.0	0.4000000
24	2431.6699	13415.140	-395.10999	0.0	0.0	-675.0	0.7000000
60	2416.0000	13286.000	-500.00000	0.0	0.0	0.0	1.0000000
60	2668.9998	12704.000	-500.00000	0.0	0.0	0.0	1.0000000
147	1889.2500	15379.910	-308.68384	0.0	0.0	0.0	0.8000000
64	1867.0000	15397.000	-764.99994	0.0	0.0	0.0	4.5000000
60	2391.0000	15300.998	-945.00000	0.0	0.0	0.0	1.0000000
60	1732.2001	15280.729	-945.00000	0.0	0.0	0.0	1.0000000
53	870.0000	14886.000	-596.00000	0.0	0.0	35.0	2.5000000
53	650.3299	15832.739	-596.00000	0.0	0.0	125.0	2.5000000
77	896.4484	12817.198	-7.00000	0.0	0.0	-90.0	0.3500000
76	598.0000	14217.999	-6.61912	0.0	0.0	90.0	0.1500000
53	409.3800	14352.810	-596.00000	0.0	0.0	65.0	2.5000000
53	255.0000	13764.000	-596.00000	0.0	0.0	90.0	2.5000000
53	408.0000	13196.001	-596.00000	0.0	0.0	105.0	2.5000000
77	24624.0469	12537.870	24.00000	0.0	0.0	495.0	0.4000000
77	24677.9473	12102.840	22.27644	0.0	0.0	495.0	0.4000000
9	24605.2383	12154.250	18.00000	0.0	0.0	90.0	2.0000000
75	24600.7188	11713.698	19.50000	0.0	0.0	0.0	1.0000000
80	24493.8574	12629.259	20.19356	0.0	0.0	270.0	0.4000000
46	24186.3379	12391.799	15.16642	0.0	0.0	135.0	0.8000000
84	24551.0781	12362.420	22.46000	0.0	0.0	0.0	1.5000000
9	24591.6465	12314.790	18.00000	0.0	0.0	98.0	2.0000000
9	24565.4805	12482.608	18.00000	0.0	0.0	105.0	2.0000000
9	24522.0000	12631.000	18.00000	0.0	0.0	110.0	2.0000000
120	24568.8496	12383.540	22.35131	0.0	0.0	-540.0	0.6000000
59	23864.0000	12629.000	9.00000	0.0	0.0	45.0	0.7000000
90	24119.1191	12561.170	18.00000	0.0	0.0	-165.0	2.0000000
49	24087.8301	12283.780	15.31812	0.0	0.0	-45.0	0.6100000
129	23868.0000	12556.000	10.00000	0.0	0.0	-70.0	2.0000000
129	23910.0000	12357.999	10.00000	0.0	0.0	-90.0	2.0000000
49	23750.0000	12250.000	10.00000	0.0	0.0	0.0	0.7100000
49	23850.0000	12350.000	17.26860	0.0	0.0	0.0	0.7100000
80	24586.1992	12006.239	23.37900	0.0	0.0	225.0	0.4000000
9	24551.7988	11835.189	18.00000	0.0	0.0	75.0	2.0000000
9	24591.1367	11988.279	18.00000	0.0	0.0	80.0	2.0000000
129	23829.9980	11953.000	10.00000	0.0	0.0	-110.0	2.0000000
59	23778.0000	11807.000	9.00000	0.0	0.0	45.0	0.7000000
49	23961.0000	12187.000	16.00000	5.0	5.0	0.0	0.7100000
90	24018.3906	11828.999	18.00000	0.0	0.0	-205.0	2.0000000
90	23845.8105	11838.778	18.00000	0.0	0.0	-30.0	1.1000000
90	24142.9082	12214.000	18.00000	0.0	0.0	-187.0	2.0000000
129	23892.0000	12163.000	10.00000	0.0	0.0	-100.0	2.0000000
59	23815.0000	11857.999	9.00000	0.0	0.0	45.0	0.7000000
59	23845.0000	11910.000	9.00000	0.0	0.0	45.0	0.7000000
49	23450.0000	12350.000	10.00000	0.0	0.0	0.0	0.7100000
49	23550.0000	12250.000	10.00000	0.0	0.0	0.0	0.7100000
49	23250.0000	12550.000	10.00000	0.0	0.0	0.0	0.7100000
51	23563.9199	12047.090	9.00000	-10.0	0.0	45.0	0.6000000
49	23650.0000	12150.000	10.00000	0.0	0.0	0.0	0.7100000
49	23150.0000	11850.000	10.00000	0.0	0.0	0.0	0.7100000
49	23250.0000	11949.000	10.00000	0.0	0.0	0.0	0.7100000
77	24503.8789	11585.510	24.00000	0.0	0.0	450.0	0.4000000
80	24504.1680	11748.979	19.50000	0.0	0.0	135.0	0.4000000
84	24302.1699	11439.769	20.39000	0.0	0.0	0.0	1.5000000
120	24278.1895	11432.619	23.66000	0.0	0.0	-585.0	0.6000000
9	24294.9316	11402.974	18.00000	0.0	0.0	55.0	2.0000000
9	24398.7969	11552.630	18.00000	0.0	0.0	55.0	2.0000000
9	24491.9180	11696.238	18.00000	0.0	0.0	60.0	2.0000000
80	24377.6094	11581.479	23.90000	0.0	0.0	180.0	0.4000000
46	24053.1992	11784.170	15.45463	0.0	0.0	135.0	0.8000000
90	23785.1699	11489.849	18.00000	0.0	0.0	-225.0	2.0000000
77	24214.5469	11167.729	24.00000	0.0	0.0	450.0	0.4000000
9	24193.3691	11282.500	18.00000	0.0	0.0	45.0	2.0000000
75	23943.3594	10945.160	20.60000	0.0	0.0	0.0	1.0000000
9	23746.0000	10973.005	18.00000	0.0	0.0	23.0	2.0000000
9	23911.8301	11055.320	18.00000	0.0	0.0	30.0	2.0000000
9	24059.5488	11159.852	18.00000	0.0	0.0	-320.0	2.0000000
80	24082.3066	11175.970	24.00000	0.0	0.0	180.0	0.4000000
90	23551.7402	11514.080	18.00000	0.0	0.0	305.0	1.1000000
129	23712.0000	11766.000	10.00000	0.0	0.0	230.0	2.0000000
129	23562.0000	11612.000	10.00000	0.0	0.0	215.0	2.0000000
129	23370.0000	11505.000	10.00000	0.0	0.0	200.0	2.0000000
59	23471.0000	11521.000	9.00000	0.0	0.0	45.0	0.7000000
59	23526.9980	11557.000	9.00000	0.0	0.0	45.0	0.7000000
59	23576.0000	11593.000	9.00000	0.0	0.0	45.0	0.7000000
129	23154.9980	11463.000	10.00000	0.0	0.0	185.0	2.0000000
129	22935.0000	11499.000	10.00000	0.0	0.0	160.0	2.0000000
49	23172.7891	11417.479	19.40238	0.0	0.0	0.0	0.7100000
51	23258.5254	11641.355	9.00000	-10.0	0.0	135.0	0.6000000
49	23250.0000	11750.000	10.00000	0.0	0.0	0.0	0.7100000
49	23150.0000	11650.000	10.00000	0.0	0.0	0.0	0.7100000
49	23050.0000	11550.000	17.58410	0.0	0.0	0.0	0.7100000
84	23693.5781	10958.010	22.25970	0.0	0.0	0.0	1.5000000
120	23721.6895	10988.000	20.58628	0.0	0.0	-630.0	0.6000000
90	23441.7695	11284.859	18.00000	0.0	0.0	-250.0	2.0000000
46	23576.5293	11295.060	8.24789	0.0	0.0	360.0	0.8000000
90	23070.1973	11250.103	18.00000	0.0	0.0	90.0	2.0000000
49	23034.0508	11283.159	16.84361	0.0	0.0	-45.0	0.6100000
139	23835.9453	10180.317	56.00000	0.0	0.0	-90.0	1.4000000
77	23464.4766	10816.680	24.00000	0.0	0.0	450.0	0.4000000
80	23375.9688	10919.490	23.12295	0.0	0.0	90.0	0.4000000
80	23569.1582	10905.830	21.69000	0.0	0.0	135.0	0.4000000
9	23399.0000	10895.000	18.00000	0.0	0.0	0.0	2.0000000
9	23576.9980	10919.014	18.00000	0.0	0.0	10.0	2.0000000
37	23293.9980	10718.361	29.00000	0.0	0.0	-270.0	6.8400002
7	23306.0000	10616.000	101.00000	0.0	0.0	270.0	6.9099998
7	23306.0000	10823.274	50.00000	0.0	0.0	-90.0	6.9099998
57	23292.0000	10559.000	40.00000	0.0	0.0	45.0	2.5000000
9	22896.2480	10937.933	1.89991	0.0	0.0	0.0	2.0000000
9	23071.1094	10925.455	1.89991	0.0	0.0	0.0	2.0000000
9	23241.7500	10908.780	1.89991	0.0	0.0	-5.0	2.0000000
27	23049.0000	10619.247	54.02839	0.0	0.0	180.0	3.5000000
27	23049.0000	10776.578	13.55134	0.0	0.0	180.0	3.5000000
26	23049.0195	10845.269	24.00000	0.0	0.0	90.0	4.2500000
35	23049.0000	10936.190	24.00000	0.0	0.0	-900.0	3.5999999
57	23251.9980	10320.833	81.00000	0.0	0.0	45.0	4.0000000
7	23306.0000	10407.000	156.00000	0.0	0.0	270.0	6.9099998
37	23293.9980	10510.000	79.00000	0.0	0.0	-270.0	6.8400002
37	23293.9980	10095.000	181.00000	0.0	0.0	-270.0	6.8400002
7	23306.0000	10199.000	205.00000	0.0	0.0	270.0	6.9099998
27	23048.9844	10146.901	171.17889	0.0	0.0	180.0	3.5000000
27	23048.9355	10304.056	131.74594	0.0	0.0	180.0	3.5000000
27	23049.0000	10462.076	92.51955	0.0	0.0	180.0	3.5000000
37	23293.9980	10303.000	130.00000	0.0	0.0	-270.0	6.8400002
84	24393.3105	9259.663	324.00000	0.0	0.0	-45.0	1.5000000
101	23776.6992	9296.329	334.00000	0.0	0.0	0.0	0.6000000
37	23293.9980	9679.000	285.00000	0.0	0.0	-270.0	6.8400002
27	23050.0000	9674.000	290.00000	0.0	0.0	180.0	3.5000000
57	23216.6289	9796.545	207.50563	0.0	0.0	45.0	5.0000000
57	23270.0000	10029.000	179.00000	0.0	0.0	45.0	3.0000000
7	23306.0000	9992.000	254.00000	0.0	0.0	270.0	6.9099998
7	23306.0000	9784.000	299.00000	0.0	0.0	270.0	6.9099998
27	23049.6758	9831.881	250.49692	0.0	0.0	180.0	3.5000000
27	23049.3750	9989.620	210.80151	0.0	0.0	180.0	3.5000000
37	23293.9980	9887.000	232.00000	0.0	0.0	-270.0	6.8400002
0	23370.0000	9540.000	419.99997	0.0	0.0	0.0	1.0000000
104	23368.6289	9394.920	328.26999	0.0	0.0	0.0	0.4000000
101	23637.5488	9431.710	340.16656	0.0	0.0	0.0	0.7000000
29	23644.1895	9298.771	325.85617	0.0	0.0	-200.0	0.4300000
86	23457.3984	9445.719	324.00000	0.0	0.0	0.0	1.3000000
9	23601.0000	9339.000	315.00000	0.0	0.0	-220.0	2.0000000
9	23470.2891	9442.489	315.00000	0.0	0.0	-215.0	2.0000000
9	23374.0820	9474.479	315.00000	0.0	0.0	-185.0	2.0000000
9	23679.3594	9253.750	315.00000	0.0	0.0	-240.0	2.0000000
120	23467.8496	9389.560	324.00000	0.0	0.0	-135.0	0.6000000
76	23550.6992	9479.570	324.00000	0.0	0.0	-90.0	0.1300000
76	23481.0586	9536.619	280.43088	0.0	0.0	0.0	0.1500000
132	23370.0000	9541.000	199.00000	0.0	0.0	0.0	1.0000000
7	23306.0566	9575.999	348.00000	0.0	0.0	270.0	6.9099998
9	23200.0000	9472.273	294.03085	0.0	0.0	-180.0	2.0000000
9	23057.7793	9470.372	294.03085	0.0	0.0	-180.0	2.0000000
35	23048.6094	9480.547	325.00000	0.0	0.0	-1080.0	3.5999999
26	23048.7715	9566.380	324.00000	0.0	0.0	270.0	4.2500000
49	22849.8281	12249.896	9.00000	0.0	0.0	0.0	0.7100000
49	22650.0000	12250.000	10.00000	0.0	0.0	0.0	0.7100000
49	22550.0000	12350.000	10.00000	0.0	0.0	0.0	0.7100000
90	22136.0781	12402.840	18.00000	0.0	0.0	-5.0	2.0000000
129	22401.0000	12493.999	10.00000	0.0	0.0	70.0	2.0000000
129	22368.0000	12287.000	10.00000	0.0	0.0	90.0	2.0000000
49	22450.0000	12250.000	18.39305	0.0	0.0	0.0	0.7100000
49	22303.6094	12363.850	17.23478	0.0	0.0	0.0	0.7100000
59	22470.0000	11816.000	9.00000	0.0	0.0	45.0	0.7000000
49	22750.0000	12150.000	10.00000	0.0	0.0	0.0	0.7100000
90	22176.5840	11984.408	18.00000	0.0	0.0	15.0	2.0000000
90	22412.8809	11859.399	18.00000	0.0	0.0	210.0	1.1000000
49	22196.1699	12216.359	18.10626	0.0	0.0	-45.0	0.6100000
129	22457.0000	11903.000	10.00000	0.0	0.0	120.0	2.0000000
129	22385.0000	12085.000	10.00000	0.0	0.0	100.0	2.0000000
59	22398.0000	11925.999	9.00000	0.0	0.0	45.0	0.7000000
59	22431.0000	11870.000	9.00000	0.0	0.0	45.0	0.7000000
75	21632.6406	12636.200	28.03879	0.0	0.0	45.0	1.0000000
80	21685.3203	12292.370	17.04617	0.0	0.0	180.0	0.4000000
120	21710.6211	12526.320	18.07619	0.0	0.0	-405.0	0.6000000
9	21618.0000	12274.000	18.00000	0.0	0.0	-100.0	2.0000000
9	21653.7773	12446.189	18.00000	0.0	0.0	-100.0	2.0000000
9	21697.2695	12605.540	18.00000	0.0	0.0	-110.0	2.0000000
77	21583.0000	12253.000	21.00000	0.0	0.0	180.0	0.4000000
75	21553.7285	12382.309	26.28872	0.0	0.0	90.0	0.8000000
120	21666.0996	11810.489	24.00000	0.0	0.0	-360.0	0.6000000
9	21621.0605	11941.700	18.00000	0.0	0.0	-80.0	2.0000000
75	21543.0000	12128.070	22.28897	0.0	0.0	45.0	1.0000000
84	21583.5996	12039.580	21.62793	0.0	0.0	0.0	1.5000000
9	21605.8281	12117.029	18.00000	0.0	0.0	-90.0	2.0000000
90	22717.7285	11545.180	18.00000	0.0	0.0	235.0	1.1000000
90	22657.0000	11393.000	18.00000	0.0	0.0	60.0	2.0000000
129	22600.0000	11724.000	10.00000	0.0	0.0	140.0	2.0000000
129	22740.9980	11597.000	10.00000	0.0	0.0	145.0	2.0000000
59	22679.0000	11600.000	9.00000	0.0	0.0	45.0	0.7000000
59	22728.0000	11566.000	9.00000	0.0	0.0	45.0	0.7000000
59	22781.0000	11527.000	9.00000	0.0	0.0	45.0	0.7000000
46	22168.2891	11770.649	19.50000	0.0	0.0	270.0	0.8000000
90	22363.9805	11641.279	18.00000	0.0	0.0	42.0	2.0000000
80	22507.2695	10988.160	21.35520	0.0	0.0	90.0	0.4000000
46	22634.9492	11317.239	12.85352	0.0	0.0	315.0	0.8000000
9	22518.6289	10948.648	18.00000	0.0	0.0	-5.0	2.0000000
120	22077.6797	11219.609	22.52926	0.0	0.0	-315.0	0.6000000
9	22393.0000	10962.000	18.00000	0.0	0.0	-20.0	2.0000000
9	22116.9805	11104.739	18.00000	0.0	0.0	-30.0	2.0000000
9	22250.0801	11025.448	18.00000	0.0	0.0	-30.0	2.0000000
80	22135.2891	11115.400	22.47933	0.0	0.0	90.0	0.4000000
75	21653.0000	11606.000	23.00000	0.0	0.0	90.0	1.0000000
9	21801.5527	11451.369	18.00000	0.0	0.0	-60.0	2.0000000
9	21718.8496	11607.729	18.00000	0.0	0.0	-65.0	2.0000000
9	21659.3086	11769.930	18.00000	0.0	0.0	-75.0	2.0000000
80	21776.8789	11679.590	24.00000	0.0	0.0	135.0	0.4000000
80	21834.2383	11501.930	19.50000	0.0	0.0	180.0	0.4000000
77	21604.9980	11736.000	24.00000	0.0	0.0	270.0	0.4000000
84	21960.1504	11204.359	23.04000	0.0	0.0	0.0	1.5000000
77	21818.0000	11317.000	23.00000	0.0	0.0	315.0	0.4000000
9	21999.5996	11196.439	18.00000	0.0	0.0	-40.0	2.0000000
9	21909.3984	11300.740	18.00000	0.0	0.0	-50.0	2.0000000
74	20330.1680	12554.000	453.00003	0.0	0.0	-380.0	0.2200000
76	20875.7891	12319.529	324.36316	0.0	0.0	-235.0	0.2500000
9	20835.6992	12231.920	315.00000	0.0	0.0	110.0	2.0000000
9	20764.5098	12350.500	315.00000	0.0	0.0	120.0	2.0000000
75	20582.3984	12273.579	324.00000	0.0	0.0	0.0	0.9000000
80	20731.2109	12456.270	327.00000	0.0	0.0	-585.0	0.3000000
77	20647.0000	12644.680	229.00000	-25.0	0.0	-360.0	0.6000000
77	20738.8281	12573.520	324.00000	-25.0	0.0	-405.0	0.6000000
119	20682.3691	12508.110	110.04884	0.0	0.0	220.0	2.0000000
77	20599.8594	12445.830	324.00000	-25.0	0.0	-180.0	0.6000000
77	20726.8867	12447.590	324.00000	-25.0	0.0	-135.0	0.5000000
77	20502.7383	12564.640	299.22000	0.0	0.0	145.0	0.5000000
77	20336.9688	12634.540	315.46484	45.0	0.0	235.0	0.4000000
120	20388.9297	12397.120	340.56528	0.0	0.0	-495.0	0.6000000
77	20407.0000	12506.000	322.00000	45.0	0.0	350.0	0.3000000
102	20329.0000	12545.000	361.62286	0.0	0.0	30.0	1.0000000
75	20465.7402	12397.989	327.03998	0.0	0.0	45.0	0.9000000
9	20712.7988	12537.340	315.00000	0.0	0.0	90.0	2.0000000
128	20592.0000	12557.999	328.00000	0.0	0.0	0.0	0.9000000
128	20668.6191	12510.960	327.63510	0.0	0.0	135.0	0.9000000
20	20925.5117	11949.740	324.00000	10.0	0.0	90.0	1.1000000
126	20804.1504	12045.380	345.75034	0.0	0.0	225.0	3.0000000
9	20865.2793	11910.228	315.00000	0.0	0.0	90.0	2.0000000
9	20863.1289	12093.998	315.00000	0.0	0.0	90.0	2.0000000
128	20378.4082	11811.934	325.32101	0.0	0.0	-315.0	1.0000000
120	20651.0508	12044.229	329.33856	0.0	0.0	-495.0	0.6000000
111	19948.8379	12398.109	324.00000	0.0	0.0	-135.0	0.6000000
77	20303.9805	12500.280	306.43454	45.0	0.0	325.0	0.4000000
77	20206.0371	12538.689	299.31940	45.0	0.0	280.0	0.4000000
75	20126.9922	12573.606	324.00003	0.0	0.0	180.0	0.9000000
120	20029.0977	12422.330	324.00000	0.0	0.0	-450.0	0.6000000
128	19821.6328	12233.933	324.08105	0.0	0.0	-225.0	1.0000000
128	19680.9395	12289.405	324.00000	0.0	0.0	-405.0	1.0000000
128	19776.3809	12329.186	324.00000	0.0	0.0	-450.0	1.0000000
0	19751.6074	12250.819	352.70294	0.0	0.0	0.0	1.0000000
128	20057.5996	11835.189	326.13602	0.0	0.0	-450.0	1.0000000
128	20230.8066	12088.830	324.00000	0.0	0.0	-225.0	1.0000000
111	19579.0586	12054.448	325.50000	0.0	0.0	-135.0	0.6000000
128	19730.0039	12163.075	325.14392	0.0	0.0	-360.0	1.0000000
128	19820.0391	11890.689	325.63962	0.0	0.0	-360.0	1.0000000
120	19626.0000	11992.960	325.50000	0.0	0.0	-585.0	0.6000000
77	20836.2480	11489.280	324.00000	-10.0	0.0	-125.0	0.3000000
77	20853.8535	11583.878	289.17374	-10.0	0.0	-45.0	0.4000000
128	20769.8281	11717.390	325.00000	0.0	0.0	0.0	1.0000000
9	20792.6992	11591.809	315.00000	0.0	0.0	70.0	2.0000000
9	20839.7500	11743.312	315.00000	0.0	0.0	75.0	2.0000000
76	20911.1504	11691.045	324.00000	0.0	0.0	-280.0	0.1500000
20	20651.9980	11541.000	318.99997	0.0	0.0	-135.0	1.1000000
120	20348.0000	11482.000	326.89981	0.0	0.0	65.0	0.6000000
77	20709.1699	11391.980	325.00000	-10.0	0.0	-125.0	0.4000000
77	20530.7090	11511.470	149.98555	-10.0	0.0	-135.0	0.5000000
75	20650.3301	11458.250	325.18127	0.0	0.0	45.0	0.9000000
101	20753.6992	11516.209	324.83286	0.0	0.0	25.0	0.9000000
75	20447.6387	11400.211	325.83350	0.0	0.0	-45.0	0.9000000
75	20701.4883	11650.560	325.07999	0.0	0.0	90.0	0.9000000
9	20598.5996	11400.100	315.00000	0.0	0.0	25.0	2.0000000
9	20723.4590	11481.630	315.00000	0.0	0.0	45.0	2.0000000
77	20542.2090	11311.640	326.00000	-10.0	0.0	-135.0	0.5000000
9	20456.1895	11341.429	315.00000	0.0	0.0	10.0	2.0000000
120	19922.0176	11546.158	337.64001	0.0	0.0	0.0	0.6000000
76	20250.4785	11557.950	295.68552	0.0	0.0	-325.0	0.1500000
80	19513.7500	11434.939	326.57016	0.0	0.0	-495.0	0.4000000
95	19602.8008	11686.089	326.95999	0.0	0.0	315.0	1.0000000
77	19713.2500	11382.309	175.47615	0.0	0.0	-80.0	0.6000000
77	19847.2207	11411.539	269.64578	0.0	0.0	55.0	0.4000000
75	19777.5000	11566.770	327.22778	0.0	0.0	90.0	0.9000000
75	19619.4199	11461.819	326.94000	0.0	0.0	135.0	0.9000000
76	19854.6094	11553.130	327.82474	0.0	0.0	-280.0	0.1500000
80	19734.2695	11461.050	327.65094	0.0	0.0	-450.0	0.4000000
0	19600.0449	11687.893	355.66760	0.0	0.0	0.0	1.0000000
0	19618.6348	11697.072	355.59512	0.0	0.0	0.0	1.0000000
0	19605.0840	11722.752	355.32678	0.0	0.0	0.0	1.0000000
84	20273.6992	11248.030	327.79999	0.0	0.0	90.0	1.6000000
84	20183.7500	11192.660	327.08997	0.0	0.0	0.0	1.6000000
84	20050.6699	11139.010	328.00000	0.0	0.0	135.0	1.6000001
84	20192.7695	11321.170	327.00000	0.0	0.0	180.0	1.6000000
80	19961.1992	11327.359	327.71829	0.0	0.0	-360.0	0.4000000
9	20278.3203	11308.037	315.00000	0.0	0.0	10.0	2.0000000
9	20104.0000	11254.000	315.00000	0.0	0.0	17.0	2.0000000
9	19939.4121	11230.760	315.00000	0.0	0.0	0.0	2.0000000
76	19973.0000	11125.000	327.00000	0.0	0.0	-325.0	0.1500000
77	19630.0391	11326.630	327.00000	0.0	0.0	55.0	0.4000000
77	19596.0000	11297.000	327.00000	-25.0	0.0	180.0	0.5000000
77	19659.2695	11242.239	328.00000	-25.0	0.0	225.0	0.4000000
84	19779.1895	11198.289	327.60001	0.0	0.0	45.0	1.5000000
9	19779.2383	11255.055	315.00000	0.0	0.0	-10.0	2.0000000
9	19622.7773	11305.289	315.00000	0.0	0.0	-25.0	2.0000000
84	22566.1094	10900.870	23.97391	0.0	0.0	0.0	1.5000000
120	22622.4004	10920.920	22.47409	0.0	0.0	-630.0	0.6000000
7	22792.0000	10616.000	101.00000	0.0	0.0	90.0	6.9099998
37	22795.0000	10718.999	29.00000	0.0	0.0	-270.0	6.8400002
7	22792.0000	10824.000	50.00000	0.0	0.0	90.0	6.9099998
57	22821.0000	10624.000	53.00000	0.0	0.0	45.0	2.5000000
9	22692.0000	10937.191	18.00000	0.0	0.0	-1.0	2.0000000
77	22384.1953	10919.729	21.15000	0.0	0.0	315.0	0.4000000
57	22819.3594	10388.883	96.31629	0.0	0.0	45.0	3.0000000
37	22795.0000	10512.000	79.00000	0.0	0.0	-270.0	6.8400002
37	22795.0000	10097.000	181.00000	0.0	0.0	-270.0	6.8400002
7	22792.0000	10200.999	205.00000	0.0	0.0	90.0	6.9099998
37	22795.0000	10306.000	130.00000	0.0	0.0	-270.0	6.8400002
7	22792.0000	10410.000	156.00000	0.0	0.0	90.0	6.9099998
139	22257.0000	10242.000	95.00000	0.0	0.0	90.0	1.4000000
127	21275.0000	10264.000	308.66269	0.0	0.0	-390.0	2.0000000
80	21245.9395	10171.820	324.00000	0.0	0.0	45.0	0.3000000
75	21189.0293	10448.530	329.94543	0.0	0.0	-45.0	1.0000000
80	21290.1465	10099.500	324.00000	0.0	0.0	90.0	0.3000000
9	21182.5293	10335.329	315.00000	0.0	0.0	135.0	2.0000000
9	21286.3594	10205.809	315.00000	0.0	0.0	125.0	2.0000000
37	22795.0000	9680.000	285.00000	0.0	0.0	-270.0	6.8400002
57	22848.4688	10078.840	186.66766	0.0	0.0	45.0	5.0000000
57	22853.0000	9809.000	226.62384	0.0	0.0	45.0	3.0000000
7	22792.0000	9995.000	254.00000	0.0	0.0	90.0	6.9099998
7	22792.0000	9786.000	299.00000	0.0	0.0	90.0	6.9099998
37	22795.0000	9890.000	232.00000	0.0	0.0	-270.0	6.8400002
20	22544.5137	9448.708	324.00000	10.0	0.0	-225.0	1.1000000
0	22732.7656	9532.000	419.99997	0.0	0.0	0.0	1.0000000
101	22629.8398	9556.119	324.00000	0.0	0.0	0.0	1.0000000
75	22464.9688	9368.319	324.00000	0.0	0.0	45.0	0.7000000
120	22533.2910	9325.999	324.00000	0.0	0.0	-270.0	0.6000000
7	22792.0000	9575.999	348.00000	0.0	0.0	90.0	6.9099998
9	22682.9766	9466.069	315.00000	0.0	0.0	-180.0	2.0000000
9	22551.7305	9473.000	315.00000	0.0	0.0	-180.0	2.0000000
9	22871.8652	9467.984	294.03085	0.0	0.0	-180.0	2.0000000
132	22733.5000	9532.898	198.99997	0.0	0.0	0.0	1.0000000
101	22539.5781	9547.550	332.56705	0.0	0.0	0.0	0.7000000
75	22570.9707	9379.960	324.00000	0.0	0.0	45.0	0.7000000
71	22756.6797	9418.641	324.00000	0.0	0.0	0.0	0.6000000
124	22651.0000	9448.000	324.00000	0.0	0.0	-360.0	0.7000000
84	22046.1230	9515.725	253.35426	0.0	0.0	-45.0	1.5000000
84	22198.5840	9630.942	323.99777	0.0	0.0	-45.0	1.5000000
92	22405.7793	9464.540	324.00000	0.0	0.0	250.0	0.5000000
9	22417.0000	9482.000	315.00000	0.0	0.0	-182.0	2.0000000
9	22270.0000	9503.000	315.00000	0.0	0.0	175.0	2.0000000
9	22099.8594	9550.500	315.00000	0.0	0.0	160.0	2.0000000
77	21888.2402	9685.140	324.00000	0.0	0.0	-190.0	0.6000000
77	21794.2969	9769.200	324.00000	0.0	0.0	-190.0	0.7000000
77	21640.9199	9866.450	324.00000	0.0	0.0	-190.0	0.6000000
9	21657.3789	9779.780	315.00000	0.0	0.0	145.0	2.0000000
9	21783.3809	9698.739	315.00000	0.0	0.0	155.0	2.0000000
75	21390.7402	10054.819	324.00000	0.0	0.0	0.0	1.0000000
84	21443.5195	10015.050	324.00000	0.0	0.0	-45.0	1.5000000
9	21393.4805	10053.720	315.00000	0.0	0.0	127.0	2.0000000
9	21517.1973	9907.960	315.00000	0.0	0.0	135.0	2.0000000
80	21477.5898	9768.520	324.00000	0.0	0.0	-90.0	0.3000000
128	21297.4570	9994.620	324.00000	0.0	0.0	90.0	0.8000000
84	22001.5938	9646.853	323.99777	0.0	0.0	0.0	1.5000000
77	21748.5293	9626.379	324.00000	0.0	0.0	-280.0	0.4000000
77	21806.1797	9581.282	324.00000	-15.0	0.0	-145.0	0.4000000
80	21674.8594	9532.310	324.00000	0.0	0.0	45.0	0.3000000
9	21932.8691	9620.140	315.00000	0.0	0.0	155.0	2.0000000
71	21884.2871	9356.279	324.00000	0.0	0.0	0.0	0.6000000
120	21893.1699	9451.060	324.00000	0.0	0.0	-270.0	0.6000000
77	21573.6191	9660.210	217.47408	0.0	0.0	-325.0	0.6000000
127	20931.3262	10618.209	257.38095	0.0	0.0	-345.0	2.0000000
75	20614.0000	10546.000	324.00000	0.0	0.0	20.0	0.8000000
120	21105.9609	10147.520	324.00000	0.0	0.0	-315.0	0.6000000
128	21008.7988	10096.950	324.00000	0.0	0.0	-135.0	1.0000000
126	20892.9785	10438.080	339.73264	0.0	0.0	270.0	3.0000000
75	21084.9902	10202.029	324.00000	0.0	0.0	0.0	0.9000000
9	20902.8086	10473.056	315.00000	0.0	0.0	165.0	2.0000000
9	21064.8594	10416.269	315.00000	0.0	0.0	155.0	2.0000000
115	20968.2695	10218.060	324.00000	0.0	0.0	0.0	1.0000000
127	20411.5605	10404.140	332.56274	0.0	0.0	-300.0	2.0000000
95	20750.8086	10139.629	324.00000	0.0	0.0	0.0	0.8000000
80	20365.6387	10249.112	325.27872	0.0	0.0	90.0	0.3000000
0	20740.6992	10151.438	349.78528	0.0	0.0	0.0	1.0000000
103	20750.0000	10350.000	324.00000	0.0	0.0	0.0	0.6000000
9	20452.0996	10335.019	315.00000	0.0	0.0	-140.0	2.0000000
9	20597.7402	10435.250	315.00000	0.0	0.0	-155.0	2.0000000
9	20751.4297	10482.810	315.00000	0.0	0.0	185.0	2.0000000
128	20591.9297	10343.340	336.33438	0.0	0.0	-0.0	0.8000000
80	20513.6289	10303.329	329.89511	0.0	0.0	0.0	0.3000000
128	20638.9102	10459.488	324.00000	0.0	0.0	-90.0	1.0000000
75	20666.6895	10375.290	328.81845	0.0	0.0	45.0	0.7000000
130	20394.5703	10374.119	324.00000	0.0	0.0	0.0	1.0000000
120	20503.6797	10140.744	324.71738	0.0	0.0	-270.0	0.6000000
75	20430.3398	10227.430	326.27924	0.0	0.0	45.0	0.7000000
77	19611.8965	10614.050	288.30359	0.0	0.0	-190.0	0.5000000
20	20153.0000	10214.000	266.00000	15.0	0.0	-175.0	1.2000000
71	20034.5293	10149.430	324.00000	0.0	0.0	0.0	1.0000000
102	20226.8867	10172.500	301.28998	0.0	-15.0	45.0	1.0000000
77	20003.2500	10275.528	324.00000	0.0	0.0	-325.0	0.4000000
128	20319.7188	10132.020	327.91000	0.0	0.0	-45.0	1.0000000
75	20252.3398	10300.309	325.12991	0.0	0.0	0.0	1.0000000
9	20255.6289	10228.310	315.00000	0.0	0.0	-155.0	2.0000000
9	20039.0000	10215.933	315.00000	0.0	0.0	-197.0	2.0000000
75	19831.0000	10144.229	324.00000	0.0	0.0	45.0	1.0000000
120	19896.1875	10138.770	329.87561	0.0	0.0	-315.0	0.6000000
77	19700.0195	10470.010	324.00000	0.0	0.0	-370.0	0.6000000
77	19855.8691	10396.800	324.00000	0.0	0.0	-190.0	0.5000000
77	19609.6504	10436.670	324.00000	0.0	0.0	-325.0	0.4000000
77	19714.0391	10339.670	324.00000	0.0	0.0	-325.0	0.3000000
80	19827.2891	10274.800	325.88995	0.0	0.0	45.0	0.4000000
9	19611.0000	10503.000	315.00000	0.0	0.0	-215.0	2.0000000
9	19873.2188	10300.399	315.00000	0.0	0.0	-210.0	2.0000000
9	19734.6699	10403.859	315.00000	0.0	0.0	-220.0	2.0000000
80	19586.6504	10320.479	324.00000	0.0	0.0	-45.0	0.4000000
75	19708.4395	10237.819	324.00000	0.0	0.0	0.0	0.7000000
80	19746.2695	10172.689	327.47018	0.0	0.0	-45.0	0.3000000
128	20533.9395	10066.550	325.73999	0.0	0.0	0.0	0.8000000
75	19906.1406	10072.140	326.96997	0.0	0.0	0.0	0.7000000
75	20219.3301	10064.779	324.26001	0.0	0.0	45.0	0.7000000
104	20192.4004	9938.020	325.03406	0.0	0.0	0.0	0.4000000
70	19732.1797	10045.350	328.11002	0.0	0.0	0.0	0.8000000
75	19717.4062	9265.870	345.31000	0.0	0.0	0.0	0.9000000
63	24673.2832	8946.693	483.09888	0.0	0.0	0.0	4.0000000
9	24631.0645	8940.290	315.00000	0.0	0.0	115.0	2.0000000
80	24611.8906	8863.980	324.00000	0.0	0.0	45.0	0.3000000
80	24630.2207	9062.790	328.99448	0.0	0.0	90.0	0.3000000
75	24641.3398	9125.389	324.00000	0.0	0.0	45.0	0.8000000
80	24732.7383	8862.460	329.79999	0.0	0.0	0.0	0.3000000
75	24732.8711	8974.789	324.00000	0.0	0.0	45.0	0.8000000
9	24654.1465	8830.089	315.00000	0.0	0.0	85.0	2.0000000
9	24640.5703	8685.430	314.98166	0.0	0.0	90.0	2.0000000
63	24635.7031	8749.660	416.19974	0.0	0.0	0.0	4.0000000
84	24655.2402	8554.380	324.00000	0.0	0.0	180.0	1.3000000
75	24745.9688	8749.470	324.00000	0.0	0.0	90.0	0.8000000
84	24764.8398	8459.810	324.00000	0.0	0.0	90.0	1.5000000
9	24674.9688	8532.629	315.00000	0.0	0.0	110.0	2.0000000
84	24826.5566	8335.779	324.00000	0.0	0.0	-135.0	1.5000000
77	24894.1895	8337.540	324.00000	-15.0	0.0	0.0	0.3500000
77	24905.4297	8194.080	324.00000	-15.0	0.0	-45.0	0.4500000
77	24926.4395	8083.896	324.00000	-15.0	0.0	-90.0	0.5500000
124	24825.3594	7993.819	324.00000	-45.0	0.0	-405.0	0.7000000
75	24763.8008	8037.359	324.00000	0.0	0.0	45.0	0.8000000
120	24636.5996	8326.840	324.00000	0.0	0.0	-135.0	0.6000000
9	24882.1875	8113.280	315.00000	0.0	0.0	90.0	2.0000000
9	24855.7383	8257.850	315.00000	0.0	0.0	105.0	2.0000000
9	24780.0605	8374.109	315.00000	0.0	0.0	135.0	2.0000000
76	24959.6094	8278.029	324.00000	0.0	0.0	0.0	0.1300000
80	24766.6797	8131.859	324.00000	0.0	0.0	45.0	0.3000000
124	24833.6289	8091.010	348.56464	-90.0	0.0	-405.0	0.6000000
77	24921.1875	7949.589	324.00000	-15.0	0.0	-135.0	0.4500000
77	24889.9590	7827.450	324.00000	-15.0	0.0	-135.0	0.3500000
80	24711.3809	7913.689	324.00000	0.0	0.0	0.0	0.3000000
112	24667.0098	7658.160	327.96161	0.0	0.0	0.0	2.0000000
75	24655.3594	7541.620	327.96091	0.0	0.0	45.0	0.7000000
9	24707.9902	7719.020	315.00000	0.0	0.0	30.0	2.0000000
9	24807.0000	7822.000	315.00000	0.0	0.0	57.0	2.0000000
9	24859.5293	7947.230	315.00000	0.0	0.0	70.0	2.0000000
70	24628.2969	7830.714	324.00000	0.0	0.0	0.0	0.8000000
80	24798.9004	7851.530	322.34000	0.0	0.0	-45.0	0.4000000
75	24723.4297	7757.260	324.00000	0.0	0.0	45.0	0.7000000
63	24533.9609	9127.837	409.42999	0.0	0.0	0.0	4.0000000
84	24176.4883	9211.790	324.00000	0.0	0.0	0.0	1.5000000
75	24544.5488	8948.279	324.00000	0.0	0.0	45.0	0.8000000
49	24449.4180	8848.990	335.12997	0.0	0.0	90.0	0.7100000
9	24201.5898	9113.649	315.00000	0.0	0.0	-135.0	2.0000000
9	24538.8594	9099.290	315.00000	0.0	0.0	125.0	2.0000000
9	24440.9980	9175.000	315.00000	0.0	0.0	155.0	2.0000000
9	24315.6777	9183.480	315.00000	0.0	0.0	-170.0	2.0000000
120	24345.2188	9102.530	324.00000	0.0	0.0	-90.0	0.6000000
49	24278.5293	8976.139	331.23120	0.0	0.0	90.0	0.5100000
49	24480.6875	9034.160	333.06464	0.0	0.0	45.0	0.6100000
84	23840.9082	9159.310	258.20398	0.0	0.0	-45.0	1.5000000
77	24007.0977	8970.430	324.00000	-15.0	0.0	-180.0	0.4500000
77	24035.7988	9038.639	324.00000	-15.0	0.0	-90.0	0.3500000
77	23958.5195	9048.500	324.00000	-15.0	0.0	-315.0	0.2500000
130	24101.6348	8967.199	324.00000	0.0	0.0	90.0	1.0000000
120	23774.7695	8950.580	324.00000	0.0	0.0	-45.0	0.6000000
9	23790.1406	9110.740	315.00000	0.0	0.0	135.0	2.0000000
9	24003.9492	9033.609	315.00000	0.0	0.0	-170.0	2.0000000
75	24459.0781	8728.950	324.00000	0.0	0.0	45.0	0.8000000
84	24519.3887	8442.401	324.00003	0.0	0.0	0.0	1.5000000
49	24549.4375	8652.939	330.86609	0.0	0.0	90.0	0.5100000
70	24095.2793	8806.419	324.00000	0.0	0.0	0.0	0.8000000
80	23402.8281	9211.350	324.00000	0.0	0.0	-90.0	0.3000000
80	23706.4199	9074.569	324.00000	0.0	0.0	45.0	0.3000000
75	23569.8984	9128.220	324.00000	0.0	0.0	0.0	0.7000000
80	23453.3691	8474.521	332.35742	0.0	0.0	225.0	0.3000000
70	22965.4883	8435.600	350.02448	0.0	0.0	0.0	0.8000000
84	23133.0000	8450.000	342.65375	0.0	0.0	0.0	1.3000000
120	23116.3047	8551.689	332.69583	0.0	0.0	-270.0	0.6000000
80	23758.0840	7959.234	333.81561	0.0	0.0	90.0	0.3000000
75	24576.9980	7951.000	324.00000	0.0	0.0	0.0	0.7000000
124	24350.0000	7550.000	324.00000	0.0	0.0	-405.0	0.7000000
120	24454.0781	7620.650	324.00000	0.0	0.0	-225.0	0.6000000
75	24546.0098	7732.010	324.00000	0.0	0.0	45.0	0.7000000
9	24552.2891	7591.910	315.00000	0.0	0.0	50.0	2.0000000
70	23715.0000	8095.000	355.00000	0.0	10.0	0.0	0.8000000
20	23337.0703	8240.146	381.00000	10.0	0.0	-225.0	1.1000000
77	23454.9707	8122.530	380.32407	-10.0	0.0	-55.0	0.5000000
120	23691.0605	8245.875	349.42346	0.0	0.0	-315.0	0.6000000
101	23329.1934	8141.387	381.87915	0.0	0.0	0.0	0.8000000
101	23384.6055	8376.871	359.09186	0.0	0.0	0.0	0.8000000
101	23602.1445	7981.993	357.85190	0.0	0.0	0.0	0.8000000
80	23407.2793	8051.930	381.32001	0.0	0.0	45.0	0.3000000
75	23554.3984	8265.989	360.46338	0.0	0.0	0.0	0.9000000
80	22924.3301	8159.489	374.24997	0.0	0.0	-45.0	0.3000000
107	23100.0000	8100.000	382.00000	0.0	0.0	0.0	0.7000000
101	22953.8887	8305.882	364.34613	0.0	0.0	0.0	0.8000000
75	23275.1836	8234.132	381.37222	0.0	0.0	0.0	0.9000000
0	23095.9082	7948.600	470.27206	0.0	0.0	0.0	1.0000000
77	23451.7891	7577.560	352.43350	-10.0	0.0	-145.0	0.4000000
20	23429.1289	7748.924	336.36536	10.0	0.0	-315.0	1.0000000
77	23459.3984	7888.620	321.93390	-10.0	0.0	-55.0	0.5000000
70	23331.1699	7933.180	381.00000	0.0	0.0	0.0	0.8000000
101	23586.6387	7734.010	346.81586	0.0	0.0	0.0	0.8000000
120	23622.7500	7699.890	339.06061	0.0	0.0	-405.0	0.6000000
80	23488.4453	7652.490	362.53537	0.0	0.0	45.0	0.3000000
70	22926.1484	7799.470	340.39343	10.0	0.0	0.0	0.9000000
84	23262.0566	7752.550	275.00000	0.0	0.0	-45.0	1.3000000
132	23097.1777	7949.383	257.68161	0.0	0.0	0.0	1.0000000
80	23015.9766	7658.320	321.89398	0.0	0.0	90.0	0.3000000
101	23108.9297	7811.142	360.87445	0.0	0.0	0.0	0.8000000
75	22954.3418	7934.762	374.37772	0.0	0.0	0.0	0.9000000
48	24624.0000	6796.000	263.00000	0.0	0.0	-15.0	1.6000000
75	24636.3379	6907.070	330.41757	0.0	0.0	90.0	0.7000000
61	24644.0586	6553.491	560.00000	0.0	0.0	0.0	1.2000000
75	24754.3496	6519.470	324.00000	0.0	0.0	45.0	0.8000000
101	24742.2598	6284.120	335.60001	0.0	0.0	0.0	0.7000000
76	24712.5801	6670.520	324.00000	0.0	0.0	-45.0	0.1300000
105	24720.0000	6423.077	324.00000	0.0	0.0	45.0	2.7000000
132	24650.0000	6550.000	324.00000	0.0	0.0	90.0	1.1000000
9	24650.1387	6328.700	315.00000	0.0	0.0	70.0	2.0000000
9	24671.7793	6472.560	315.00000	0.0	0.0	90.0	2.0000000
9	24656.0000	6620.000	315.00000	0.0	0.0	100.0	2.0000000
76	24738.6055	6587.440	288.47171	0.0	0.0	-135.0	0.1300000
76	24607.4805	6057.320	319.39996	0.0	0.0	-135.0	0.1300000
105	24604.0078	6148.960	324.00000	0.0	0.0	90.0	2.5000000
105	24696.9395	6233.870	266.84027	0.0	0.0	45.0	1.8000000
20	24464.6582	7125.589	324.00000	10.0	0.0	-450.0	1.1000000
124	24404.4395	7493.350	353.63895	-90.0	0.0	-405.0	0.6000000
71	24558.6094	7482.720	324.00000	0.0	0.0	0.0	0.9000000
77	24472.0000	7330.000	324.00000	-10.0	0.0	-450.0	0.4500000
70	24195.5488	7178.440	324.00000	0.0	0.0	0.0	0.8000000
77	24310.0625	7314.018	324.00000	-10.0	0.0	-540.0	0.3500000
77	24363.2988	7229.020	324.00000	-10.0	0.0	-495.0	0.2500000
75	24323.5293	7137.780	324.00000	0.0	0.0	45.0	0.7000000
80	24383.8789	7109.030	320.92633	0.0	0.0	0.0	0.3000000
9	24406.6797	7253.450	315.00000	0.0	0.0	90.0	2.0000000
9	24453.5605	7439.709	315.00000	0.0	0.0	60.0	2.0000000
80	24461.9590	7447.670	326.32996	0.0	0.0	90.0	0.3000000
80	24368.5000	7351.630	323.98999	0.0	0.0	45.0	0.3000000
76	24466.9297	7193.030	278.51263	0.0	0.0	135.0	0.2000000
102	24301.2383	7448.231	324.00000	0.0	0.0	0.0	1.0000000
120	24125.4492	7125.320	324.00000	0.0	0.0	-270.0	0.6000000
61	24343.4727	6851.610	560.00000	0.0	0.0	0.0	1.2000000
80	24591.7891	6736.620	324.00000	0.0	0.0	180.0	0.4000000
71	24517.0000	6996.000	324.00000	0.0	0.0	0.0	0.9000000
75	24522.2480	7103.689	328.14651	0.0	0.0	45.0	0.7000000
80	24253.0000	7085.000	324.00000	0.0	0.0	90.0	0.2000000
9	24424.9395	7063.010	315.00000	0.0	0.0	100.0	2.0000000
132	24350.0000	6850.000	324.00000	0.0	0.0	45.0	1.1000000
9	24505.3398	6899.879	315.00000	0.0	0.0	130.0	2.0000000
9	24592.7207	6779.220	315.00000	0.0	0.0	120.0	2.0000000
120	24376.6387	6966.770	324.00000	0.0	0.0	-180.0	0.6000000
75	24435.8398	6926.130	324.00000	0.0	0.0	45.0	0.7000000
101	24485.1172	6791.939	324.00000	0.0	0.0	0.0	0.7000000
120	23336.2598	7439.049	330.35999	0.0	0.0	-315.0	0.6000000
80	23568.6289	7429.210	324.52670	0.0	0.0	135.0	0.3000000
80	23459.3887	7443.510	335.31619	0.0	0.0	0.0	0.3000000
101	23530.4297	7454.470	327.40714	0.0	0.0	0.0	0.8000000
69	23565.9980	6703.000	232.00000	0.0	0.0	-405.0	1.9000000
80	23448.7402	6704.979	316.34479	0.0	0.0	-135.0	0.4000000
75	23638.3965	6761.970	324.00000	0.0	0.0	45.0	0.7000000
76	22921.2695	6767.500	324.00000	0.0	0.0	0.0	0.1300000
77	23204.6797	6731.470	324.00000	-15.0	0.0	-180.0	0.4500000
120	22970.6289	7034.590	324.00000	0.0	0.0	-225.0	0.6000000
120	23305.4199	6758.350	324.00000	0.0	0.0	-315.0	0.6000000
9	23269.6699	6726.560	315.00000	0.0	0.0	-25.0	2.0000000
9	23085.0000	6815.201	315.00000	0.0	0.0	-25.0	2.0000000
84	23028.7031	6904.501	324.00000	0.0	0.0	0.0	1.5000000
61	23744.5176	6356.187	560.00000	0.0	0.0	0.0	1.2000000
105	24582.3691	6310.570	324.00000	0.0	0.0	90.0	3.0000000
105	24544.5273	6597.860	233.00000	0.0	0.0	0.0	2.5000000
120	24548.5879	6630.310	324.00000	0.0	0.0	-180.0	0.6000000
101	24417.8301	6613.740	324.00000	0.0	0.0	0.0	0.7000000
132	23750.0000	6350.000	324.00000	0.0	0.0	90.0	1.1000000
75	23860.7188	6463.720	324.00000	0.0	0.0	45.0	0.8000000
9	23768.0000	6272.000	315.00000	0.0	0.0	-45.0	2.0000000
80	23846.2578	6472.359	324.00000	0.0	0.0	-225.0	0.4000000
105	23896.0000	6354.000	241.99998	0.0	0.0	45.0	2.2000000
75	23939.1289	6482.100	324.00000	0.0	0.0	45.0	0.6000000
61	24450.0000	6150.000	560.00000	0.0	0.0	0.0	1.2000000
61	24050.0000	6050.000	560.00000	0.0	0.0	0.0	1.2000000
75	24266.7578	6076.280	324.00000	0.0	0.0	45.0	0.8000000
75	24265.4297	5890.029	324.00000	0.0	0.0	45.0	0.8000000
105	24325.4395	5975.160	324.00000	0.0	0.0	90.0	3.0000000
105	24170.5391	5936.730	324.00000	0.0	0.0	45.0	2.5000000
105	24236.7773	6205.279	242.08000	0.0	0.0	45.0	2.2000000
132	24450.0000	6150.000	324.00000	0.0	0.0	-45.0	1.1000000
120	24494.5703	6210.030	324.00000	0.0	0.0	-225.0	0.6000000
9	24576.4473	6188.590	315.00000	0.0	0.0	52.0	2.0000000
9	24375.2266	6006.029	315.00000	0.0	0.0	20.0	2.0000000
9	24483.6602	6075.120	315.00000	0.0	0.0	45.0	2.0000000
9	24246.0000	5985.679	315.00000	0.0	0.0	-2.0	2.0000000
80	24542.9004	6050.140	329.51501	0.0	0.0	0.0	0.3000000
80	24374.4375	6078.349	324.00000	0.0	0.0	45.0	0.3000000
70	24448.1680	5977.140	324.00000	0.0	0.0	0.0	0.8000000
75	24370.8301	6146.959	324.00000	0.0	0.0	45.0	0.6000000
76	24384.5801	5895.526	324.00000	0.0	0.0	-135.0	0.1300000
75	24029.6797	5982.750	324.00000	0.0	0.0	45.0	0.8000000
105	23948.6699	5989.640	334.42621	0.0	0.0	45.0	2.2000000
105	23909.7402	6191.150	324.00000	0.0	0.0	135.0	2.9000001
101	23800.9375	6238.250	324.00000	0.0	0.0	0.0	0.9000000
101	24164.6504	6087.060	329.85999	0.0	0.0	0.0	0.7000000
48	23809.0000	6092.000	261.00000	0.0	0.0	0.0	1.6000000
132	24050.0000	6050.000	324.00000	0.0	0.0	0.0	1.1000000
120	24079.5098	6053.780	324.00000	0.0	0.0	-315.0	0.6000000
9	24078.0000	6018.000	315.00000	0.0	0.0	-25.0	2.0000000
9	23929.0000	6117.000	315.00000	0.0	0.0	-45.0	2.0000000
76	24048.1211	5913.990	324.00000	0.0	0.0	-135.0	0.1300000
20	23351.3008	6642.010	324.00000	10.0	0.0	-540.0	1.1000000
75	23369.1797	6545.980	325.23001	0.0	0.0	45.0	0.8000000
120	23734.6289	6396.460	324.00000	0.0	0.0	-315.0	0.6000000
9	23451.0000	6585.000	315.00000	0.0	0.0	-45.0	2.0000000
9	23614.0000	6429.000	315.00000	0.0	0.0	-45.0	2.0000000
104	23632.3066	6322.420	333.31137	0.0	0.0	0.0	0.4000000
71	23499.7305	6458.060	324.00000	0.0	0.0	0.0	0.9000000
71	23628.8398	6525.630	324.00000	0.0	0.0	0.0	0.6000000
120	23503.8105	6570.820	326.58484	0.0	0.0	-270.0	0.6000000
101	23298.6289	6610.040	329.90051	0.0	0.0	0.0	0.7000000
76	23241.0801	6632.120	324.00000	0.0	0.0	-45.0	0.1300000
75	23697.3398	6212.660	327.80338	0.0	0.0	45.0	0.8000000
80	22778.7988	8431.743	319.98181	0.0	0.0	90.0	0.3000000
120	21241.0996	8387.778	338.04065	0.0	0.0	-180.0	0.6000000
80	21182.3398	8580.780	329.00000	0.0	0.0	-180.0	0.3000000
77	22474.6191	8023.113	369.62210	-10.0	0.0	-280.0	0.4000000
77	22824.2090	8187.800	368.99997	-10.0	0.0	-325.0	0.5000000
84	22760.0000	8029.000	381.00000	0.0	0.0	0.0	1.4000000
20	22659.0762	8046.000	364.55673	10.0	0.0	-135.0	1.0000000
120	22614.2988	8341.545	324.00000	0.0	0.0	-225.0	0.6000000
101	22706.5879	8287.779	335.87714	0.0	0.0	0.0	0.8000000
75	22582.5410	8194.864	345.29276	0.0	0.0	0.0	0.9000000
80	22549.8262	7959.064	381.00000	0.0	0.0	90.0	0.3000000
80	22405.3594	8250.908	328.01999	0.0	0.0	270.0	0.3000000
80	22230.2480	7990.212	340.34363	0.0	0.0	0.0	0.3000000
70	22316.8770	8108.500	350.73236	0.0	0.0	0.0	0.8000000
75	22338.2598	7961.374	365.71692	0.0	0.0	0.0	0.9000000
20	22566.8184	7654.121	344.84683	10.0	0.0	-45.0	1.1000000
77	22709.7402	7814.190	381.00000	-10.0	0.0	-190.0	0.4000000
80	22495.5469	7627.338	377.39905	0.0	0.0	-45.0	0.3000000
120	22799.1172	7591.479	333.71097	0.0	0.0	-225.0	0.6000000
101	22659.4688	7676.285	367.63028	0.0	0.0	0.0	0.8000000
101	22630.0508	7946.370	381.00000	0.0	0.0	0.0	0.8000000
84	22410.5996	7839.870	373.63406	0.0	0.0	0.0	1.5000000
120	22251.5098	7798.160	333.27164	0.0	0.0	-180.0	0.6000000
80	22262.5801	7557.860	333.24542	0.0	0.0	0.0	0.3000000
101	22385.8574	7564.705	355.65436	0.0	0.0	0.0	0.8000000
70	21062.9980	8988.000	355.45178	15.0	0.0	-250.0	0.8000000
71	20819.0000	8998.000	364.36343	-15.0	0.0	0.0	1.0000000
120	20987.5898	9112.470	352.14044	0.0	0.0	-270.0	0.6000000
101	20953.9590	8977.260	371.61832	0.0	0.0	0.0	0.8000000
75	20974.7578	9078.439	360.01297	0.0	0.0	0.0	0.9000000
75	21115.9082	8884.994	336.43558	0.0	0.0	0.0	0.9000000
75	21166.6113	9067.487	336.48691	0.0	0.0	0.0	0.9000000
80	20814.8457	8866.010	381.50983	0.0	0.0	270.0	0.3000000
80	20603.4258	9222.535	325.16196	0.0	0.0	-90.0	0.3000000
20	20363.8594	8855.520	354.81000	15.0	0.0	-50.0	1.2000000
77	20647.8203	8825.500	378.95001	0.0	0.0	-100.0	0.6000000
77	20470.0898	8936.960	383.00000	0.0	0.0	-10.0	0.5000000
70	20629.0000	9060.000	362.29544	-15.0	0.0	0.0	0.8000000
80	20524.5781	8837.510	381.56265	0.0	0.0	270.0	0.3000000
75	20497.4082	9087.725	366.70941	0.0	0.0	0.0	0.9000000
80	20630.3301	8924.569	382.49997	0.0	0.0	360.0	0.3000000
77	20928.1895	8433.159	374.71841	0.0	0.0	-10.0	0.5000000
84	20904.9004	8779.350	328.23999	0.0	0.0	0.0	1.5000000
71	21049.5508	8579.566	356.70380	0.0	0.0	0.0	1.0000000
101	21123.8633	8406.236	357.51193	0.0	0.0	0.0	0.8000000
75	20797.4570	8503.452	374.82550	0.0	0.0	0.0	0.9000000
80	20375.5605	8475.300	316.71671	0.0	0.0	-135.0	0.3000000
104	20487.9980	8757.000	377.35358	5.0	0.0	0.0	0.4000000
48	20743.0000	8684.000	298.00000	15.0	0.0	0.0	1.8000000
120	20619.4297	8515.490	348.69324	0.0	0.0	-135.0	0.6000000
101	20564.8965	8618.260	362.94693	0.0	0.0	0.0	0.8000000
84	20254.8887	9123.369	377.44000	0.0	0.0	0.0	1.5000000
77	20068.9590	8939.370	381.00000	-10.0	0.0	35.0	0.6000000
120	20226.8789	9189.070	324.00000	0.0	0.0	-270.0	0.6000000
101	20058.0859	9149.268	354.72733	0.0	0.0	0.0	0.8000000
75	19962.6641	9101.139	374.77802	0.0	0.0	0.0	0.9000000
80	20202.7578	8939.140	381.59000	0.0	0.0	270.0	0.3000000
71	19894.0000	9230.000	334.12732	-15.0	0.0	0.0	1.0000000
84	19858.5605	8932.460	381.87839	0.0	0.0	0.0	1.5000000
70	19653.0000	8987.000	363.00000	15.0	0.0	-135.0	0.8000000
70	19822.7891	9073.289	377.01999	0.0	0.0	0.0	0.8000000
101	19534.1934	8833.751	347.07913	0.0	0.0	0.0	0.8000000
80	19643.4531	9162.498	339.23264	0.0	0.0	-90.0	0.3000000
120	20163.7109	8454.660	316.89001	0.0	0.0	40.0	0.6000000
120	20074.6484	8712.902	336.33844	0.0	0.0	-90.0	0.6000000
101	20198.8145	8802.494	364.98462	0.0	0.0	0.0	0.8000000
75	20065.3184	8788.321	364.33078	0.0	0.0	0.0	0.9000000
75	20277.7285	8751.721	358.30542	0.0	0.0	0.0	0.9000000
48	19641.1309	8640.229	306.10428	0.0	0.0	-45.0	1.9000000
77	19585.6211	8408.790	381.00000	0.0	0.0	-100.0	0.6000000
70	19857.6602	8655.030	365.09000	0.0	0.0	0.0	0.8000000
77	19712.5098	8780.718	386.18976	-10.0	0.0	80.0	0.5000000
101	19774.3301	8505.666	352.35071	0.0	0.0	0.0	0.8000000
75	19495.9336	8680.342	363.30975	0.0	0.0	0.0	0.9000000
75	19530.9473	8487.274	381.00000	0.0	0.0	0.0	0.9000000
80	19745.7090	8717.229	378.75998	0.0	0.0	315.0	0.3000000
80	19707.9160	8416.709	371.25696	0.0	0.0	315.0	0.3000000
80	21125.8203	8174.540	336.01001	0.0	0.0	-45.0	0.3000000
77	21000.7891	8311.590	377.00000	-15.0	0.0	215.0	0.4000000
104	20848.8867	8347.840	355.38138	15.0	0.0	315.0	0.4000000
70	21005.5586	8144.910	344.99997	15.0	0.0	0.0	0.8000000
75	20890.1465	8219.111	348.86398	0.0	0.0	0.0	0.9000000
75	21148.0645	8259.078	343.83459	0.0	0.0	0.0	0.9000000
80	20711.2793	7983.599	310.68475	0.0	0.0	-180.0	0.3000000
120	20633.9570	8151.816	313.94263	0.0	0.0	40.0	0.6000000
46	20453.0000	8278.000	316.00000	0.0	0.0	45.0	0.7000000
80	20448.7988	7556.180	311.49951	0.0	0.0	-90.0	0.3000000
46	20329.8086	7595.290	309.53857	0.0	0.0	270.0	0.8000000
46	20736.4199	7789.810	310.69504	0.0	0.0	135.0	0.7000000
90	20584.3301	7863.560	316.00000	0.0	0.0	-240.0	2.0000000
90	20571.8789	7607.020	310.09000	0.0	0.0	-240.0	1.0000000
80	20671.4883	7666.759	311.71802	0.0	0.0	-225.0	0.3000000
80	20016.7891	8375.350	316.45676	0.0	0.0	-135.0	0.3000000
90	20261.1504	8245.970	319.99997	0.0	0.0	-90.0	2.0000000
46	20080.0000	8198.000	312.00000	0.0	0.0	135.0	0.8000000
20	19611.0059	8051.000	278.00000	15.0	0.0	85.0	1.2000000
71	19744.0000	8227.000	332.94193	0.0	15.0	0.0	1.0000000
120	19809.2109	8361.475	326.66849	0.0	0.0	-180.0	0.6000000
77	19488.7285	8073.728	379.96411	0.0	0.0	-10.0	0.5000000
101	19776.6523	8002.871	344.19757	0.0	0.0	0.0	0.8000000
75	19587.2871	8226.094	379.16418	0.0	0.0	0.0	0.9000000
120	20140.4805	7545.040	314.45551	0.0	0.0	-225.0	0.6000000
90	20254.6602	7744.070	316.00000	0.0	0.0	-295.0	2.0000000
120	20100.0000	7850.000	302.73627	0.0	0.0	175.0	0.6000000
80	20038.5078	7768.770	318.82416	0.0	0.0	-45.0	0.3000000
77	19569.7500	7548.020	360.00000	-20.0	0.0	-190.0	0.4000000
84	19543.9590	7884.669	380.32001	0.0	0.0	0.0	1.5000000
80	19505.3184	7957.036	382.49997	0.0	0.0	90.0	0.3000000
70	19602.0098	7665.000	373.12997	0.0	0.0	0.0	0.8000000
120	19753.7285	7580.699	336.59488	0.0	0.0	-225.0	0.6000000
122	19600.0000	7800.000	324.00000	0.0	0.0	0.0	0.5000000
104	19791.5039	7813.844	337.25635	0.0	0.0	0.0	0.4000000
75	19716.2637	7721.293	359.62003	0.0	0.0	0.0	0.9000000
80	19506.8301	7640.640	364.42996	0.0	0.0	180.0	0.3000000
80	19696.2793	7629.856	347.73450	0.0	0.0	-45.0	0.3000000
77	22500.9492	7496.170	224.29318	-10.0	0.0	-190.0	0.5000000
101	22579.0000	7485.000	350.00000	0.0	0.0	0.0	0.7000000
75	22474.9688	7324.921	337.12805	0.0	0.0	0.0	0.9000000
80	22652.0898	7418.742	328.03131	0.0	0.0	-45.0	0.3000000
120	22389.0000	7297.800	330.67499	0.0	0.0	-315.0	0.6000000
77	22805.9492	6723.130	324.00000	0.0	0.0	-315.0	0.3500000
70	22833.7578	6964.930	324.00000	0.0	0.0	0.0	0.8000000
77	22702.8906	6704.600	179.00000	-10.0	0.0	-495.0	0.3500000
104	22489.8301	6755.850	326.09454	0.0	0.0	0.0	0.4000000
75	22714.9375	6988.340	324.00000	0.0	0.0	45.0	0.8000000
9	22668.0000	6721.000	315.00000	0.0	0.0	45.0	2.0000000
9	22848.0000	6828.000	315.00000	0.0	0.0	20.0	2.0000000
80	22743.5996	6842.190	324.00000	0.0	0.0	-45.0	0.3000000
104	22637.0195	6778.100	325.62598	0.0	0.0	0.0	0.3000000
75	22845.5312	6836.896	324.00000	0.0	0.0	45.0	0.8000000
101	22094.1797	6757.910	324.00000	0.0	0.0	0.0	0.7000000
128	21725.2383	7278.771	323.99994	0.0	0.0	90.0	0.9000000
111	21580.0996	7141.200	324.00000	0.0	0.0	-225.0	0.7000000
124	21649.0996	6744.550	324.00000	0.0	0.0	-405.0	0.8000000
80	21992.8496	6728.200	324.00000	0.0	0.0	-135.0	0.3000000
120	21775.8398	7103.630	324.00000	0.0	0.0	-315.0	0.6000000
128	21618.0098	6897.830	324.00000	0.0	0.0	0.0	0.9000000
75	21957.7695	6854.570	324.00000	0.0	0.0	45.0	0.8000000
9	21614.0000	6730.511	315.00000	0.0	0.0	0.0	2.0000000
9	21735.0000	6718.193	315.00000	0.0	0.0	-10.0	2.0000000
120	21815.5449	6825.709	324.00000	0.0	0.0	130.0	0.6000000
70	21868.5781	6761.413	324.00000	0.0	0.0	0.0	0.8000000
124	21749.3789	6949.760	324.00000	0.0	0.0	-405.0	0.7000000
102	21743.7227	6789.837	324.00000	0.0	0.0	270.0	1.0000000
130	21790.9277	6896.530	324.00000	0.0	0.0	45.0	1.0000000
104	21863.8984	6967.170	324.00000	0.0	0.0	0.0	0.4000000
124	21719.0000	7015.000	352.38226	-90.0	0.0	-405.0	0.6000000
80	21549.9102	6743.169	324.00000	0.0	0.0	-135.0	0.2500000
35	21251.0000	6742.000	325.00000	0.0	0.0	-900.0	3.5999999
31	21344.2969	6826.887	319.99997	0.0	0.0	-180.0	2.5000000
9	21248.3418	6729.609	301.62750	0.0	0.0	0.0	2.0000000
9	21409.1602	6734.169	301.62750	0.0	0.0	0.0	2.0000000
86	22654.9199	6646.062	324.00000	0.0	0.0	0.0	1.3000000
77	22614.9688	6499.170	324.00000	0.0	0.0	-270.0	0.3500000
80	22475.9102	6479.839	324.00000	0.0	0.0	-90.0	0.4000000
75	22534.7207	6548.860	324.00000	0.0	0.0	45.0	0.8000000
120	22502.6602	6604.130	324.00000	0.0	0.0	-225.0	0.6000000
9	22463.8086	6417.800	315.00000	0.0	0.0	45.0	2.0000000
9	22558.0000	6556.000	315.00000	0.0	0.0	64.0	2.0000000
101	22666.0996	6578.979	330.17999	0.0	0.0	0.0	0.7000000
76	22057.5586	6330.799	324.00000	0.0	0.0	135.0	0.2000000
80	22084.0781	6449.430	324.00000	0.0	0.0	-135.0	0.3000000
75	22051.1797	6506.700	324.00000	0.0	0.0	45.0	0.8000000
80	22077.7500	6653.419	319.45999	0.0	0.0	-90.0	0.4000000
84	22248.3691	6309.178	324.00000	0.0	0.0	-45.0	1.5000000
75	22130.2500	6276.110	324.00000	0.0	0.0	0.0	0.8000000
84	22309.6367	6366.920	324.00000	0.0	0.0	90.0	1.2000000
84	22238.1172	6347.480	324.00000	0.0	0.0	180.0	1.1000000
84	22416.0195	6357.189	324.00000	0.0	0.0	0.0	1.5000000
9	22363.9102	6345.339	315.00000	0.0	0.0	20.0	2.0000000
9	22246.7695	6337.199	315.00000	0.0	0.0	-20.0	2.0000000
9	22109.3574	6417.640	315.00000	0.0	0.0	-45.0	2.0000000
80	22103.0898	6532.950	324.00000	0.0	0.0	-90.0	0.2000000
80	22131.8809	6354.670	325.13559	0.0	0.0	-135.0	0.2000000
101	22200.1699	6526.729	324.00000	0.0	0.0	0.0	0.7000000
77	21761.4570	6650.490	324.00000	-15.0	0.0	-180.0	0.3500000
77	21872.7090	6632.520	324.00000	-15.0	0.0	-180.0	0.4500000
77	21935.6211	6572.990	324.00000	-15.0	0.0	-225.0	0.4500000
77	22004.7988	6434.620	324.00000	0.0	0.0	-180.0	0.3500000
76	21951.6191	6649.550	324.00000	0.0	0.0	225.0	0.2000000
77	22015.9902	6549.240	324.00000	15.0	0.0	90.0	0.3000000
9	22026.5000	6532.850	315.00000	0.0	0.0	-55.0	2.0000000
9	21877.0410	6671.460	315.00000	0.0	0.0	-20.0	2.0000000
34	21607.0703	6605.340	324.00000	0.0	0.0	0.0	2.0000000
57	21491.2070	6327.198	324.00000	0.0	0.0	45.0	4.0000000
26	21251.0000	6651.000	324.00000	0.0	0.0	90.0	4.2500000
33	21486.0000	6644.000	324.00000	0.0	0.0	90.0	2.5000000
89	21251.4688	6381.494	326.00000	0.0	0.0	-360.0	1.8800000
18	21485.4727	6285.870	313.00000	0.0	0.0	90.0	1.3000000
32	21251.0000	6390.000	326.00000	0.0	0.0	270.0	10.0000000
18	21485.9766	6519.662	313.00000	0.0	0.0	270.0	1.3000000
57	21482.4180	6128.359	324.00000	0.0	0.0	45.0	3.0000000
57	21482.2578	5929.380	324.00000	0.0	0.0	45.0	4.0000000
32	21251.0000	5935.000	326.00000	0.0	0.0	270.0	10.0000000
89	21250.0000	5957.000	326.00000	0.0	0.0	-360.0	1.8800000
18	21485.1152	6052.580	313.00000	0.0	0.0	90.0	1.3000000
130	20954.8887	7129.629	324.00000	0.0	0.0	0.0	1.0000000
111	20912.3203	7195.064	324.00000	0.0	0.0	-135.0	0.7000000
111	20810.9395	6849.897	324.00000	0.0	0.0	-90.0	0.7000000
31	21157.7090	6823.250	325.00000	180.0	0.0	-360.0	2.5000000
9	20900.0000	6733.000	315.00000	0.0	0.0	0.0	2.0000000
9	21090.6914	6735.079	301.62750	0.0	0.0	0.0	2.0000000
120	20846.0488	7031.323	324.00000	0.0	0.0	130.0	0.6000000
80	20946.0898	6758.250	324.00000	0.0	0.0	-135.0	0.3000000
76	20546.4805	6748.240	332.54041	0.0	0.0	-135.0	0.2000000
128	20677.5781	7089.180	324.00000	0.0	0.0	45.0	0.9000000
120	20695.2598	6707.709	324.00000	0.0	0.0	130.0	0.6000000
9	20709.3301	6683.819	315.00000	0.0	0.0	25.0	2.0000000
128	20651.7090	6811.089	324.00000	0.0	0.0	135.0	0.9000000
80	20463.0605	6777.959	341.95999	0.0	0.0	-90.0	0.3000000
101	19575.9707	7420.109	329.12796	0.0	0.0	0.0	0.8000000
70	20269.3672	6755.979	350.88507	0.0	0.0	0.0	0.8000000
80	20211.3984	6902.675	329.55032	0.0	0.0	-45.0	0.3000000
115	19490.6289	6725.750	324.24414	0.0	0.0	0.0	0.9000000
120	19521.7305	6800.063	324.00000	0.0	0.0	85.0	0.6000000
104	20920.4902	6638.560	339.47821	0.0	0.0	0.0	0.3000000
33	21015.1875	6644.058	324.00000	0.0	0.0	90.0	2.5000000
18	21016.2695	6388.430	313.00000	0.0	0.0	90.0	1.3000000
18	21016.0098	6504.990	313.00000	0.0	0.0	90.0	1.3000000
76	20843.0000	6642.000	324.00000	0.0	0.0	0.0	0.1300000
84	20362.1094	6495.720	334.47806	0.0	0.0	-405.0	1.3000000
84	20374.2891	6591.530	324.00000	0.0	0.0	-315.0	1.3000000
84	20639.3691	6646.990	324.00000	0.0	0.0	-360.0	1.3000000
76	20544.1797	6549.419	324.86481	0.0	0.0	90.0	0.2000000
9	20456.0000	6570.000	315.00000	0.0	0.0	20.0	2.0000000
9	20609.5098	6625.701	315.00000	0.0	0.0	25.0	2.0000000
101	20526.9297	6481.330	330.25781	0.0	0.0	0.0	0.7000000
18	21015.9980	5843.000	313.00000	0.0	0.0	90.0	1.3000000
18	21016.0293	6115.810	313.00000	0.0	0.0	90.0	1.3000000
9	20112.4590	6405.500	315.00000	0.0	0.0	25.0	2.0000000
84	20284.3887	6409.360	324.00000	0.0	0.0	-135.0	1.3000000
84	20293.3066	6531.250	324.00000	0.0	0.0	-180.0	1.3000000
76	19978.8105	6253.560	324.00000	0.0	0.0	45.0	0.3000000
76	20101.0898	6298.330	324.00000	0.0	0.0	0.0	0.2000000
76	20032.0898	6311.290	304.75055	0.0	0.0	-45.0	0.2000000
80	20023.9082	6257.040	334.48404	0.0	0.0	90.0	0.3000000
120	20163.8086	6652.489	325.97562	0.0	0.0	-225.0	0.6000000
9	19941.6602	6308.420	315.00000	0.0	0.0	33.0	2.0000000
9	20279.2383	6488.260	315.00000	0.0	0.0	25.0	2.0000000
71	20087.8105	6531.850	324.00000	0.0	0.0	0.0	1.0000000
76	19946.6992	6353.610	292.45590	0.0	0.0	-90.0	0.2000000
76	20038.9473	6426.780	265.00000	0.0	0.0	-45.0	0.2000000
76	20152.8281	6366.370	276.95447	0.0	0.0	0.0	0.2000000
80	20068.7988	6376.070	333.61505	0.0	0.0	90.0	0.3000000
80	19952.3496	6423.770	325.64099	0.0	0.0	-90.0	0.2000000
76	19880.2285	6307.759	324.00000	0.0	0.0	-45.0	0.2000000
80	19883.9668	6406.710	322.84113	0.0	0.0	0.0	0.3000000
70	19751.2793	6317.091	324.00003	0.0	0.0	0.0	0.8000000
120	19603.3301	6288.234	324.00000	0.0	0.0	-225.0	0.6000000
80	19741.5703	6432.860	324.00000	0.0	0.0	-45.0	0.3000000
74	19973.7129	6248.380	504.00000	0.0	0.0	-380.0	0.1800000
80	19920.8398	6190.220	336.00491	0.0	0.0	-45.0	0.3000000
34	19641.8281	5947.510	324.00000	0.0	0.0	45.0	2.0000000
71	19540.0703	6056.880	324.00000	0.0	0.0	0.0	1.0000000
76	19898.8867	6216.740	324.00000	0.0	0.0	-45.0	0.2000000
76	19858.0996	6155.030	310.01703	0.0	0.0	45.0	0.2000000
80	19825.8984	6240.150	324.00000	0.0	0.0	0.0	0.3000000
48	19749.8906	6126.730	260.94998	0.0	0.0	0.0	1.9000000
9	19624.1094	6094.040	315.00000	0.0	0.0	40.0	2.0000000
9	19784.5000	6207.649	315.00000	0.0	0.0	33.0	2.0000000
101	19618.6484	6195.430	324.00003	0.0	0.0	0.0	0.7000000
76	19536.2988	5895.250	324.00000	0.0	0.0	45.0	0.1000000
76	19707.3906	6046.360	337.14996	0.0	0.0	45.0	0.1300000
75	19069.0801	12246.389	324.26001	0.0	0.0	135.0	0.9000000
84	18842.3496	12256.489	286.32675	0.0	0.0	45.0	1.5000000
120	18934.4785	12314.420	326.01999	0.0	0.0	0.0	0.6000000
37	18737.0000	12393.999	279.00000	0.0	0.0	-180.0	8.0000000
7	18850.0000	12389.999	329.00000	0.0	0.0	-540.0	8.3299999
7	18622.0000	12389.999	285.00000	0.0	0.0	-540.0	8.3299999
9	18925.5117	12305.938	315.00000	0.0	0.0	275.0	2.0000000
9	18907.3672	12477.550	294.85236	0.0	0.0	-90.0	2.0000000
9	18903.4355	12617.149	294.85236	0.0	0.0	-90.0	2.0000000
31	19011.3438	12595.188	322.00000	0.0	0.0	90.0	2.5000000
9	19060.3789	11991.359	315.00000	0.0	0.0	-65.0	2.0000000
120	19443.5996	12004.170	326.67319	0.0	0.0	-135.0	0.6000000
77	19131.4395	11806.328	325.68207	0.0	0.0	-215.0	0.5000000
77	19293.5000	11860.769	223.19998	0.0	0.0	-215.0	0.5000000
84	19147.7090	11902.560	325.00000	0.0	0.0	135.0	1.2000000
80	19105.0391	12156.670	324.62027	0.0	0.0	-585.0	0.3000000
75	19198.1797	12100.850	324.79001	0.0	0.0	90.0	0.9000000
9	19155.2695	11845.129	315.00000	0.0	0.0	-50.0	2.0000000
80	19265.0000	11996.000	326.00000	0.0	0.0	-495.0	0.4000000
75	19398.2598	11922.379	326.00000	0.0	0.0	135.0	0.7000000
84	18937.5801	12059.868	350.51999	0.0	0.0	45.0	1.5000000
9	18971.2305	12168.239	315.00000	0.0	0.0	-62.0	2.0000000
57	18303.0000	12409.000	179.00000	0.0	0.0	45.0	2.5000000
57	18516.5566	12396.631	205.91368	0.0	0.0	45.0	5.0000000
37	18276.0000	12393.999	163.00000	0.0	0.0	-180.0	8.0000000
27	18250.3672	12649.601	170.12074	0.0	0.0	-90.0	3.5000000
37	18507.0000	12393.999	221.00000	0.0	0.0	-180.0	8.0000000
7	18390.9980	12389.999	230.00000	0.0	0.0	-900.0	8.3299999
57	18057.0000	12407.999	111.00000	0.0	0.0	45.0	5.0000000
57	17832.0000	12402.000	34.00000	0.0	0.0	45.0	2.5000000
7	17929.0000	12389.999	114.00000	0.0	0.0	-900.0	8.3299999
37	17815.0000	12393.999	47.00000	0.0	0.0	-180.0	8.0000000
7	18159.0000	12389.999	171.99998	0.0	0.0	-900.0	8.3299999
37	18046.0000	12393.999	104.99999	0.0	0.0	-180.0	8.0000000
103	19450.0000	11550.000	327.00000	0.0	0.0	135.0	0.6800000
75	19439.4766	11787.160	326.68860	0.0	0.0	90.0	0.9000000
75	19465.6797	11648.670	327.00000	0.0	0.0	90.0	0.7000000
77	19225.4590	11683.072	325.03995	0.0	0.0	-80.0	0.5000000
77	19308.4902	11465.529	328.00000	0.0	0.0	-35.0	0.6000000
101	19361.2480	11575.469	326.43579	0.0	0.0	25.0	0.9000000
9	19280.5977	11689.149	315.00000	0.0	0.0	-55.0	2.0000000
9	19381.5664	11516.600	315.00000	0.0	0.0	-65.0	2.0000000
9	19469.3398	11402.170	315.00000	0.0	0.0	-40.0	2.0000000
80	19347.8691	11679.170	326.79199	0.0	0.0	-540.0	0.4000000
77	19448.2871	11316.225	325.12726	0.0	0.0	10.0	0.5000000
66	18200.0000	11300.000	0.00000	0.0	0.0	-90.0	1.2000000
49	17850.0000	11350.000	5.19567	0.0	0.0	0.0	0.7100000
57	17593.0000	12404.000	11.00000	0.0	0.0	45.0	2.0000000
71	17456.0898	12249.170	0.00000	0.0	0.0	0.0	1.0000000
7	17699.0000	12389.999	53.00000	0.0	0.0	-900.0	8.3299999
75	17314.0000	12362.000	0.00000	0.0	0.0	70.0	0.9000000
80	16927.2988	12443.239	0.00000	0.0	0.0	-165.0	0.3000000
75	16989.7188	12362.996	0.00000	0.0	0.0	90.0	0.6000000
157	17361.6309	11902.635	0.00000	0.0	0.0	-90.0	1.8000000
76	17351.3984	12058.930	0.00000	0.0	0.0	-775.0	0.1700000
101	17468.3691	11966.620	0.00000	0.0	0.0	0.0	1.0000000
75	17460.2305	11860.479	0.00000	0.0	0.0	45.0	0.7000000
75	17131.5664	11876.490	0.00000	0.0	0.0	90.0	0.9000000
80	17267.5391	11990.969	0.00000	0.0	0.0	285.0	0.2500000
80	17176.9980	11925.000	0.00000	0.0	0.0	330.0	0.1800000
80	17209.2871	11829.850	5.51414	0.0	0.0	150.0	0.3000000
120	17337.9785	12170.399	0.00000	0.0	0.0	-225.0	0.6000000
75	16841.1191	12508.459	0.00000	0.0	0.0	135.0	0.6000000
75	16885.6406	12364.238	0.00000	0.0	0.0	225.0	0.6000000
75	16443.3008	12354.950	0.00000	0.0	0.0	45.0	0.6000000
158	16250.0000	12250.000	0.00000	0.0	0.0	90.0	1.8000000
7	16211.0000	12393.999	4.00000	0.0	0.0	-180.0	8.5000000
80	16792.0000	12192.000	0.00000	0.0	0.0	-255.0	0.2200000
75	16713.9805	12140.738	0.00000	0.0	0.0	45.0	0.6000000
75	16875.7070	12207.511	0.00000	0.0	0.0	90.0	0.6000000
71	16266.7998	12094.299	0.00000	0.0	0.0	0.0	1.0000000
71	16431.9199	12195.350	0.00000	0.0	0.0	0.0	0.7000000
91	16342.1094	11840.529	0.00000	0.0	0.0	-315.0	1.8000000
148	16197.7295	11917.689	0.00000	0.0	0.0	45.0	1.6000000
80	16348.4590	11978.409	0.00000	0.0	0.0	150.0	0.3000000
20	16244.6094	11946.060	0.00000	0.0	0.0	130.0	1.0000000
5	16227.4902	11873.369	0.00000	0.0	0.0	-108.0	2.2000000
5	16270.7705	12065.148	0.00000	0.0	0.0	-98.0	2.2000000
102	17380.9609	11594.240	0.00000	0.0	0.0	-60.0	1.0000000
71	17396.5996	11750.988	0.00000	0.0	0.0	0.0	1.0000000
49	17750.0000	11450.000	0.00000	0.0	0.0	0.0	0.7100000
75	17205.6797	11465.120	0.00000	0.0	0.0	45.0	0.9000000
75	16995.2793	11417.830	0.00000	0.0	0.0	90.0	0.9000000
75	17031.5195	11760.609	0.00000	0.0	0.0	45.0	0.7000000
98	17242.7969	11638.039	0.00000	0.0	0.0	45.0	1.5000000
91	17291.5625	11717.479	4.97515	15.0	0.0	-675.0	2.3000000
91	17275.1602	11755.479	3.52485	0.0	0.0	-765.0	2.3000000
49	17310.0684	11494.860	5.00000	0.0	0.0	0.0	0.7100000
49	17107.3477	11554.750	5.00000	0.0	0.0	-45.0	0.7100000
49	17550.0000	11250.000	1.82000	0.0	0.0	0.0	0.7100000
49	17450.0000	11350.000	5.81053	0.0	0.0	0.0	0.7100000
49	17650.0000	11350.000	0.00000	0.0	0.0	0.0	0.7100000
80	17176.0898	11030.889	0.00000	0.0	0.0	-255.0	0.4000000
80	17047.2266	11058.410	0.00000	0.0	0.0	-165.0	0.3000000
71	17278.7695	10978.350	0.00000	0.0	0.0	0.0	1.0000000
75	17106.5195	11261.989	0.00000	0.0	0.0	90.0	0.9000000
49	17293.2090	11278.899	5.00000	0.0	0.0	-135.0	0.6100000
49	17142.8496	11155.050	5.00000	0.0	0.0	0.0	0.7100000
49	17163.9297	11355.850	5.00000	0.0	0.0	-135.0	0.6100000
148	16691.7383	11662.350	1.32719	-90.0	0.0	15.0	1.8000000
148	16636.5410	11602.450	3.93393	-90.0	0.0	-30.0	1.8000000
156	16167.8301	11777.700	0.00000	0.0	0.0	70.0	1.7000000
148	16296.0498	11754.170	2.02622	-90.0	0.0	135.0	1.6000000
148	16113.8779	11688.920	0.00000	-15.0	0.0	135.0	1.6000000
75	16275.1084	11789.238	0.00000	0.0	0.0	45.0	0.7000000
49	16150.0000	11550.000	8.46885	0.0	0.0	0.0	0.7100000
49	16200.0000	11450.000	6.67172	0.0	0.0	-135.0	0.6000000
5	16170.0596	11694.600	0.00000	0.0	0.0	-105.0	2.2000000
49	16298.6191	11601.289	5.00000	0.0	0.0	0.0	0.6500000
49	16450.0000	11550.000	5.00000	0.0	0.0	0.0	0.7100000
80	16508.0488	10948.129	0.00000	0.0	0.0	-390.0	0.3500000
75	16548.0000	11118.000	0.00000	0.0	0.0	0.0	0.9000000
49	16635.6211	11202.090	5.69562	0.0	0.0	-45.0	0.5100000
84	16082.1699	11157.660	10.92000	0.0	0.0	0.0	1.2000000
49	16150.0000	11350.000	8.18800	0.0	0.0	0.0	0.7100000
49	16303.0000	11364.999	8.16059	0.0	0.0	-45.0	0.7100000
49	16350.0000	11250.000	6.67172	0.0	0.0	0.0	0.7100000
84	19336.5996	10672.234	324.00000	0.0	0.0	-45.0	1.6000000
20	19150.0000	10550.000	324.00000	10.0	0.0	-495.0	1.1000000
9	19151.0000	10530.000	315.00000	0.0	0.0	-155.0	2.0000000
9	19306.0586	10577.648	315.00000	0.0	0.0	-175.0	2.0000000
9	19460.0000	10568.999	315.00000	0.0	0.0	-195.0	2.0000000
71	19203.6797	10434.420	324.00000	0.0	0.0	0.0	1.0000000
120	19063.2891	10217.620	324.00000	0.0	0.0	-225.0	0.6000000
80	19469.1094	10486.309	324.00000	0.0	0.0	-90.0	0.4000000
70	19284.5898	10305.780	324.00000	0.0	0.0	0.0	0.6000000
101	19348.8379	10438.210	324.00000	0.0	0.0	0.0	0.8000000
76	18862.0605	10112.350	324.00000	0.0	0.0	-45.0	0.2000000
76	18771.0605	10174.440	324.00000	0.0	0.0	45.0	0.3000000
84	18931.5801	10431.300	324.00000	0.0	0.0	0.0	1.6000001
9	19017.9395	10428.090	315.00000	0.0	0.0	-135.0	2.0000000
9	18898.9082	10288.488	315.00000	0.0	0.0	-130.0	2.0000000
9	18828.5898	10156.938	315.00000	0.0	0.0	-110.0	2.0000000
80	18902.7305	10255.270	324.00000	0.0	0.0	-45.0	0.4000000
76	18800.9805	10301.149	336.26752	0.0	0.0	-135.0	0.1000000
101	19140.8105	9858.449	324.00000	0.0	0.0	0.0	0.8000000
75	19114.1758	9983.354	324.00003	0.0	0.0	90.0	0.7000000
76	18794.3809	10001.829	324.00000	0.0	0.0	90.0	0.4000000
76	18745.0195	9821.670	324.00000	0.0	0.0	90.0	0.3000000
76	18846.0996	9854.500	324.00000	0.0	0.0	45.0	0.2000000
84	18750.0801	9686.982	324.00000	0.0	0.0	0.0	1.5000000
120	18973.5703	9747.060	324.00000	0.0	0.0	-195.0	0.6000000
9	18807.6602	10007.180	315.00000	0.0	0.0	-90.0	2.0000000
9	18808.7305	9819.829	315.00000	0.0	0.0	-90.0	2.0000000
70	19002.6016	9941.617	324.00000	0.0	0.0	0.0	0.8000000
76	18894.1582	9931.920	324.00000	0.0	0.0	-45.0	0.1000000
115	19197.4512	9493.220	324.00000	0.0	0.0	0.0	1.0000000
120	18868.6895	9308.609	324.00000	0.0	0.0	-225.0	0.6000000
84	18720.5078	9501.960	324.00000	0.0	0.0	0.0	1.2000000
9	18790.9961	9440.000	315.00000	0.0	0.0	-105.0	2.0000000
9	18722.3398	9242.150	315.00000	0.0	0.0	-110.0	2.0000000
9	18815.7598	9640.510	315.00000	0.0	0.0	-85.0	2.0000000
75	18739.3379	9301.780	324.00000	0.0	0.0	45.0	0.7000000
75	18964.3379	9334.750	324.00000	0.0	0.0	45.0	0.7000000
80	18861.7695	9528.470	324.00000	0.0	0.0	-45.0	0.4000000
120	17021.4395	10907.439	4.54743	0.0	0.0	-225.0	0.6000000
80	17042.9785	10654.991	0.00000	0.0	0.0	-255.0	0.4000000
156	17086.0195	10759.540	0.00000	0.0	0.0	0.0	1.7000000
91	17190.0977	10842.705	36.65000	65.0	0.0	-300.0	1.8000000
75	16919.7402	10642.770	0.00000	0.0	0.0	90.0	0.9000000
75	17185.0996	10643.979	4.32142	0.0	0.0	45.0	0.6000000
91	17253.8398	10850.309	5.69173	0.0	0.0	-345.0	1.8000000
71	16942.0195	10483.200	0.00000	0.0	0.0	0.0	1.0000000
158	17122.0000	10480.000	0.00000	0.0	0.0	60.0	1.8000000
49	16950.0000	10150.000	5.02638	0.0	0.0	0.0	0.7100000
49	16943.8887	10352.010	5.00000	0.0	0.0	-45.0	0.7100000
49	17150.0000	10150.000	0.00000	0.0	0.0	0.0	0.7100000
80	16543.9590	10757.169	0.00000	0.0	0.0	-345.0	0.2500000
101	16875.6895	10757.988	0.00000	0.0	0.0	0.0	1.0000000
75	16220.9580	10582.720	0.00000	0.0	0.0	0.0	0.9000000
75	16475.0098	10835.250	0.00000	0.0	0.0	0.0	0.5000000
148	16456.9102	10644.819	0.00000	0.0	0.0	45.0	1.8000000
148	16478.0000	10672.000	0.00000	-15.0	0.0	-45.0	1.8000000
148	16423.8809	10626.729	0.00000	-15.0	0.0	90.0	1.8000000
49	16795.7598	10119.930	5.00000	0.0	0.0	-135.0	0.6100000
49	16738.5000	10290.320	5.00000	0.0	0.0	0.0	0.7100000
49	16611.2207	10147.200	5.00000	0.0	0.0	-135.0	0.6100000
49	16793.1191	10474.510	5.00000	0.0	0.0	-90.0	0.6100000
80	16581.9297	10293.508	0.00000	0.0	0.0	-345.0	0.2500000
49	17350.0000	9950.000	2.11897	0.0	0.0	0.0	0.7100000
66	17650.0000	9750.000	0.00000	0.0	0.0	-120.0	1.2000000
49	17050.0000	10050.000	1.05506	0.0	0.0	0.0	0.7100000
49	17250.0000	10050.000	0.00000	0.0	0.0	0.0	0.7100000
112	16498.0898	9813.010	0.00000	0.0	0.0	-125.0	1.8000000
80	16623.9199	9812.460	0.00000	0.0	0.0	-165.0	0.4000000
20	16545.6289	9752.093	0.00000	0.0	0.0	130.0	1.0000000
71	16727.9492	9916.600	0.00000	0.0	0.0	0.0	1.0000000
120	16316.7100	10017.778	0.00000	0.0	0.0	-180.0	0.6000000
75	16357.5195	9852.930	0.00000	0.0	0.0	0.0	0.9000000
101	16600.6797	9663.100	0.00000	0.0	0.0	0.0	1.0000000
98	16349.4199	9643.999	0.00000	0.0	0.0	45.0	1.5000000
91	16302.1396	9540.310	0.00000	0.0	0.0	-315.0	1.8000000
71	16414.2988	9525.120	0.00000	0.0	0.0	0.0	1.0000000
49	16069.4600	9266.870	5.00000	0.0	0.0	-90.0	0.7100000
49	16231.3496	9397.580	5.00000	0.0	0.0	-45.0	0.7100000
49	16189.0000	9567.000	5.00000	0.0	0.0	-45.0	0.6100000
57	15805.0000	12417.000	67.34078	0.0	0.0	45.0	5.0000000
57	16053.0000	12414.000	5.30124	0.0	0.0	45.0	3.0000000
37	15839.9990	12407.999	62.00000	0.0	0.0	0.0	8.0000000
7	15964.0000	12393.999	65.00000	0.0	0.0	-180.0	8.5000000
7	15717.9990	12393.999	125.00000	0.0	0.0	-180.0	8.5000000
57	15581.0000	12417.000	139.00000	0.0	0.0	45.0	2.5000000
57	15344.0000	12414.000	174.00000	0.0	0.0	45.0	3.5000000
37	15345.0000	12407.999	189.60078	0.0	0.0	0.0	8.0000000
7	15470.0000	12393.999	188.00000	0.0	0.0	-180.0	8.5000000
37	15592.9990	12407.999	125.00000	0.0	0.0	0.0	8.0000000
7	15223.9990	12393.999	250.00000	0.0	0.0	-180.0	8.5000000
61	14682.0010	12361.000	525.00000	0.0	0.0	0.0	1.2000000
57	15097.0000	12418.000	230.00000	0.0	0.0	45.0	5.0000000
7	14978.0000	12393.999	313.00000	0.0	0.0	-180.0	8.5000000
37	15098.9990	12407.999	253.00000	0.0	0.0	0.0	8.0000000
57	14856.9990	12411.000	296.00000	0.0	0.0	45.0	3.5000000
37	14853.0000	12407.999	317.99997	0.0	0.0	0.0	8.0000000
70	14584.0596	12274.099	379.00000	0.0	0.0	0.0	0.7000000
28	14587.9199	12256.689	380.00000	0.0	0.0	75.0	0.5000000
28	14625.8701	12278.670	380.00000	0.0	0.0	75.0	0.5000000
13	14681.0000	12364.000	358.00000	0.0	0.0	90.0	1.3000000
26	14673.0000	12646.999	381.79007	0.0	0.0	180.0	4.2500000
31	14489.0000	12596.999	383.00000	180.0	0.0	-270.0	2.5000000
17	14555.0000	12339.999	382.00000	0.0	0.0	-9.5	0.9000000
68	14495.0000	12188.000	380.00000	0.0	0.0	-103.0	1.2100000
70	14451.3203	11884.399	379.00000	0.0	0.0	0.0	0.7000000
70	14501.1494	11974.328	379.00000	0.0	0.0	0.0	0.7000000
70	14561.2393	12182.720	379.00000	0.0	0.0	0.0	0.7000000
70	14536.4395	12074.229	379.00000	0.0	0.0	0.0	0.7000000
68	14358.8945	11814.846	379.22388	0.0	0.0	-116.5	1.2175043
68	14405.6338	11916.182	379.22424	0.0	0.0	-113.0	1.2175043
14	14589.9990	12060.000	382.00000	0.0	0.0	-107.0	1.2900000
68	14448.6865	12027.060	379.22424	0.0	0.0	-109.5	1.2175043
28	14478.2900	11906.639	380.00000	0.0	0.0	65.0	0.5000000
28	14520.9697	12024.869	380.00000	0.0	0.0	65.0	0.5000000
28	14554.5791	12141.118	380.00000	0.0	0.0	75.0	0.5000000
49	15850.0000	11550.000	0.00000	0.0	0.0	0.0	0.7100000
49	15750.0000	11450.000	0.00000	0.0	0.0	0.0	0.7100000
49	15650.0000	11550.000	0.00000	0.0	0.0	0.0	0.7100000
49	15950.0000	11450.000	0.00000	0.0	0.0	0.0	0.7100000
51	15750.0000	11650.000	0.00000	-10.0	0.0	45.0	0.6000000
60	15356.0000	11414.999	0.00000	0.0	0.0	0.0	1.0000000
77	15981.2305	11272.920	0.00000	0.0	0.0	270.0	0.4000000
158	15926.9990	11056.000	0.00000	0.0	0.0	60.0	1.8000000
120	16036.2598	10967.029	0.00000	0.0	0.0	-225.0	0.6000000
70	14367.4785	11695.810	379.00000	0.0	0.0	0.0	0.7000000
70	14420.2500	11790.358	379.00000	0.0	0.0	0.0	0.7000000
28	14380.0205	11676.358	380.00000	0.0	0.0	65.0	0.5000000
28	14422.2705	11794.400	380.00000	0.0	0.0	65.0	0.5000000
13	14492.9990	11749.000	358.00000	0.0	0.0	155.0	1.3000000
31	13863.0615	12599.778	379.00000	0.0	0.0	450.0	2.5000000
103	13450.0000	12250.000	379.00000	0.0	0.0	-117.0	0.6800000
25	13165.4111	12435.266	379.00000	0.0	0.0	-247.5	4.9000001
108	13286.4141	12006.514	379.49997	0.0	0.0	-45.0	1.1000000
38	13098.2422	11847.622	379.00000	0.0	0.0	-465.0	14.0500002
43	13433.8975	11831.010	379.49997	0.0	0.0	44.0	6.0000000
103	13050.0000	11850.000	379.00000	0.0	0.0	-155.0	0.6800000
70	14174.9697	11398.020	379.00000	0.0	0.0	0.0	0.7000000
28	14193.3193	11394.700	380.00000	0.0	0.0	50.0	0.5000000
17	14308.4443	11658.898	381.22012	0.0	0.0	-300.0	0.8981588
17	14175.4902	11465.332	381.00000	0.0	0.0	-394.3	0.9000000
14	14299.0010	11481.000	382.00000	0.0	0.0	-126.0	1.2900000
35	14283.0000	11537.000	380.00000	0.0	0.0	235.0	1.2000000
70	13962.1992	11186.089	379.00000	0.0	0.0	0.0	0.7000000
70	14037.0693	11245.070	379.00000	0.0	0.0	0.0	0.7000000
70	14101.1904	11325.050	379.00000	0.0	0.0	0.0	0.7000000
28	13991.3496	11194.010	380.00000	0.0	0.0	40.0	0.5000000
28	14163.0801	11367.149	380.00000	0.0	0.0	50.0	0.5000000
15	14055.5449	11354.152	379.00000	0.0	0.0	-130.6	1.2200000
15	13947.2197	11245.823	379.00000	0.0	0.0	-139.3	1.2200000
13	14103.9990	11214.999	358.00000	0.0	0.0	-225.0	1.3000000
28	14081.4297	11273.289	380.00000	0.0	0.0	50.0	0.5000000
70	13888.4385	11123.410	379.00000	0.0	0.0	0.0	0.7000000
28	13907.1699	11112.569	380.00000	0.0	0.0	40.0	0.5000000
17	13640.6543	10989.258	381.07904	0.0	0.0	-418.0	0.9009275
17	13836.5938	11125.526	381.00000	0.0	0.0	-325.3	0.9000000
14	13841.0000	11016.000	382.00000	0.0	0.0	-142.5	1.2900000
35	13764.9990	11018.000	380.00000	0.0	0.0	215.0	1.2000000
0	12650.0000	11750.000	565.00000	0.0	0.0	0.0	1.0000000
0	12650.0000	11754.000	630.00000	0.0	0.0	0.0	1.0000000
132	12650.0000	11750.000	381.00000	0.0	0.0	0.0	1.1000000
31	12698.7588	11439.103	381.00000	180.0	0.0	-540.0	2.5000000
157	15893.5088	10592.280	0.00000	0.0	0.0	45.0	1.8000000
98	15650.0000	10550.000	0.00000	0.0	0.0	45.0	1.5000000
102	15812.5869	10748.000	0.00000	0.0	0.0	0.0	0.8000000
91	15814.3096	10691.560	24.00000	45.0	0.0	-360.0	1.8000000
91	15761.7598	10553.390	0.60356	0.0	0.0	-315.0	1.8000000
75	16006.8389	10808.749	0.00000	0.0	0.0	0.0	0.9000000
71	15836.3984	10891.700	0.00000	0.0	0.0	0.0	1.0000000
20	15750.0000	10650.000	0.00000	0.0	0.0	130.0	1.0000000
5	15661.0000	10545.000	0.00000	0.0	0.0	-120.0	2.2000000
5	15762.3799	10728.318	0.00000	0.0	0.0	-118.0	2.2000000
75	15742.6592	10274.061	0.00000	0.0	0.0	45.0	0.9000000
101	15755.3301	10445.470	0.00000	0.0	0.0	0.0	1.0000000
148	15949.2891	10347.439	1.38400	-90.0	0.0	45.0	1.8000000
148	16008.6396	10485.109	1.93033	-90.0	0.0	-45.0	1.8000000
148	15657.8096	10455.026	23.83416	-35.0	0.0	0.0	1.8000000
91	15556.9199	10118.220	0.00000	0.0	0.0	-360.0	1.8000000
71	15547.5498	10408.040	0.00000	0.0	0.0	0.0	1.0000000
101	15540.6895	10210.259	0.00000	0.0	0.0	0.0	0.8000000
49	15350.0000	10150.000	9.92551	0.0	0.0	0.0	0.7100000
5	15547.2227	10370.108	0.00000	0.0	0.0	-128.0	2.2000000
51	15060.0967	10562.491	0.00000	-10.0	0.0	45.0	0.6000000
49	15150.0000	10150.000	0.00000	0.0	0.0	0.0	0.7100000
49	15050.0000	10250.000	0.00000	0.0	0.0	0.0	0.7100000
49	14950.0000	10350.000	0.00000	0.0	0.0	0.0	0.7100000
49	14852.9805	10447.710	0.00000	0.0	0.0	0.0	0.7100000
51	14941.6885	10151.193	0.00000	-10.0	0.0	45.0	0.6000000
51	15150.3848	10364.116	0.00000	20.0	0.0	90.0	0.6700000
57	14462.1006	10364.900	0.00000	0.0	0.0	45.0	4.0000000
51	14772.7109	10250.000	0.00000	20.0	0.0	135.0	0.6700000
75	15775.7891	9872.850	0.00000	0.0	0.0	0.0	0.9000000
49	15250.0000	10050.000	10.37573	0.0	0.0	0.0	0.7100000
49	15450.0000	10050.000	6.75928	0.0	0.0	0.0	0.7100000
49	15250.0000	9850.000	6.19115	0.0	0.0	0.0	0.7100000
49	15449.0010	9861.000	7.90802	0.0	0.0	-45.0	0.7100000
49	16004.8691	9445.320	5.00000	0.0	0.0	-45.0	0.6100000
49	15833.3301	9312.479	5.00000	0.0	0.0	-90.0	0.6100000
80	15686.4746	9434.377	0.00000	0.0	0.0	-345.0	0.2500000
80	15608.4287	9627.109	0.00000	0.0	0.0	45.0	0.3500000
75	15228.8896	9635.530	0.00000	0.0	0.0	0.0	0.9000000
101	14913.4990	9770.700	0.00000	0.0	0.0	0.0	1.0000000
158	15085.7305	9916.500	0.00000	0.0	0.0	40.0	1.8000000
71	15072.8594	9708.940	0.00000	0.0	0.0	0.0	1.0000000
148	14911.7695	9582.670	2.54000	-90.0	0.0	-45.0	1.8000000
80	14802.0596	9536.190	0.00000	0.0	0.0	-165.0	0.3000000
20	14850.0000	9650.000	0.00000	0.0	0.0	130.0	1.0000000
5	14792.9990	9655.000	0.00000	0.0	0.0	-151.0	2.2000000
157	14754.5088	9621.350	0.00000	0.0	0.0	0.0	1.8000000
71	14529.4697	9421.099	0.00000	0.0	0.0	0.0	0.8000000
156	14574.4492	9570.810	5.22051	0.0	0.0	25.0	1.7000000
75	14740.2295	9299.750	0.00000	0.0	0.0	0.0	0.9000000
101	14421.8486	9505.080	0.00000	0.0	0.0	0.0	1.0000000
120	14657.5703	9423.889	0.00000	0.0	0.0	-225.0	0.6000000
49	14505.4492	9324.050	8.76650	0.0	0.0	0.0	0.7100000
5	14610.2100	9557.529	0.00000	0.0	0.0	-155.0	2.2000000
5	14431.1895	9476.770	0.00000	0.0	0.0	-155.0	2.2000000
70	13621.0889	10929.180	379.00000	0.0	0.0	0.0	0.7000000
70	13525.2500	10897.239	379.00000	0.0	0.0	0.0	0.7000000
28	13613.1895	10917.830	380.00000	0.0	0.0	20.0	0.5000000
28	13629.0898	10917.649	380.00000	0.0	0.0	20.0	0.5000000
13	13580.0000	10814.999	358.00000	0.0	0.0	-63.0	1.3000000
61	12942.0000	10625.000	525.00000	0.0	0.0	0.0	1.2000000
70	13446.5596	10852.760	379.00000	0.0	0.0	0.0	0.7000000
70	13097.6992	10733.969	379.00000	0.0	0.0	0.0	0.7000000
70	13358.4502	10814.560	379.00000	0.0	0.0	0.0	0.7000000
70	13268.1201	10783.510	379.00000	0.0	0.0	0.0	0.7000000
70	13185.7998	10756.600	379.00000	0.0	0.0	0.0	0.7000000
28	13502.8506	10863.240	380.00000	0.0	0.0	20.0	0.5000000
28	13147.0293	10732.089	380.00000	0.0	0.0	10.0	0.5000000
68	13485.6123	10935.629	379.08090	0.0	0.0	-153.0	1.2191530
68	13120.2227	10807.752	379.28198	0.0	0.0	-169.0	1.2163182
14	13264.9990	10716.000	382.00000	0.0	0.0	-162.0	1.2900000
60	13497.0000	10882.999	199.50000	0.0	0.0	0.0	1.0000000
68	13380.9102	10887.420	379.00000	0.0	0.0	-157.0	1.2200000
68	13282.1865	10849.829	379.28198	0.0	0.0	-162.0	1.2163182
28	13267.5801	10782.060	380.00000	0.0	0.0	10.0	0.5000000
28	13384.7002	10815.390	380.00000	0.0	0.0	20.0	0.5000000
70	13013.5498	10718.680	379.00000	0.0	0.0	0.0	0.7000000
28	13025.1689	10708.149	380.00000	0.0	0.0	10.0	0.5000000
13	12946.0010	10622.000	358.00000	0.0	0.0	-180.0	1.3000000
26	12650.9990	10598.000	381.00000	0.0	0.0	90.0	4.2500000
17	12966.3301	10752.528	381.27597	0.0	0.0	8.0	0.8972839
31	12695.0000	10767.000	377.00000	0.0	0.0	180.0	2.5000000
57	12863.0615	10251.143	338.67026	0.0	0.0	45.0	4.0000000
32	12650.9990	10321.000	381.00000	0.0	0.0	270.0	10.7500000
18	12911.0000	10466.000	379.00000	0.0	0.0	270.0	1.3000000
18	12911.0000	10193.999	379.00000	0.0	0.0	270.0	1.3000000
60	13050.0000	10150.000	1.00000	0.0	0.0	0.0	1.0000000
49	13950.0000	9850.000	6.43936	0.0	0.0	0.0	0.7100000
49	14050.0000	9750.000	1.32684	0.0	0.0	0.0	0.7100000
57	13677.7998	9744.700	0.00000	0.0	0.0	90.0	3.0000000
71	13944.1592	9267.990	0.00000	0.0	0.0	0.0	1.0000000
49	14274.7695	9385.380	8.71567	0.0	0.0	0.0	0.7100000
49	14150.0000	9450.000	3.49474	0.0	0.0	0.0	0.7100000
49	14105.6289	9304.220	9.27440	0.0	0.0	0.0	0.7100000
49	14250.0000	9250.000	9.08006	0.0	0.0	0.0	0.7100000
51	14292.5000	9630.701	0.00000	20.0	0.0	135.0	0.6700000
49	14050.0000	9550.000	0.00000	0.0	0.0	0.0	0.7100000
49	14150.0000	9650.000	0.00000	0.0	0.0	0.0	0.7100000
51	13900.0000	9650.000	0.00000	20.0	0.0	90.0	0.6700000
32	12650.9990	9835.000	381.00000	0.0	0.0	270.0	10.7500000
18	12911.0000	9922.000	379.00000	0.0	0.0	270.0	1.3000000
57	12907.0010	9971.464	376.00000	0.0	0.0	45.0	1.8000000
57	12883.3447	9270.269	345.02182	0.0	0.0	45.0	3.0000000
32	12650.9160	9348.319	381.00000	0.0	0.0	270.0	10.7500000
18	12911.0000	9650.000	379.00000	0.0	0.0	270.0	1.3000000
18	12911.0000	9378.000	379.00000	0.0	0.0	270.0	1.3000000
57	12912.0000	9408.379	363.00000	0.0	0.0	45.0	1.8000000
120	19449.9297	8898.490	327.85797	0.0	0.0	-225.0	0.6000000
77	18622.4707	9234.500	324.00000	0.0	0.0	-100.0	0.4000000
77	18639.0098	9081.521	324.00000	0.0	0.0	-100.0	0.4000000
80	18655.6406	8948.710	324.00000	0.0	0.0	585.0	0.4000000
9	18623.2695	9058.340	315.00000	0.0	0.0	-125.0	2.0000000
70	18923.0430	9206.161	324.00000	0.0	0.0	0.0	0.8000000
75	18971.8008	9071.060	324.00000	0.0	0.0	45.0	0.5000000
75	18766.6289	9157.389	324.00000	0.0	0.0	45.0	0.7000000
71	19348.9805	8590.938	352.77017	0.0	0.0	0.0	1.0000000
101	19398.5488	8435.789	380.46313	0.0	0.0	0.0	0.8000000
101	19077.5430	8435.803	346.13467	0.0	0.0	0.0	0.8000000
80	19170.2285	8580.817	329.27197	0.0	0.0	-90.0	0.3000000
77	18502.8398	9064.899	324.00000	0.0	0.0	-100.0	0.6000000
77	18394.2090	8924.399	324.00000	0.0	0.0	-100.0	0.4000000
77	18513.1172	8893.539	324.00000	0.0	0.0	-100.0	0.4000000
77	18307.6270	8845.550	324.00000	0.0	0.0	-100.0	0.3000000
9	18509.2383	8902.670	315.00000	0.0	0.0	-130.0	2.0000000
120	18493.0977	8689.000	324.00000	0.0	0.0	-225.0	0.6000000
128	18398.8105	8764.420	324.00000	0.0	-10.0	-45.0	0.9000000
9	18374.4375	8776.979	315.00000	0.0	0.0	-135.0	2.0000000
9	18218.5508	8659.489	315.00000	0.0	0.0	-150.0	2.0000000
120	18355.1797	8511.570	324.00000	0.0	0.0	-270.0	0.6000000
80	18308.7402	8642.390	324.00000	0.0	0.0	585.0	0.4000000
20	17952.6191	8435.498	324.00000	10.0	0.0	-495.0	1.1000000
75	17786.6309	8519.470	334.89771	0.0	-15.0	45.0	0.8000000
75	17974.4688	8649.810	334.71695	0.0	-15.0	45.0	0.8000000
104	17909.0996	8519.580	350.57761	0.0	0.0	0.0	0.4000000
101	18179.2793	8491.569	324.63229	0.0	0.0	0.0	0.8000000
84	18128.6797	8724.339	324.00000	0.0	0.0	-10.0	1.5000000
71	18037.0000	8410.000	335.92398	0.0	15.0	0.0	1.0000000
9	18041.9395	8577.240	315.00000	0.0	0.0	-160.0	2.0000000
9	17886.2793	8489.609	315.00000	0.0	0.0	-145.0	2.0000000
71	19377.4375	8262.300	372.79996	0.0	0.0	0.0	1.0000000
77	19226.1094	8378.929	364.00000	-15.0	0.0	80.0	0.5000000
104	19050.4199	8273.830	347.00000	0.0	0.0	315.0	0.4000000
70	19252.6602	8029.611	321.67926	0.0	0.0	0.0	0.8000000
101	19403.2402	7990.318	360.58350	0.0	0.0	0.0	0.8000000
80	19473.9141	8356.574	381.00000	0.0	0.0	-135.0	0.3000000
80	19239.6309	8296.939	372.32999	0.0	0.0	135.0	0.3000000
120	19048.0000	8167.800	327.12997	0.0	0.0	-90.0	0.6000000
71	19383.0000	7805.000	353.00000	0.0	0.0	0.0	0.9000000
120	19292.6367	7773.360	334.24911	0.0	0.0	-180.0	0.6000000
101	19423.5508	7614.703	348.35635	0.0	0.0	0.0	0.8000000
0	18652.8008	7661.020	300.00000	0.0	0.0	0.0	1.0000000
0	18808.6699	7571.849	300.00000	0.0	0.0	0.0	1.0000000
80	18989.5684	7656.719	321.49658	0.0	0.0	1080.0	0.3000000
80	18696.8848	7835.444	324.00000	0.0	0.0	630.0	0.3000000
128	18859.9707	7751.750	324.00000	0.0	0.0	0.0	0.7000000
101	17952.5000	8315.950	323.07001	0.0	0.0	0.0	1.0000000
77	17812.8867	8169.310	324.00000	0.0	0.0	-280.0	0.4000000
77	17826.5801	8037.590	222.28375	0.0	0.0	-370.0	0.4000000
75	17850.0000	8337.000	352.00000	0.0	-15.0	45.0	0.8000000
9	17812.9785	8380.120	315.00000	0.0	0.0	-110.0	2.0000000
80	17924.4297	8149.890	324.00000	0.0	0.0	630.0	0.4000000
120	18047.5996	8231.028	324.53235	0.0	0.0	-315.0	0.6000000
80	18219.7578	7669.870	321.53000	0.0	0.0	675.0	0.3000000
120	18478.6094	7732.159	324.00000	0.0	0.0	-50.0	0.6000000
0	18527.3496	7567.010	300.00000	0.0	0.0	0.0	1.0000000
80	17771.0000	7864.000	324.00000	0.0	0.0	810.0	0.3000000
77	17763.6992	8393.430	228.07481	0.0	0.0	-325.0	0.4000000
49	16250.0000	9150.000	0.00000	0.0	0.0	0.0	0.7100000
49	16350.0000	9050.000	0.00000	0.0	0.0	0.0	0.7100000
49	16450.0000	8950.000	0.00000	0.0	0.0	0.0	0.7100000
49	16350.0000	8850.000	0.00000	0.0	0.0	0.0	0.7100000
66	16650.0000	8500.000	0.00000	0.0	0.0	-140.0	1.2000000
49	16450.0000	8750.000	3.09535	0.0	0.0	0.0	0.7100000
77	17715.8105	8281.980	324.00000	0.0	0.0	-280.0	0.5000000
77	17640.8594	8123.430	324.00000	0.0	0.0	-100.0	0.6000000
9	17698.6289	8034.990	315.00000	0.0	0.0	-110.0	2.0000000
9	17760.0898	8215.040	315.00000	0.0	0.0	-110.0	2.0000000
112	17437.4805	7614.740	324.00000	0.0	0.0	45.0	2.0000000
77	17750.1387	7946.910	324.00000	0.0	0.0	-280.0	0.4000000
70	17688.4375	7732.490	324.00000	0.0	0.0	0.0	0.8000000
101	17390.5195	7717.080	329.28015	0.0	0.0	0.0	1.0000000
77	17569.1699	7938.479	324.00000	0.0	0.0	-145.0	0.5000000
77	17508.7402	7866.830	324.00000	25.0	0.0	-370.0	0.3000000
75	17615.0586	7850.439	324.00000	0.0	0.0	45.0	0.8000000
9	17600.4785	7853.580	315.00000	0.0	0.0	-125.0	2.0000000
9	17488.0098	7691.780	315.00000	0.0	0.0	-130.0	2.0000000
130	17607.5293	7751.910	324.00000	-45.0	-90.0	0.0	0.9000000
102	17282.5098	7580.800	324.00000	0.0	0.0	45.0	1.0000000
9	17338.8984	7542.589	315.00000	0.0	0.0	-145.0	2.0000000
128	19047.3867	7233.540	324.00000	0.0	0.0	90.0	0.8000000
120	18912.2168	7404.930	324.00000	0.0	0.0	-5.0	0.6000000
0	18731.4688	7451.725	300.00000	0.0	0.0	0.0	1.0000000
0	18777.2285	7260.170	300.00000	0.0	0.0	0.0	1.0000000
0	18662.6191	7335.140	300.00000	0.0	0.0	0.0	1.0000000
115	19410.1699	6879.810	324.00000	0.0	0.0	0.0	1.3000000
120	18760.0488	7053.410	324.00000	0.0	0.0	85.0	0.6000000
80	18996.0000	7077.000	321.11865	0.0	0.0	855.0	0.3700000
128	18603.0000	7499.000	311.07520	0.0	0.0	-405.0	0.7000000
120	18357.3320	7145.058	324.00000	0.0	0.0	-5.0	0.6000000
0	18426.5527	7475.059	300.00000	0.0	0.0	0.0	1.0000000
0	18319.4336	7484.139	299.99994	0.0	0.0	0.0	1.0000000
0	18282.0449	7343.894	300.00003	0.0	0.0	0.0	1.0000000
0	18521.4805	7320.872	300.00003	0.0	0.0	0.0	1.0000000
0	18496.2656	7171.333	300.89624	0.0	0.0	0.0	1.0000000
80	18158.0176	7450.640	324.00000	0.0	0.0	855.0	0.3000000
128	18097.2793	7191.939	324.00000	0.0	0.0	-315.0	0.8000000
128	18587.9785	7003.580	324.00000	0.0	0.0	-225.0	0.7000000
120	18319.0664	6689.423	329.10995	0.0	0.0	-90.0	0.6000000
80	18416.3789	6951.250	319.57642	0.0	0.0	810.0	0.3000000
131	18510.1582	6702.687	324.04031	0.0	0.0	-555.0	2.0000000
75	18116.8145	6695.400	335.26614	0.0	0.0	45.0	1.0000000
70	18623.0000	6505.000	362.52151	0.0	15.0	0.0	0.8000000
75	18678.0508	6397.050	332.00000	0.0	0.0	0.0	1.0000000
75	18710.9473	6672.470	332.00000	0.0	0.0	45.0	0.8000000
131	18629.8789	6307.370	324.00000	0.0	0.0	-375.0	2.0000000
80	18734.4609	6617.867	342.20609	0.0	0.0	810.0	0.3000000
76	19336.0098	5838.440	330.73688	0.0	0.0	45.0	0.1000000
76	19170.8398	5834.489	314.85629	0.0	0.0	45.0	0.1000000
69	19447.2402	5859.880	272.98001	0.0	0.0	-360.0	1.8000000
75	19453.5898	5966.600	330.98782	0.0	0.0	0.0	0.8000000
80	19069.8398	5918.080	324.00000	0.0	0.0	-45.0	0.3000000
9	19462.6855	5956.430	315.00000	0.0	0.0	45.0	2.0000000
70	19269.1367	5907.070	336.24554	0.0	0.0	0.0	0.8000000
80	19246.1289	6051.699	326.09409	0.0	0.0	-90.0	0.3000000
101	19370.9297	6051.675	328.06036	0.0	0.0	0.0	0.7000000
75	19161.7949	5977.294	327.70773	0.0	0.0	45.0	0.8000000
77	18548.6016	6365.964	362.27466	-20.0	0.0	-505.0	0.3000000
20	18441.0996	6464.210	286.00000	0.0	0.0	45.0	1.1000000
104	18235.0000	6300.000	350.00583	15.0	0.0	0.0	0.4000000
104	18427.2051	6586.000	350.10654	-15.0	0.0	0.0	0.4000000
101	18518.5508	6491.790	373.00735	0.0	0.0	0.0	0.8000000
120	18351.6992	6278.570	331.54547	0.0	0.0	-90.0	0.6000000
71	18323.2109	6456.756	378.60800	0.0	0.0	0.0	1.0000000
80	18384.0000	6369.823	354.00000	0.0	0.0	90.0	0.3000000
75	18270.5469	6597.061	366.88989	0.0	0.0	0.0	1.0000000
75	18576.1680	6587.875	352.32364	0.0	0.0	0.0	1.0000000
77	17787.9902	6255.349	382.49997	-20.0	0.0	-550.0	0.2000000
77	18115.0000	6532.607	368.99997	-20.0	0.0	-325.0	0.4000000
20	18045.8750	6357.264	382.49997	0.0	0.0	45.0	1.2000000
77	17865.0000	6287.000	382.00000	0.0	0.0	-235.0	0.4000000
77	17895.7910	6278.000	381.98999	-20.0	0.0	-460.0	0.2000000
70	17864.2402	6433.650	382.49997	0.0	0.0	0.0	0.8000000
70	18164.9688	6414.250	379.45688	0.0	0.0	0.0	0.8000000
80	17834.8438	6635.277	352.15411	0.0	0.0	90.0	0.3000000
75	17929.6445	6575.491	370.80933	0.0	0.0	45.0	1.0000000
75	18005.4473	6440.709	382.49997	0.0	0.0	45.0	1.0000000
101	17974.4551	6359.564	382.49997	0.0	0.0	0.0	0.8000000
131	18200.5684	6136.650	326.71460	0.0	0.0	-330.0	2.0000000
71	17778.5898	5832.360	381.81000	0.0	0.0	0.0	1.0000000
70	17929.4883	6135.980	365.65729	15.0	0.0	45.0	0.8000000
71	18049.0000	6248.000	364.67334	25.0	0.0	25.0	1.0000000
120	18071.0605	5906.746	324.00003	0.0	0.0	180.0	0.6000000
75	17903.5117	5984.309	377.12527	0.0	0.0	45.0	1.0000000
101	17909.6230	5899.173	376.80942	0.0	0.0	0.0	0.8000000
80	18007.5703	6079.730	328.37982	0.0	0.0	-225.0	0.3000000
120	17505.9609	7465.140	324.00000	0.0	0.0	-225.0	0.6000000
86	17076.0801	7428.403	324.00000	0.0	0.0	0.0	1.3000000
76	17139.9297	7498.589	323.03143	0.0	0.0	-140.0	0.2000000
71	16917.7285	7349.470	329.67294	0.0	0.0	0.0	1.0000000
75	16950.0586	7160.470	324.00000	0.0	0.0	45.0	0.7000000
75	17016.5977	7424.160	335.72443	0.0	0.0	45.0	0.7000000
71	17319.0000	7348.000	324.00000	0.0	0.0	0.0	0.9000000
120	17089.9492	7196.920	324.00000	0.0	0.0	-225.0	0.6000000
9	17174.9902	7425.540	315.00000	0.0	0.0	-145.0	2.0000000
9	17015.8496	7313.797	315.00000	0.0	0.0	-145.0	2.0000000
76	17046.2988	7262.950	281.90552	0.0	0.0	-95.0	0.2000000
80	17161.4707	7305.059	321.92050	0.0	0.0	585.0	0.4000000
101	17145.2109	7390.940	324.00000	0.0	0.0	0.0	0.8000000
71	17119.6699	7096.200	317.14581	0.0	0.0	0.0	0.8000000
77	16570.0781	7215.595	324.00000	0.0	0.0	-145.0	0.6000000
77	16687.9980	7192.000	324.00000	0.0	0.0	80.0	0.4500000
77	16797.9199	7269.158	324.00000	0.0	0.0	80.0	0.3500000
77	16681.4492	7110.780	324.00000	-10.0	0.0	270.0	0.3000000
80	16787.9980	7161.780	324.00000	0.0	0.0	495.0	0.4000000
9	16841.6895	7222.200	315.00000	0.0	0.0	-155.0	2.0000000
9	16669.0000	7149.000	315.00000	0.0	0.0	-160.0	2.0000000
77	16400.1191	7141.897	324.00000	0.0	0.0	-325.0	0.4000000
75	16270.0303	7172.540	329.28995	0.0	0.0	45.0	1.0000000
9	16471.9102	7108.590	315.00000	0.0	0.0	-170.0	2.0000000
0	16250.0000	7050.000	547.00000	0.0	0.0	0.0	1.0000000
80	16595.6504	7065.870	324.00000	0.0	0.0	495.0	0.3000000
75	16501.9902	6965.870	324.00000	0.0	0.0	45.0	0.7000000
80	16738.5391	7016.700	324.00000	0.0	0.0	675.0	0.3000000
70	16631.3398	6880.953	319.06406	0.0	0.0	0.0	0.8000000
101	16657.4395	7004.310	324.00000	0.0	0.0	0.0	0.8000000
75	16148.0088	6851.910	324.00000	0.0	0.0	45.0	0.9000000
132	16250.0000	7050.000	324.00000	0.0	0.0	0.0	1.1000000
75	16352.0293	7033.240	324.00000	0.0	0.0	45.0	1.0000000
77	16476.9902	7087.990	324.00000	-10.0	0.0	180.0	0.3500000
9	16279.6982	7078.590	315.00000	0.0	0.0	-170.0	2.0000000
9	16136.4795	7023.759	315.00000	0.0	0.0	210.0	2.0000000
120	16323.2305	6958.720	324.00000	0.0	0.0	-270.0	0.6000000
77	17768.0898	6338.069	382.49997	-20.0	0.0	-640.0	0.2000000
120	17461.1191	6422.100	347.03995	0.0	0.0	-90.0	0.6000000
75	17571.0605	6360.619	382.06592	0.0	0.0	45.0	1.0000000
75	17372.1738	6334.733	359.93506	0.0	0.0	45.0	1.0000000
131	17697.4160	6537.841	328.05081	0.0	0.0	-420.0	2.0000000
80	17113.8281	6258.720	344.08847	0.0	0.0	45.0	0.3000000
70	17288.4863	6252.943	378.51321	0.0	0.0	0.0	0.8000000
75	17174.4102	6313.336	359.84122	0.0	0.0	45.0	1.0000000
131	17305.3398	6435.810	328.19000	0.0	0.0	-555.0	2.0000000
77	17562.8359	5960.740	364.51105	-20.0	0.0	-235.0	0.3000000
20	17558.9395	6148.960	382.49997	15.0	0.0	-50.0	1.2000000
84	17710.0000	6054.000	382.00000	0.0	0.0	0.0	1.3000000
77	17447.1895	6232.850	381.70508	-20.0	0.0	-325.0	0.3000000
71	17636.2207	6246.009	382.49997	0.0	0.0	0.0	1.0000000
80	17451.5703	5890.486	324.00003	0.0	0.0	-45.0	0.3000000
75	17570.5469	6091.353	380.03568	0.0	0.0	45.0	1.0000000
75	17431.8594	6126.315	382.49997	0.0	0.0	45.0	1.0000000
75	17310.4434	6140.456	365.97293	0.0	0.0	45.0	1.0000000
103	16550.0000	6350.000	324.00000	0.0	0.0	-90.0	0.6000000
95	16356.9092	6356.289	324.00000	0.0	0.0	90.0	0.8000000
103	16350.0000	6550.000	324.00000	0.0	0.0	0.0	0.6000000
103	16150.0000	6350.000	324.00000	0.0	0.0	90.0	0.6000000
130	16352.1895	6611.450	324.00000	0.0	0.0	90.0	1.0000000
104	16670.0391	5859.679	329.39999	0.0	0.0	0.0	0.4000000
120	16143.7197	5902.580	324.00000	0.0	0.0	-135.0	0.6000000
103	16350.0000	6150.000	324.00000	0.0	0.0	180.0	0.6000000
75	16207.0010	5977.000	306.00000	0.0	0.0	70.0	0.9000000
130	16402.7188	6199.819	319.99997	0.0	-45.0	0.0	0.9000000
75	15795.8096	9163.949	0.00000	0.0	0.0	0.0	0.9000000
101	15647.8789	9069.149	0.00000	0.0	0.0	0.0	1.0000000
80	15977.1592	9080.580	0.12566	0.0	0.0	-210.0	0.4000000
71	15648.9990	8862.320	0.00000	0.0	0.0	0.0	1.0000000
158	15845.0000	8948.000	0.00000	0.0	0.0	40.0	1.8000000
120	15951.4189	9183.630	0.00000	0.0	0.0	-225.0	0.6000000
148	15737.6797	9034.090	3.47120	-90.0	0.0	0.0	1.8000000
148	15491.2900	8902.340	1.74000	-90.0	0.0	45.0	1.8000000
80	15309.7598	9235.420	0.00000	0.0	0.0	-90.0	0.2500000
75	15576.7305	8982.730	0.00000	0.0	0.0	0.0	0.9000000
75	15434.3398	9221.290	0.00000	0.0	0.0	0.0	0.9000000
156	15228.9990	8468.000	0.00000	0.0	0.0	-140.0	1.7000000
98	15350.3857	8750.160	0.00000	0.0	0.0	45.0	1.5000000
101	15460.0801	8795.470	0.00000	0.0	0.0	0.0	1.0000000
80	15227.1299	8714.709	0.00000	0.0	0.0	-120.0	0.3000000
71	15384.5293	8604.190	0.00000	0.0	0.0	0.0	1.0000000
20	15554.4189	8745.470	0.00000	0.0	0.0	130.0	1.0000000
49	14400.0000	9050.000	7.40850	0.0	0.0	-180.0	0.6000000
49	14434.0000	9197.000	7.48228	0.0	0.0	-135.0	0.6000000
91	15057.7500	8470.630	0.00000	0.0	0.0	-360.0	1.8000000
148	14988.2998	8560.310	2.29748	-90.0	0.0	90.0	1.8000000
75	14786.3301	8654.100	0.00000	0.0	0.0	0.0	0.9000000
101	15001.4697	8630.120	0.00000	0.0	0.0	0.0	1.0000000
49	14807.9102	8486.830	5.00000	0.0	0.0	0.0	0.6100000
120	15167.7598	8579.520	0.00000	0.0	0.0	-270.0	0.6000000
80	14637.0498	8544.240	0.00000	0.0	0.0	-90.0	0.2500000
49	15250.0000	8050.000	0.00000	0.0	0.0	0.0	0.7100000
49	15250.0000	7850.000	3.73398	0.0	0.0	0.0	0.7100000
49	15350.0000	7950.000	2.02390	0.0	0.0	0.0	0.7100000
66	15450.0000	7550.000	0.00000	0.0	0.0	-145.0	1.2000000
98	14950.1084	8348.230	0.00000	0.0	0.0	45.0	1.5000000
71	15065.5293	8343.380	0.00000	0.0	0.0	0.0	1.0000000
49	14855.6201	8244.410	5.00000	0.0	0.0	-90.0	0.7100000
49	14850.0000	8050.000	3.07532	0.0	0.0	0.0	0.7100000
49	15150.0000	8150.000	0.00000	0.0	0.0	0.0	0.7100000
49	15050.0000	8050.000	0.00000	0.0	0.0	0.0	0.7100000
71	14603.4502	8000.330	0.00000	0.0	0.0	0.0	1.0000000
157	14452.0801	7966.980	0.00000	0.0	0.0	135.0	1.8000000
49	14671.4600	8101.549	5.00000	0.0	0.0	-45.0	0.7100000
49	14693.2295	8281.408	5.00000	0.0	0.0	-45.0	0.6100000
49	14517.8389	8196.180	5.00000	0.0	0.0	0.0	0.6100000
49	14950.0000	7950.000	0.64195	0.0	0.0	0.0	0.7100000
98	13949.1592	9149.290	0.00000	0.0	0.0	45.0	1.5000000
158	13950.0000	8850.000	0.00000	0.0	0.0	130.0	1.8000000
49	14200.0000	9100.000	6.05410	0.0	0.0	-45.0	0.7100000
103	14050.0000	8950.000	0.00000	0.0	0.0	-250.0	0.6800000
75	13926.1797	8955.939	0.00000	0.0	0.0	0.0	0.9000000
101	13762.8496	9062.899	0.00000	0.0	0.0	0.0	1.0000000
80	13890.0586	9054.561	0.00000	0.0	0.0	-120.0	0.3000000
20	13850.0000	9150.000	0.00000	0.0	0.0	130.0	1.0000000
91	14115.5898	8777.220	0.00000	0.0	0.0	-360.0	1.8000000
148	14170.7490	8758.290	1.89732	-90.0	0.0	-45.0	1.8000000
71	13984.0000	8712.000	0.19778	0.0	0.0	0.0	0.8000000
84	14057.1504	8552.320	0.00000	0.0	0.0	-135.0	1.7000000
84	14091.6992	8419.340	0.00000	0.0	0.0	45.0	1.0000000
120	14317.4395	8694.640	0.00000	0.0	0.0	0.0	0.6000000
95	14211.3389	8612.040	0.00000	0.0	0.0	-245.0	1.0000000
0	14202.0693	8598.520	0.00000	0.0	0.0	270.0	1.0000000
17	13534.0000	8539.000	381.00000	0.0	0.0	389.2	0.9000000
70	13616.7295	8410.046	379.49997	0.0	0.0	135.0	0.7000000
35	13509.5293	8679.770	380.00000	0.0	0.0	-53.0	1.0000000
70	13582.8594	8511.660	379.49997	0.0	0.0	90.0	0.7000000
10	13651.9668	8546.000	385.00000	0.0	0.0	-63.4	1.2900000
28	13608.0400	8481.560	380.00000	0.0	0.0	100.0	0.5000000
28	13614.8193	8529.940	380.00000	0.0	0.0	-15.0	0.5000000
70	13283.0000	8852.000	379.00000	0.0	0.0	45.0	0.7000000
15	13092.9990	8918.999	379.00000	0.0	0.0	-27.0	1.2200000
70	13105.1377	8973.948	379.49997	0.0	0.0	45.0	0.7000000
70	13203.1602	8915.000	379.49997	0.0	0.0	180.0	0.7000000
28	13378.7686	8819.590	380.00000	0.0	0.0	55.0	0.5000000
28	13274.8096	8890.480	380.00000	0.0	0.0	55.0	0.5000000
15	13234.5898	8830.449	379.00000	0.0	0.0	-37.0	1.2199999
10	13221.7178	9004.698	385.00000	0.0	0.0	-30.8	1.2900000
28	13168.6201	8954.550	380.00000	0.0	0.0	55.0	0.5000000
28	13056.0000	9014.000	380.00000	0.0	0.0	55.0	0.5000000
70	13001.9902	9021.300	379.49997	0.0	0.0	0.0	0.7000000
28	13018.0098	9043.957	380.00000	0.0	0.0	80.0	0.5000000
13	12942.9990	9124.569	358.00000	0.0	0.0	360.0	1.1500000
35	12650.0000	8992.000	379.00000	0.0	0.0	-360.0	3.5000000
26	12650.7305	9079.284	381.00000	0.0	0.0	-90.0	4.2500000
18	12911.0000	9222.000	379.00000	0.0	0.0	270.0	1.3000000
17	12953.9990	9005.000	381.00000	0.0	0.0	73.0	0.9000000
17	13375.0000	8745.000	381.00000	0.0	0.0	135.0	0.9000000
70	13358.8594	8803.020	379.00000	0.0	0.0	0.0	0.7000000
13	13488.0723	8805.098	358.00000	0.0	0.0	-46.0	1.1500000
93	12650.0000	8700.000	383.68155	0.0	-180.0	0.0	1.0000000
91	14307.3086	8002.600	0.00000	0.0	0.0	-315.0	1.8000000
91	14245.5098	8352.390	0.00000	0.0	0.0	-360.0	1.8000000
158	14150.0000	8250.000	0.00000	0.0	0.0	100.0	1.8000000
71	14188.1895	8095.950	0.00000	0.0	0.0	0.0	1.0000000
80	14350.3193	8071.760	0.00000	0.0	0.0	-120.0	0.3000000
103	14350.0000	8250.000	0.00000	0.0	0.0	-250.0	0.6800000
70	13641.9893	8324.840	379.49997	0.0	0.0	90.0	0.7000000
70	13685.0098	8113.609	379.49997	0.0	0.0	90.0	0.7000000
70	13665.0098	8227.939	379.49997	0.0	0.0	45.0	0.7000000
28	13655.0488	8362.380	380.00000	0.0	0.0	100.0	0.5000000
15	13575.2363	8380.567	379.00000	0.0	0.0	-70.8	1.2200000
13	13767.2744	8237.296	357.98999	0.0	0.0	-80.0	1.1500000
17	13662.2393	8061.297	381.00000	0.0	0.0	454.2	0.9000000
15	13616.1709	8218.755	379.00000	0.0	0.0	-80.8	1.2200000
28	13704.2695	8118.069	380.00000	0.0	0.0	90.0	0.5000000
28	13678.0000	8245.049	380.00000	0.0	0.0	90.0	0.5000000
101	14248.5596	7952.750	0.00000	0.0	0.0	0.0	1.0000000
20	14350.0000	7950.000	0.00000	0.0	0.0	130.0	1.0000000
70	13578.7090	7600.499	379.49997	0.0	0.0	45.0	0.7000000
70	13615.7695	7701.590	379.49997	0.0	0.0	90.0	0.7000000
70	13654.7900	7797.789	379.49997	0.0	0.0	90.0	0.7000000
35	13711.5703	7949.000	380.00000	0.0	0.0	-94.0	1.0000000
10	13761.3828	7924.852	385.00000	0.0	0.0	-96.8	1.2900000
13	13685.0010	7598.000	358.00000	0.0	0.0	-113.0	1.1500000
15	13570.3496	7703.377	379.00000	0.0	0.0	-108.3	1.2200000
17	13640.6816	7850.679	381.00000	0.0	0.0	706.7	0.9000000
28	13611.3877	7635.530	380.00000	0.0	0.0	55.0	0.5000000
28	13652.9102	7758.900	380.00000	0.0	0.0	55.0	0.5000000
28	13700.9600	7798.790	380.00000	0.0	0.0	100.0	0.5000000
34	12652.2793	8048.560	764.29584	0.0	0.0	0.0	1.5000000
36	12884.6299	8277.475	379.49997	0.0	0.0	0.0	5.0000000
110	12650.0000	8050.000	200.00000	0.0	0.0	90.0	3.2500000
44	12650.0000	8050.000	379.00000	0.0	0.0	180.0	3.3000000
99	12878.7295	8030.820	342.13495	0.0	0.0	-60.0	1.0000000
70	12790.1592	8190.470	379.49997	0.0	0.0	-45.0	0.8000000
75	12862.2891	7960.938	379.49997	0.0	0.0	45.0	1.0000000
75	12870.3008	8130.808	379.49997	0.0	0.0	45.0	1.0000000
75	12743.2949	8271.479	379.49997	0.0	0.0	45.0	1.0000000
15	13500.4443	7552.547	379.00000	0.0	0.0	-121.3	1.2200000
75	12695.1504	7889.580	379.49997	0.0	0.0	0.0	1.0000000
70	12809.7393	7900.580	379.49997	0.0	0.0	0.0	0.8000000
36	12878.0000	7815.000	379.00000	0.0	0.0	-90.0	5.0000000
99	12675.3994	7849.270	342.13495	0.0	0.0	-15.0	1.0000000
84	16050.7783	7064.250	324.00000	0.0	0.0	0.0	1.5000000
87	15839.4697	6774.380	324.00000	0.0	0.0	55.0	1.5000000
9	15998.1006	6931.930	315.00000	0.0	0.0	218.0	2.0000000
9	15863.5303	6812.860	315.00000	0.0	0.0	225.0	2.0000000
120	16030.2295	6634.429	324.00000	0.0	0.0	-225.0	0.6000000
130	16052.5898	6345.870	345.73221	-45.0	-250.0	0.0	0.9000000
132	15744.1699	6253.450	324.00000	0.0	0.0	0.0	1.1000000
84	15654.4492	6457.020	324.00000	0.0	0.0	45.0	1.5000000
75	15884.9395	6346.140	324.00000	0.0	0.0	45.0	1.0000000
9	15775.8896	6676.420	315.00000	0.0	0.0	245.0	2.0000000
9	15729.3506	6524.060	315.00000	0.0	0.0	260.0	2.0000000
9	15719.0293	6353.030	315.00000	0.0	0.0	270.0	2.0000000
120	15819.3691	6422.629	324.00000	0.0	0.0	-180.0	0.6000000
0	15750.0000	6250.000	547.00000	0.0	0.0	0.0	1.0000000
9	15750.0000	6150.000	315.00000	0.0	0.0	290.0	2.0000000
77	15898.6895	5898.190	324.00000	-15.0	0.0	-190.0	0.3000000
70	15994.3193	6245.720	324.00000	0.0	0.0	0.0	0.8000000
71	16010.8486	6040.420	316.69998	0.0	0.0	0.0	1.0000000
75	15688.1699	6138.600	324.00000	0.0	0.0	0.0	1.0000000
77	15784.0195	6029.620	324.00000	-15.0	0.0	-235.0	0.4000000
101	15860.4404	6248.560	324.00000	0.0	0.0	0.0	0.8000000
75	15880.6592	6115.770	324.00000	0.0	0.0	45.0	0.8000000
20	15857.5303	6144.959	324.00000	10.0	0.0	-450.0	1.1000000
9	15845.0391	6050.340	315.00000	0.0	0.0	310.0	2.0000000
9	15969.7598	5913.790	315.00000	0.0	0.0	315.0	2.0000000
80	15878.7998	5976.830	324.00000	0.0	0.0	630.0	0.3000000
80	15973.0684	5913.840	324.00000	0.0	0.0	540.0	0.3000000
77	14728.3604	6422.890	24.00000	0.0	0.0	315.0	0.4000000
77	14636.2090	6557.820	24.00000	0.0	0.0	180.0	0.2500000
120	14402.4004	6534.109	24.00000	0.0	0.0	450.0	0.6000000
80	14641.6504	6310.110	24.00000	0.0	0.0	225.0	0.3000000
86	14356.3096	6500.800	24.00000	0.0	0.0	-45.0	1.3000000
6	14693.7500	6374.290	18.00000	0.0	0.0	120.0	2.0000000
6	14602.9404	6485.070	18.00000	0.0	0.0	140.0	2.0000000
6	14479.2188	6551.519	18.00000	0.0	0.0	160.0	2.0000000
80	14575.7695	6428.930	24.00000	0.0	0.0	225.0	0.4000000
104	14442.0703	6446.020	28.22000	0.0	0.0	0.0	0.3050000
131	14429.9053	6309.715	26.00000	0.0	0.0	-375.0	2.0000000
128	14833.5098	5967.549	24.98708	0.0	0.0	-45.0	0.8000000
77	14853.2197	6249.849	24.00000	0.0	0.0	135.0	0.6000000
77	14942.0000	6042.000	24.00000	0.0	0.0	135.0	0.4500000
77	14815.1396	6128.670	24.00000	0.0	0.0	135.0	0.2500000
77	14963.4492	5959.320	24.00000	15.0	0.0	45.0	0.2500000
8	14973.8799	5873.130	24.00000	0.0	0.0	100.0	2.0000000
6	14864.0000	6030.000	18.00000	0.0	0.0	114.0	2.0000000
115	14657.3994	6066.949	24.00000	0.0	0.0	45.0	1.5000000
120	14680.0889	6174.120	24.00000	0.0	0.0	405.0	0.6000000
6	14782.0010	5968.000	0.00000	0.0	0.0	0.0	2.0000000
6	14582.0010	5968.000	0.00000	0.0	0.0	0.0	2.0000000
6	14367.9990	5963.000	0.00000	0.0	0.0	0.0	2.0000000
6	14780.4287	6209.039	18.00000	0.0	0.0	115.0	2.0000000
28	13564.8193	7519.910	380.00000	0.0	0.0	55.0	0.5000000
70	13533.5605	7504.009	379.49997	0.0	0.0	-45.0	0.7000000
10	13507.0010	7335.000	385.00000	0.0	0.0	-129.8	1.2900000
28	13500.7402	7411.280	380.00000	0.0	0.0	55.0	0.5000000
70	13477.9893	7417.270	379.49997	0.0	0.0	0.0	0.7000000
28	13134.5996	7118.040	380.00000	0.0	0.0	20.0	0.5000000
28	13244.9297	7178.660	380.00000	0.0	0.0	20.0	0.5000000
70	13176.9795	7161.960	379.49997	0.0	0.0	-135.0	0.7000000
70	13263.6992	7209.690	379.49997	0.0	0.0	-135.0	0.7000000
17	13430.6230	7403.780	381.00000	0.0	0.0	411.7	0.9000000
15	13140.4346	7199.232	379.00000	0.0	0.0	-145.2	1.2200000
17	13285.5625	7267.082	381.00000	0.0	0.0	304.8	0.9000000
28	13274.2295	7200.160	380.00000	0.0	0.0	65.0	0.5000000
35	13396.2207	7294.860	380.00000	0.0	0.0	-136.5	1.0000000
15	12993.1973	7122.788	379.00000	0.0	0.0	-160.2	1.2200000
70	13085.6904	7104.420	379.49997	0.0	0.0	0.0	0.7000000
13	13265.7334	7102.705	358.00000	0.0	0.0	-145.0	1.1500000
28	13021.8398	7058.980	380.00000	0.0	0.0	20.0	0.5000000
70	12889.1602	7036.660	379.49997	0.0	0.0	0.0	0.7000000
70	12992.8691	7074.160	379.49997	0.0	0.0	-45.0	0.7000000
17	12844.8076	7054.726	381.00000	0.0	0.0	369.8	0.9000000
10	12975.7266	6979.271	385.00000	0.0	0.0	-163.0	1.2900000
13	12653.8066	6916.606	358.00000	0.0	0.0	1.0	1.1500000
28	12903.0000	7014.000	379.00000	0.0	0.0	20.0	0.5000000
103	13955.0000	6444.000	24.00000	0.0	0.0	63.0	0.6800000
101	14354.4189	6330.909	24.00000	0.0	0.0	0.0	1.0000000
112	14105.0000	6625.229	24.00000	0.0	0.0	182.0	2.0000000
49	14004.6602	6305.680	31.74759	0.0	0.0	-45.0	0.6000000
6	14140.2607	6605.569	18.00000	0.0	0.0	180.0	2.0000000
6	14316.7998	6593.640	18.00000	0.0	0.0	170.0	2.0000000
6	14012.0977	6560.261	18.00000	0.0	0.0	210.0	2.0000000
49	14123.5000	6448.433	31.26450	0.0	0.0	0.0	0.7100000
6	13914.6787	6454.190	18.00000	0.0	0.0	240.0	2.0000000
77	13702.8340	6339.780	24.00000	0.0	0.0	90.0	0.4000000
77	13578.0000	6295.000	24.00000	0.0	0.0	45.0	0.3000000
124	13889.0000	6454.000	24.00000	0.0	-50.0	-315.0	0.7000000
6	13755.7598	6318.730	18.00000	0.0	0.0	205.0	2.0000000
76	13866.2793	6537.760	24.00000	0.0	0.0	0.0	0.2000000
76	13778.0703	6414.840	24.00000	0.0	0.0	45.0	0.2000000
124	13835.9102	6378.040	24.00000	0.0	0.0	-405.0	0.7000000
74	13771.0010	6413.000	142.00000	0.0	0.0	-335.0	0.1500000
49	14180.4707	6220.750	32.27325	0.0	0.0	-120.0	0.5000000
86	13535.7891	5963.810	24.00000	0.0	0.0	45.0	1.3000000
71	13559.0000	6073.000	24.00000	-15.0	0.0	-135.0	0.7000000
80	13716.7188	6226.610	24.00000	0.0	0.0	135.0	0.4000000
120	13863.3301	6248.460	24.00000	0.0	0.0	495.0	0.6000000
6	13592.0088	6234.910	18.00000	0.0	0.0	205.0	2.0000000
80	13591.5996	6194.830	24.00000	0.0	0.0	90.0	0.3000000
77	13463.7998	6230.900	24.00000	0.0	0.0	45.0	0.2000000
71	13368.4893	6147.830	27.46589	-15.0	0.0	-135.0	1.0000000
101	13312.0000	5864.000	24.00000	0.0	0.0	0.0	0.7000000
71	13396.0186	5984.000	24.00000	-15.0	0.0	-135.0	0.7500000
120	13422.3604	5866.620	24.00000	0.0	0.0	540.0	0.6000000
6	13453.7402	6150.169	18.00000	0.0	0.0	220.0	2.0000000
6	13387.9990	6027.290	18.00000	0.0	0.0	255.0	2.0000000
6	13335.6396	5841.880	18.00000	0.0	0.0	255.0	2.0000000
60	12846.6494	5946.440	165.00000	0.0	0.0	0.0	1.0000000
16	24306.0000	5015.000	33.00000	15.0	0.0	-90.0	0.9000000
63	24312.0000	5014.000	46.00000	0.0	0.0	0.0	4.0000000
16	24313.9941	5023.634	33.00000	15.0	0.0	-180.0	0.9000000
16	24322.5117	5014.785	33.00000	15.0	0.0	90.0	0.9000000
16	24313.8984	5006.733	33.00000	15.0	0.0	0.0	0.9000000
0	24312.4414	5014.928	95.40000	0.0	0.0	0.0	0.9999999
23	24136.0000	5015.000	45.00000	0.0	0.0	180.0	1.7800000
16	23783.4727	5023.561	33.00000	15.0	0.0	-180.0	0.9000000
16	23775.9160	5015.012	33.00000	15.0	0.0	-90.0	0.9000000
16	23784.1094	5006.452	33.00000	15.0	0.0	0.0	0.9000000
16	23792.5039	5014.976	33.00000	15.0	0.0	-270.0	0.9000000
23	23954.9980	5015.000	45.00000	0.0	0.0	180.0	1.7800000
16	24046.0000	5032.000	7.99999	0.0	0.0	180.0	1.7700000
63	23782.0000	5014.000	46.00000	0.0	0.0	0.0	4.0000000
0	23785.0000	5014.000	95.00000	0.0	0.0	0.0	1.0000000
23	24314.0000	4842.000	45.00000	0.0	0.0	90.0	1.7800000
16	24329.0000	4684.000	8.00000	0.0	0.0	90.0	1.7700000
23	23784.0000	4836.000	45.00000	0.0	0.0	-90.0	1.7800000
4	24039.3516	4838.067	45.00000	0.0	0.0	-360.0	3.0000000
16	23768.9980	4681.000	8.00000	0.0	0.0	-90.0	1.7700000
23	24314.0000	4530.000	45.00000	0.0	0.0	90.0	1.7800000
23	24314.0000	4169.000	45.00000	0.0	0.0	90.0	1.7800001
63	24312.0000	4348.000	46.00000	0.0	0.0	0.0	4.0000000
69	24315.0000	4349.000	45.00000	0.0	0.0	-315.0	1.1000000
23	23785.5000	4167.048	45.13704	0.0	0.0	-90.0	1.7800001
23	23784.0000	4525.000	45.00000	0.0	0.0	-90.0	1.7800000
69	23785.0000	4349.000	45.00000	0.0	0.0	-360.0	1.1000000
7	23790.0000	4299.000	64.00000	0.0	0.0	-810.0	4.0000000
63	23783.0000	4348.000	46.00000	0.0	0.0	0.0	3.9900000
42	23443.9980	4201.000	20.00000	0.0	-24.0	0.0	2.2000000
42	23733.0000	4201.000	38.00000	0.0	-5.9	0.0	2.2000000
42	23643.9980	4201.000	32.00000	0.0	-2.5	0.0	2.2000000
42	23543.0000	4201.000	39.00000	0.0	8.5	0.0	2.2000000
7	23389.0000	4298.000	26.00000	-22.0	0.0	-630.0	4.0000000
1	23194.0000	4184.074	0.00000	0.0	0.0	0.0	3.4000001
42	24642.0000	2501.000	26.00000	0.0	24.0	0.0	2.2000000
7	24709.5469	2599.510	26.00000	-22.0	0.0	-1170.0	4.0000000
1	24903.0000	2513.901	1.00000	0.0	0.0	-180.0	3.4000001
23	24314.0000	3858.000	45.00000	0.0	0.0	90.0	1.7800000
16	24329.0000	4013.000	8.00000	0.0	0.0	90.0	1.7700000
23	23785.0000	3856.000	45.00000	0.0	0.0	-90.0	1.7800000
7	23790.0000	4102.000	64.00000	0.0	0.0	-810.0	4.0000000
16	23768.9980	4013.000	8.00000	0.0	0.0	-90.0	1.7700000
16	24322.0000	3677.000	33.00000	15.0	0.0	-270.0	0.9000000
16	24314.1504	3685.337	33.00000	15.0	0.0	180.0	0.9008043
16	24313.6934	3668.605	33.00000	15.0	0.0	0.0	0.8975871
16	24305.6777	3676.825	33.00000	15.0	0.0	-90.0	0.9008043
0	24315.0000	3677.000	95.00000	0.0	0.0	0.0	1.0000000
23	24314.0000	3496.000	45.00000	0.0	0.0	90.0	1.7800000
16	24329.0000	3338.000	7.99999	0.0	0.0	90.0	1.7700000
63	24312.0000	3676.000	46.00000	0.0	0.0	0.0	4.0000000
23	23785.0000	3497.000	45.00000	0.0	0.0	-90.0	1.7800000
16	23784.8945	3685.356	33.00000	15.0	0.0	-180.0	0.9000000
16	23793.4512	3677.261	33.00000	15.0	0.0	-270.0	0.9000000
16	23785.1523	3668.343	33.00000	15.0	0.0	-360.0	0.9000000
16	23776.5098	3677.040	33.00000	15.0	0.0	-450.0	0.9000000
0	23785.0000	3676.000	95.00000	0.0	0.0	0.0	1.0000000
16	23768.9980	3342.000	7.99999	0.0	0.0	-90.0	1.7700000
63	23783.0000	3676.000	46.00000	0.0	0.0	0.0	4.0000000
7	23389.0000	4100.835	26.00000	-22.0	0.0	-630.0	4.0000000
23	24314.0000	3185.000	45.00000	0.0	0.0	90.0	1.7800001
63	24312.0000	3004.000	46.00000	0.0	0.0	0.0	4.0000000
48	24314.0000	3004.000	45.00000	0.0	0.0	-270.0	0.9500000
23	23785.0000	3185.000	45.00000	0.0	0.0	-90.0	1.7800000
48	23786.0000	3005.000	45.00000	0.0	0.0	45.0	0.9500000
63	23783.0000	3004.000	46.00000	0.0	0.0	0.0	4.0000000
42	24445.0000	2501.000	33.00000	0.0	2.5	0.0	2.2000000
42	24540.9980	2501.000	37.00000	0.0	-8.5	0.0	2.2000000
42	24360.0000	2501.000	40.00000	0.0	5.9	0.0	2.2000000
7	24315.9980	2599.250	64.00000	0.0	0.0	-990.0	4.0000000
23	24314.0000	2824.000	45.00000	0.0	0.0	90.0	1.7800001
23	24314.0000	2512.000	45.00000	0.0	0.0	90.0	1.7800000
16	24329.0000	2668.000	8.00000	0.0	0.0	90.0	1.7700000
23	23785.0000	2510.000	45.00000	0.0	0.0	-90.0	1.7800000
23	23785.0000	2822.000	45.00000	0.0	0.0	-90.0	1.7800000
16	23768.9980	2667.000	8.00000	0.0	0.0	-90.0	1.7700000
40	22954.9980	2694.000	144.00000	0.0	0.0	-45.0	6.5000000
97	23270.0996	2539.500	130.12245	0.0	0.0	220.0	1.2500000
57	22897.5273	2715.350	187.00000	0.0	0.0	45.0	3.0000000
57	23081.0000	2536.000	145.00000	0.0	0.0	45.0	2.0000000
7	23037.0000	2622.000	218.00000	0.0	0.0	-405.0	6.9099998
7	23189.0000	2470.000	218.00000	0.0	0.0	-405.0	6.9099998
40	23108.0000	2542.000	144.00000	0.0	0.0	-45.0	6.5000000
75	22049.0000	4972.910	324.00000	0.0	0.0	0.0	1.0000000
9	22302.8711	4990.020	315.00000	0.0	0.0	120.0	2.0000000
86	22148.0000	5046.000	324.00000	0.0	0.0	200.0	1.1000000
69	22270.5098	5172.390	261.85999	0.0	0.0	-405.0	1.5000000
9	22087.0000	5276.000	315.00000	0.0	0.0	130.0	2.0000000
9	22198.0000	5154.763	315.00000	0.0	0.0	125.0	2.0000000
48	21644.9297	5588.580	253.00000	0.0	0.0	0.0	1.8000000
9	21937.9980	5407.000	315.00000	0.0	0.0	142.0	2.0000000
9	21800.0000	5497.828	315.00000	0.0	0.0	152.0	2.0000000
9	21706.0293	5537.400	315.00000	0.0	0.0	165.0	2.0000000
120	21567.8105	5525.980	324.00000	0.0	0.0	40.0	0.6000000
75	21521.2578	5471.630	324.00000	0.0	0.0	0.0	1.0000000
33	21487.0000	5686.000	324.00000	0.0	0.0	90.0	2.5000000
18	21485.0000	5818.000	313.00000	0.0	0.0	90.0	1.3000000
35	21251.0000	5590.000	325.00000	0.0	0.0	-720.0	3.5999999
31	21342.0000	5500.000	325.00000	180.0	0.0	-180.0	2.5000000
26	21251.3359	5681.840	324.00000	0.0	0.0	-90.0	4.2500000
9	21393.9902	5599.820	298.94220	0.0	0.0	175.0	2.0000000
9	21234.2109	5618.261	298.94220	0.0	0.0	180.0	2.0000000
9	21561.7090	5579.620	315.00000	0.0	0.0	165.0	2.0000000
117	21855.3594	5246.210	325.00000	0.0	0.0	147.0	0.7000000
116	21865.0703	5325.320	326.00000	0.0	0.0	415.0	0.8600001
102	21778.9492	5389.940	326.80267	0.0	0.0	50.0	0.9000000
72	21891.9102	5296.380	326.76996	0.0	0.0	-35.0	4.8000002
80	21481.8887	5319.330	324.00000	0.0	0.0	-35.0	0.3500000
34	22587.0000	4640.000	331.00000	0.0	0.0	90.0	1.4000000
75	22494.0879	4791.710	324.00000	0.0	0.0	0.0	1.0000000
52	22522.7988	4881.830	302.74811	0.0	0.0	110.0	1.5000000
80	22078.7988	4865.920	320.99997	0.0	0.0	10.0	0.3500000
94	22315.9980	4746.000	324.83429	0.0	0.0	-65.0	1.7000000
124	22442.4062	4866.171	324.00000	0.0	0.0	315.0	0.8000000
117	22307.0000	4790.000	325.00000	0.0	0.0	180.0	0.8200000
11	22437.9980	4623.000	299.00000	5.0	0.0	400.0	2.0000000
9	22242.0000	4643.569	279.00000	-5.0	7.0	3.0	2.0000000
9	22448.4961	4661.000	282.84454	-5.0	7.0	4.0	2.0000000
9	22437.3828	4649.000	315.00000	0.0	0.0	103.0	2.0000000
9	22381.1602	4833.010	315.00000	0.0	0.0	110.0	2.0000000
102	22237.3633	4894.760	324.00000	0.0	0.0	20.0	0.9000000
75	22462.5801	4131.840	324.00000	0.0	0.0	-45.0	1.0000000
77	22518.9395	4507.570	324.00000	-10.0	0.0	-145.0	0.2000000
48	22528.2793	4223.000	233.99998	0.0	0.0	45.0	1.3000000
20	22472.0000	4431.000	287.00000	0.0	0.0	0.0	1.1000000
5	22519.0000	4179.687	332.53922	0.0	0.0	83.0	2.0000000
5	22520.5391	4477.528	330.36328	0.0	0.0	93.0	2.0000000
5	22527.0820	4344.000	332.53922	0.0	0.0	90.0	2.0000000
19	22533.2969	4390.504	182.03455	0.0	0.0	-45.0	0.4000000
19	22495.9785	4303.124	196.98477	0.0	0.0	0.0	0.5000000
19	22521.0000	4483.000	168.00000	0.0	0.0	90.0	0.8000000
124	22400.0000	4250.000	324.00000	0.0	0.0	315.0	1.0000000
124	22416.5488	4387.420	328.18628	45.0	0.0	-45.0	0.8000000
75	22331.5605	4130.980	324.00000	0.0	0.0	0.0	1.0000000
75	22319.0293	4309.100	344.64749	0.0	0.0	0.0	1.0000000
120	22220.4004	4317.030	345.15735	0.0	0.0	130.0	0.6000000
60	22226.4414	4475.000	100.12930	0.0	0.0	0.0	0.6000000
9	22022.0000	4643.000	279.00000	-5.0	7.0	0.0	2.0000000
9	21795.0371	4645.810	279.00000	0.0	0.0	360.0	2.0000000
9	21574.1797	4642.629	279.00000	0.0	0.0	360.0	2.0000000
9	21349.8906	4631.863	279.00000	0.0	0.0	365.0	2.0000000
9	21273.8105	4596.293	279.00000	-5.0	7.0	45.0	2.0000000
9	21228.7402	4266.000	279.00000	-5.0	7.0	90.0	2.0000000
9	21233.0469	4473.000	279.00000	-5.0	7.0	90.0	2.0000000
103	21250.0000	4450.000	324.00000	0.0	0.0	-47.0	0.6800000
104	20979.0195	5459.569	324.00000	0.0	0.0	0.0	0.4000000
92	20862.9980	5562.000	326.00000	0.0	0.0	-90.0	0.7000000
31	21156.0000	5500.000	319.99997	0.0	0.0	0.0	2.5000000
33	21015.9980	5694.000	324.00000	0.0	0.0	90.0	2.5000000
9	20898.8691	5593.000	315.00000	0.0	0.0	188.0	2.0000000
9	21097.0000	5611.782	299.00000	0.0	0.0	184.0	2.0000000
60	20820.0000	5765.136	0.00000	0.0	0.0	0.0	1.0000000
48	20579.0000	5449.000	267.64963	0.0	0.0	0.0	1.9000000
9	20721.3594	5558.840	315.00000	0.0	0.0	195.0	2.0000000
9	20554.1094	5497.570	315.00000	0.0	0.0	200.0	2.0000000
9	20364.5098	5403.800	315.00000	0.0	0.0	210.0	2.0000000
75	20675.7988	5184.990	324.00000	0.0	0.0	0.0	1.0000000
69	20708.3184	5307.580	254.00000	0.0	0.0	-360.0	1.4000000
60	20201.9492	5505.690	0.00000	0.0	0.0	0.0	1.0000000
87	20309.0000	5092.000	326.00000	0.0	0.0	45.0	2.0000000
9	20217.0000	5299.000	315.00000	0.0	0.0	220.0	2.0000000
9	20079.0000	5152.000	315.00000	0.0	0.0	230.0	2.0000000
9	19967.0000	4985.000	315.00000	0.0	0.0	240.0	2.0000000
60	19785.0000	5006.000	0.00000	0.0	0.0	0.0	1.0000000
95	21078.1699	4238.740	323.00000	0.0	0.0	45.0	1.0000000
0	21062.9980	4206.000	341.00000	0.0	0.0	45.0	0.5000000
0	21086.6875	4225.960	331.28384	0.0	0.0	45.0	0.5000000
0	21058.3301	4239.375	329.27890	0.0	0.0	270.0	1.0000000
0	21079.0000	4257.000	337.00000	0.0	0.0	45.0	0.5000000
103	20850.0000	4450.000	324.00000	0.0	0.0	43.0	0.6800000
112	20051.8867	4636.229	324.00000	0.0	0.0	65.0	2.0000000
86	19991.4590	4902.250	324.00000	0.0	0.0	45.0	1.3000000
105	19839.9902	4684.160	205.60480	0.0	0.0	90.0	3.0000000
69	19871.0000	4748.000	208.99998	0.0	0.0	-335.0	2.0000000
9	19876.0000	4817.000	315.00000	0.0	0.0	245.0	2.0000000
9	19811.0000	4637.000	315.00000	0.0	0.0	255.0	2.0000000
75	19678.1484	4272.660	324.00000	0.0	0.0	45.0	1.0000000
117	19843.0000	4415.000	325.00000	0.0	0.0	70.0	0.8000000
116	19843.5195	4413.970	324.00000	0.0	0.0	520.0	0.8000000
88	19831.0000	4424.000	325.00000	0.0	0.0	65.0	1.7500000
33	19694.0000	4182.000	322.00000	0.0	0.0	90.0	2.5000000
18	19562.9980	4182.000	313.00000	0.0	0.0	180.0	1.3000000
9	19761.0000	4432.000	315.00000	0.0	0.0	255.0	2.0000000
9	19742.0000	4310.000	315.00000	0.0	0.0	270.0	2.0000000
60	19540.6602	4347.000	0.00000	0.0	0.0	0.0	1.0000000
34	22502.5293	3817.940	331.00000	0.0	0.0	90.0	1.4000000
5	22495.9395	4032.563	331.41470	0.0	0.0	78.0	2.0000000
75	22143.6895	3760.750	349.50000	0.0	0.0	0.0	1.0000000
120	22249.1172	3714.780	340.74341	0.0	0.0	-5.0	0.6000000
92	22397.8203	3860.500	324.55603	0.0	0.0	160.0	0.7000000
11	22384.0000	3909.618	299.00000	5.0	0.0	485.0	2.0000000
9	22280.9141	3892.988	279.00000	0.0	0.0	170.0	2.0000000
9	22132.0000	3905.401	279.00000	0.0	0.0	175.0	2.0000000
9	22400.0000	3879.000	315.00000	0.0	0.0	-287.0	2.0000000
9	22338.0410	3710.860	315.00000	0.0	0.0	-297.0	2.0000000
69	22299.0000	3586.000	208.99998	0.0	0.0	-360.0	1.8000000
37	22356.0000	3300.000	267.99997	0.0	0.0	-45.0	6.8400002
52	22433.7090	3568.330	255.88000	0.0	0.0	420.0	2.5000000
9	22137.0000	3380.000	290.43106	0.0	0.0	-312.0	2.0000000
9	22248.0000	3534.000	315.00000	0.0	0.0	-300.0	2.0000000
7	22284.0000	3378.000	322.00000	0.0	0.0	-405.0	7.2700000
80	22141.7793	3516.820	324.00000	0.0	0.0	145.0	0.3500000
9	21739.0000	3918.215	279.00000	0.0	0.0	180.0	2.0000000
9	21944.3301	3913.816	279.00000	0.0	0.0	180.0	2.0000000
9	21539.0000	3924.000	279.00000	0.0	0.0	180.0	2.0000000
9	21405.0098	3764.830	279.00000	0.0	0.0	-85.0	2.0000000
9	21279.0000	3939.000	279.00000	0.0	0.0	0.0	2.0000000
9	21341.3750	3926.530	279.00000	0.0	0.0	180.0	2.0000000
9	21227.4512	4107.000	279.00000	-5.0	7.0	90.0	2.0000000
103	21250.0000	4050.000	324.00000	0.0	0.0	-137.0	0.6800000
35	22018.0000	3276.000	325.00000	0.0	0.0	-495.0	3.5999999
31	21892.0000	3280.000	325.00000	180.0	0.0	-315.0	2.5000000
31	22012.0000	3405.000	319.99997	0.0	0.0	225.0	2.5000000
9	21438.9922	3383.730	279.00000	0.0	0.0	-85.0	2.0000000
9	21419.5840	3577.620	279.00000	0.0	0.0	-85.0	2.0000000
40	22803.0000	2847.000	144.00000	0.0	0.0	-45.0	6.5000000
57	22482.2363	3128.790	201.03986	0.0	0.0	45.0	5.0000000
57	22690.1191	2897.010	145.00000	0.0	0.0	45.0	2.0000000
37	22504.0000	3152.000	213.00002	0.0	0.0	-45.0	6.8400002
7	22732.2363	2926.670	217.99998	0.0	0.0	-405.0	6.9099998
7	22579.9980	3081.000	218.00000	0.0	0.0	-405.0	6.9099998
40	22651.9980	3000.000	144.00000	0.0	0.0	-45.0	6.5000000
26	22079.9980	3214.000	324.00000	0.0	0.0	-225.0	4.2500000
7	22432.0000	3229.000	270.00000	0.0	0.0	-405.0	7.2700000
27	22156.0000	3139.000	288.00000	0.0	0.0	45.0	3.5000000
27	22240.0000	3058.000	256.00000	0.0	0.0	45.0	3.5000000
27	22353.0000	2949.000	215.00002	0.0	0.0	45.0	3.5000000
57	22125.4297	2844.320	234.12413	0.0	0.0	45.0	3.0000000
7	22071.2852	2866.641	270.00000	0.0	0.0	-585.0	7.2700000
9	22037.4805	3255.610	290.40106	0.0	0.0	-315.0	2.0000000
32	22559.0000	2742.000	208.99998	0.0	0.0	315.0	9.6000004
7	22885.0000	2774.000	218.00000	0.0	0.0	-405.0	6.9099998
32	22865.0000	2436.000	208.99998	0.0	0.0	315.0	9.6000004
89	22847.9102	2451.340	208.99998	0.0	0.0	-315.0	1.8400000
89	22513.3691	2780.330	208.99998	0.0	0.0	-315.0	1.8400000
57	22488.8496	2486.610	186.60739	0.0	0.0	45.0	5.0000000
7	22526.0000	2414.000	218.00000	0.0	0.0	-585.0	6.9099998
40	22456.0000	2495.000	144.00000	0.0	0.0	-45.0	6.5000000
37	22153.0000	2803.000	213.00002	0.0	0.0	-45.0	6.8400002
57	22301.2500	2700.350	223.21524	0.0	0.0	45.0	2.0000000
7	22373.6895	2566.360	217.99998	0.0	0.0	-585.0	6.9099998
7	22219.8066	2718.790	217.99998	0.0	0.0	-585.0	6.9099998
40	22301.9980	2649.000	144.00000	0.0	0.0	-45.0	6.5000000
75	21763.9883	3142.260	324.00000	0.0	0.0	0.0	1.0000000
48	21845.1406	3003.520	253.00000	0.0	0.0	0.0	1.3000000
57	21833.9668	2918.080	296.00000	0.0	0.0	45.0	4.0000000
57	22026.0898	2973.400	290.37128	0.0	0.0	45.0	2.0000000
9	21651.3398	2981.300	313.01999	0.0	0.0	-335.0	2.0000000
9	21794.7363	3054.500	309.00726	0.0	0.0	-330.0	2.0000000
37	22004.2383	2951.670	267.99997	0.0	0.0	-45.0	6.8400002
9	21923.7070	3154.690	290.55658	0.0	0.0	-318.0	2.0000000
7	21921.5996	3017.559	322.00000	0.0	0.0	-585.0	7.2700000
98	21315.9629	2947.360	328.07111	0.0	0.0	45.0	1.5000000
9	21469.0000	2969.000	279.00000	0.0	0.0	-90.0	2.0000000
120	21570.9570	3174.670	348.55383	0.0	0.0	40.0	0.6000000
75	21185.1387	3086.500	324.00000	0.0	0.0	0.0	1.0000000
75	21498.5801	3172.310	331.06094	0.0	0.0	0.0	1.0000000
92	21512.9980	2900.631	324.00000	0.0	0.0	100.0	0.7000000
9	21460.0000	3162.000	279.00000	0.0	0.0	-85.0	2.0000000
11	21453.3516	2913.254	300.00000	5.0	0.0	305.0	2.0000000
9	21482.0000	2917.000	315.00000	0.0	0.0	-345.0	2.0000000
80	21295.0996	3086.240	325.48834	0.0	0.0	-170.0	0.3500000
52	21627.9961	2835.760	272.00000	0.0	0.0	385.0	2.5000000
5	21190.0000	2794.000	332.00000	0.0	0.0	-350.0	2.0000000
69	21289.0000	2799.000	228.00000	0.0	0.0	-325.0	1.4000000
19	21198.0000	2836.000	169.00000	0.0	0.0	45.0	0.4000000
5	21342.3398	2819.760	332.00000	0.0	0.0	-350.0	2.0000000
19	21286.8203	2800.437	172.27911	0.0	0.0	45.0	0.4000000
9	21096.3477	3933.170	279.00000	0.0	0.0	0.0	2.0000000
9	20925.8203	3932.990	279.00000	0.0	0.0	0.0	2.0000000
9	20754.9004	3769.810	279.00000	0.0	0.0	90.0	2.0000000
9	20865.5547	3943.970	279.00000	0.0	0.0	0.0	2.0000000
103	20850.0000	4050.000	324.00000	0.0	0.0	-227.0	0.6800000
124	20500.0000	3300.000	324.00000	0.0	0.0	315.0	1.0000000
124	20355.0000	3500.000	355.00000	90.0	-45.0	0.0	0.8000000
124	20450.0000	3400.000	324.00000	0.0	0.0	315.0	0.8000000
9	20753.4277	3366.964	279.00000	0.0	0.0	90.0	2.0000000
9	20754.2168	3571.200	279.00000	0.0	0.0	90.0	2.0000000
35	19790.9980	3945.000	325.00000	0.0	0.0	-630.0	3.5999999
26	19698.0000	3945.000	324.00000	0.0	0.0	-0.0	4.2500000
9	19770.0000	3784.783	303.00000	0.0	0.0	284.0	2.0000000
31	19887.0000	4039.000	325.00000	180.0	0.0	-90.0	2.5000000
31	19887.0000	3853.000	319.99997	0.0	0.0	90.0	2.5000000
18	19570.8047	3712.000	313.00000	0.0	0.0	180.0	1.3000000
33	19694.5039	3711.718	322.00000	0.0	0.0	90.0	2.5000000
9	19744.4238	3906.930	303.07837	0.0	0.0	275.0	2.0000000
9	19739.0703	4085.000	303.07837	0.0	0.0	268.0	2.0000000
80	20166.2207	3620.400	324.00000	0.0	0.0	-60.0	0.3500000
75	20282.7246	3470.000	316.52847	0.0	0.0	0.0	1.0000000
75	19943.1094	3559.420	324.00000	0.0	0.0	0.0	1.0000000
92	19979.0000	3351.000	337.00000	0.0	0.0	45.0	0.7000000
9	19920.2461	3413.820	315.00000	0.0	0.0	-420.0	2.0000000
120	19811.2480	3622.320	324.00000	0.0	0.0	-5.0	0.6000000
75	19775.2090	3673.230	324.00000	0.0	0.0	45.0	1.0000000
48	19805.2598	3523.120	253.00000	0.0	0.0	0.0	1.6000000
9	19830.3945	3593.120	314.62387	0.0	0.0	-430.0	2.0000000
156	21145.9961	2964.052	324.00000	0.0	0.0	180.0	1.7000000
11	20771.0000	2858.000	287.00000	0.0	0.0	440.0	2.0000000
20	21009.0000	2879.000	324.00000	0.0	0.0	0.0	0.8000000
124	20954.9980	2852.000	321.00000	45.0	-45.0	0.0	0.7000000
118	20785.1387	3077.400	324.00000	0.0	0.0	-235.0	1.0000000
102	21134.4785	2865.860	325.00000	0.0	0.0	180.0	0.9000000
5	20789.0000	2857.939	258.00000	0.0	0.0	70.0	2.0000000
9	20765.0000	2964.000	279.00000	0.0	0.0	90.0	2.0000000
9	20758.1328	3171.000	279.00000	0.0	0.0	90.0	2.0000000
106	20700.0000	3017.310	324.00000	0.0	0.0	125.0	0.8000000
9	20354.0000	3000.000	315.00000	0.0	0.0	-390.0	2.0000000
9	20536.0000	2919.000	315.00000	0.0	0.0	-380.0	2.0000000
9	20744.0000	2860.000	315.00000	0.0	0.0	-375.0	2.0000000
102	20649.5293	3170.640	324.00000	0.0	0.0	45.0	0.9000000
5	20881.0000	2781.000	332.00000	0.0	0.0	360.0	2.0000000
19	21143.0000	2790.000	168.00000	0.0	0.0	225.0	0.8000000
48	20850.0000	2750.000	250.00000	0.0	0.0	0.0	1.4000000
19	20963.0723	2800.364	139.39729	0.0	0.0	45.0	0.6000000
5	21033.0000	2782.000	332.00000	0.0	0.0	-357.0	2.0000000
19	21060.0000	2798.000	193.00000	10.0	0.0	0.0	0.6000000
57	20697.4082	2732.860	331.00000	0.0	0.0	45.0	5.0000000
57	20546.0000	2748.000	331.00000	0.0	0.0	45.0	3.0000000
57	20619.0000	2760.692	324.00000	0.0	0.0	45.0	2.0000000
84	20300.0000	3250.000	349.50000	0.0	0.0	0.0	1.5000000
69	20287.0000	3050.000	208.99998	0.0	0.0	-340.0	2.0000000
9	20036.0000	3254.000	315.00000	0.0	0.0	-410.0	2.0000000
9	20182.0000	3113.000	315.00000	0.0	0.0	-400.0	2.0000000
60	19725.3867	3166.990	159.74388	0.0	0.0	0.0	1.0000000
7	24708.2480	2401.115	26.00000	-22.0	0.0	-1170.0	4.0000000
7	24315.6328	2400.918	64.00000	0.0	0.0	-990.0	4.0000000
63	24312.0000	2330.000	46.00000	0.0	0.0	0.0	4.0000000
16	24322.3418	2331.039	33.00000	15.0	0.0	90.0	0.9000000
16	24305.9961	2330.823	33.00000	15.0	0.0	270.0	0.9000000
16	24313.6621	2339.315	33.00000	15.0	0.0	180.0	0.9000000
16	24313.9961	2322.823	33.00000	15.0	0.0	360.0	0.9000000
23	24314.0000	2151.000	45.00000	0.0	0.0	90.0	1.7800001
16	24329.0000	1996.000	8.00000	0.0	0.0	90.0	1.7700000
0	24314.0000	2326.000	95.00001	0.0	0.0	0.0	1.0000000
23	23785.0000	2153.000	45.00000	0.0	0.0	-90.0	1.7800000
63	23783.0000	2014.000	46.00000	0.0	0.0	0.0	4.0000000
16	23785.0625	2339.510	33.03439	15.0	0.0	-540.0	0.9005163
16	23785.1660	2322.964	33.03439	15.0	0.0	-360.0	0.9005163
16	23793.2852	2330.771	33.03439	15.0	0.0	-270.0	0.9005163
16	23776.4863	2330.755	32.89685	15.0	0.0	-450.0	0.8984510
63	23783.0000	2330.000	46.00000	0.0	0.0	0.0	4.0000000
0	23784.0000	2331.000	95.00001	0.0	0.0	0.0	1.0000000
69	24315.2754	1655.530	72.21018	0.0	0.0	-360.0	1.1000000
34	24325.7910	1659.404	68.00000	0.0	0.0	90.0	1.3000000
63	24312.0000	1658.000	45.00000	0.0	0.0	0.0	4.0000000
23	24314.0000	1840.000	45.00000	0.0	0.0	90.0	1.7800001
23	23656.0000	2015.000	46.00000	0.0	0.0	-180.0	1.7800000
7	23626.0000	2033.000	52.00000	0.0	0.0	-405.0	7.2700000
7	23334.0000	2325.000	158.99998	0.0	0.0	-405.0	7.2700000
57	23414.3379	2194.810	104.12269	0.0	0.0	45.0	3.0000000
7	23479.9980	2179.000	102.00000	0.0	0.0	-405.0	7.2700000
37	23551.0000	2103.000	46.00000	0.0	0.0	-45.0	6.8400002
37	23404.9980	2250.000	103.00000	0.0	0.0	-45.0	6.8400002
37	22908.0000	2050.000	157.00000	0.0	0.0	-45.0	6.8400002
27	23068.0000	2234.000	170.99998	0.0	0.0	45.0	3.5000000
27	23289.0000	2012.000	88.00000	0.0	0.0	45.0	3.5000000
27	23176.9980	2122.000	129.00000	0.0	0.0	45.0	3.5000000
57	23251.3770	2365.020	171.67990	0.0	0.0	45.0	5.0000000
57	22934.1094	2054.310	175.13948	0.0	0.0	45.0	2.0000000
37	23260.0000	2395.000	157.00000	0.0	0.0	-45.0	6.8400002
23	23392.0000	1903.000	45.00000	0.0	0.0	-135.0	1.7500000
35	23529.9980	1770.000	46.00000	0.0	0.0	-315.0	3.5999999
26	23476.0000	1824.000	45.00000	0.0	0.0	-45.0	4.2500000
27	23400.0000	1901.000	47.00000	0.0	0.0	45.0	3.5000000
7	23122.0000	1820.000	102.00000	0.0	0.0	-585.0	7.2700000
37	23201.0000	1758.000	46.00000	0.0	0.0	-45.0	6.8400002
23	23286.0000	1644.000	46.00000	0.0	0.0	-90.0	1.7800000
57	23149.6602	1894.700	73.80698	0.0	0.0	45.0	5.0000000
7	23266.9297	1673.300	52.00000	0.0	0.0	-585.0	7.2700000
7	22973.6777	1967.920	158.99998	0.0	0.0	-585.0	7.2700000
37	23055.3398	1903.990	103.00000	0.0	0.0	-45.0	6.8400002
16	24329.0000	1323.000	8.00000	0.0	0.0	90.0	1.7700000
23	24314.0000	1478.000	45.00000	0.0	0.0	90.0	1.7800000
23	24314.0000	1167.000	45.00000	0.0	0.0	90.0	1.7800000
22	23880.1992	1418.310	4.00000	0.0	0.0	-315.0	1.4000000
34	24316.2598	996.210	45.70575	0.0	0.0	45.0	2.0000000
16	24314.1016	977.986	33.00000	15.0	0.0	360.0	0.9000000
16	24322.5898	985.832	33.00000	15.0	0.0	90.0	0.9000000
16	24313.8750	994.592	33.00000	15.0	0.0	180.0	0.9000000
16	24305.4297	985.590	33.00000	15.0	0.0	270.0	0.9000000
63	24312.0000	985.000	46.00000	0.0	0.0	0.0	4.0000000
0	24315.0000	985.000	95.00001	0.0	0.0	0.0	1.0000000
23	24131.0000	986.000	45.00000	0.0	0.0	0.0	1.7800000
23	23818.9980	986.000	45.00000	0.0	0.0	0.0	1.7800000
16	23973.0000	970.000	7.99999	0.0	0.0	0.0	1.7700000
23	23132.0000	1515.000	45.00000	0.0	0.0	-180.0	1.7800000
16	22966.1582	1523.526	32.99999	15.0	0.0	-900.0	0.9000000
16	22966.0391	1507.157	32.99999	15.0	0.0	-720.0	0.9000000
16	22957.5781	1514.527	32.99999	15.0	0.0	-1170.0	0.9000000
16	22974.2246	1514.790	32.99999	15.0	0.0	-990.0	0.9000000
63	23284.0000	1514.000	46.00000	0.0	0.0	0.0	4.0000000
63	22964.0000	1514.000	46.00000	0.0	0.0	0.0	4.0000000
0	22965.9980	1515.000	95.00000	0.0	0.0	0.0	1.0000000
69	23643.9980	985.000	72.00000	0.0	0.0	-315.0	1.1000000
34	23639.5234	971.812	68.00000	0.0	0.0	45.0	1.3000000
23	23462.0000	986.000	45.00000	0.0	0.0	0.0	1.7800000
63	23639.0000	985.000	46.00000	0.0	0.0	0.0	4.0000000
7	22898.6562	982.510	64.00000	0.0	0.0	-720.0	4.0000000
16	22971.9453	977.855	33.03472	15.0	0.0	0.0	0.9004835
16	22980.4766	986.008	33.03472	15.0	0.0	90.0	0.9004835
16	22963.5566	985.913	32.89581	15.0	0.0	-90.0	0.8985490
16	22972.0156	994.224	33.03472	15.0	0.0	-180.0	0.9004835
23	23150.0000	986.000	45.00000	0.0	0.0	0.0	1.7800000
16	23304.9980	970.000	7.99999	0.0	0.0	0.0	1.7700000
63	22971.0000	985.000	46.00000	0.0	0.0	0.0	4.0000000
0	22973.0000	985.000	95.00001	0.0	0.0	0.0	1.0000000
7	22899.8984	592.000	26.00000	-22.0	0.0	-540.0	4.0000000
40	22607.7109	2344.024	144.00000	0.0	0.0	-45.0	6.5000000
97	22747.0000	2042.000	130.00000	0.0	0.0	40.0	1.2500000
57	22756.0000	2230.000	187.00000	0.0	0.0	45.0	3.0000000
7	22828.7500	2112.360	217.99998	0.0	0.0	-585.0	6.9099998
7	22676.9980	2263.000	218.00000	0.0	0.0	-585.0	6.9099998
40	22757.0000	2194.000	144.00000	0.0	0.0	-45.0	6.5000000
7	21198.1895	1909.000	26.00000	-22.0	0.0	-720.0	4.0000000
23	22790.9980	1515.000	45.00000	0.0	0.0	-180.0	1.7800000
23	22481.0000	1515.000	45.00000	0.0	0.0	-180.0	1.7800000
16	22636.0000	1531.000	8.00000	0.0	0.0	-180.0	1.7700000
23	22126.0000	1515.000	45.00000	0.0	0.0	-180.0	1.7800000
48	22304.0000	1514.000	45.00000	0.0	0.0	0.0	0.9500000
63	22301.9980	1514.000	46.00000	0.0	0.0	0.0	4.0000000
41	22793.0000	933.000	38.00000	5.9	0.0	0.0	2.2000000
41	22793.0000	846.000	32.00000	2.5	0.0	0.0	2.2000000
41	22793.0000	752.000	37.00000	-8.5	0.0	0.0	2.2000000
7	22700.8750	983.000	64.00000	0.0	0.0	-720.0	4.0000000
23	22794.0000	986.000	45.00000	0.0	0.0	0.0	1.7800000
23	22483.0000	986.000	45.00000	0.0	0.0	0.0	1.7800000
16	22639.0000	970.000	8.00000	0.0	0.0	0.0	1.7700000
48	22304.0000	986.343	45.00000	0.0	0.0	45.0	0.9500000
23	22124.0000	986.000	45.00000	0.0	0.0	0.0	1.7800000
63	22301.9980	985.000	46.00000	0.0	0.0	0.0	4.0000000
23	21814.0000	1515.000	45.00000	0.0	0.0	-180.0	1.7800000
16	21631.6367	1506.702	33.00000	15.0	0.0	-1080.0	0.9000000
16	21631.7559	1523.503	33.00000	15.0	0.0	-900.0	0.9000000
16	21623.6113	1514.795	33.00000	15.0	0.0	-810.0	0.9000000
16	21640.9980	1515.000	33.00000	15.0	0.0	-990.0	0.9000000
16	21972.0000	1531.000	7.99999	0.0	0.0	-180.0	1.7700000
63	21629.9980	1514.000	46.00000	0.0	0.0	0.0	4.0000000
0	21633.0000	1514.000	95.00001	0.0	0.0	0.0	1.0000000
23	21451.9980	1515.000	45.00000	0.0	0.0	-180.0	1.7800000
7	21199.5137	1515.146	64.00000	0.0	0.0	-900.0	4.0000000
16	21299.0000	1531.000	7.99999	0.0	0.0	-180.0	1.7700000
16	21632.8984	977.454	33.03473	15.0	0.0	-360.0	0.9004837
16	21632.9395	994.648	33.03473	15.0	0.0	-180.0	0.9004837
16	21625.1211	986.047	32.89581	15.0	0.0	-90.0	0.8985491
16	21641.0391	985.850	33.03473	15.0	0.0	90.0	0.9004837
23	21812.0000	986.000	45.00000	0.0	0.0	0.0	1.7800000
16	21965.9980	970.000	7.99999	0.0	0.0	0.0	1.7700000
63	21629.9980	985.000	46.00000	0.0	0.0	0.0	4.0000000
0	21633.0000	985.000	95.00000	0.0	0.0	0.0	1.0000000
23	21451.0000	986.000	45.00000	0.0	0.0	0.0	1.7800000
16	21294.0000	970.000	7.99999	0.0	0.0	0.0	1.7700000
1	21116.9824	2094.875	1.00000	0.0	0.0	90.0	3.4000001
41	21093.0000	1848.000	23.32153	-24.0	0.0	0.0	2.2000000
41	21093.0000	1649.000	32.00000	-2.5	0.0	0.0	2.2000000
41	21093.0000	1749.000	37.00000	8.5	0.0	-360.0	2.2000000
7	21001.0000	1909.000	26.00000	-22.0	0.0	-720.0	4.0000000
41	21092.6523	1564.311	38.00000	-5.9	0.0	0.0	2.2000000
23	21142.0000	1515.000	45.00000	0.0	0.0	-180.0	1.7800000
23	20779.0000	1515.000	45.00000	0.0	0.0	-180.0	1.7800000
69	20959.0000	1514.000	45.00000	0.0	0.0	0.0	1.1000000
7	21001.3555	1514.715	64.00000	0.0	0.0	-900.0	4.0000000
63	20957.0000	1514.000	46.00000	0.0	0.0	0.0	4.0000000
23	20467.0000	1515.000	45.00000	0.0	0.0	-180.0	1.7800000
4	20465.5840	1236.640	45.00000	0.0	0.0	-270.0	3.0000000
16	20625.0000	1531.000	7.99999	0.0	0.0	-180.0	1.7700000
23	21140.0000	986.000	45.00000	0.0	0.0	0.0	1.7800000
23	20778.0000	986.000	45.00000	0.0	0.0	0.0	1.7800000
63	20957.0000	985.000	46.00000	0.0	0.0	0.0	4.0000000
69	20959.0000	986.000	45.00000	0.0	0.0	45.0	1.1000000
23	20467.0000	986.000	45.00000	0.0	0.0	0.0	1.7800000
16	20621.0000	970.000	8.00000	0.0	0.0	0.0	1.7700000
23	20285.0000	1339.612	45.00000	0.0	0.0	-90.0	1.7800000
23	20285.0000	1164.643	45.00000	0.0	0.0	-90.0	1.7800000
16	20276.8652	1515.001	33.00000	15.0	0.0	-810.0	0.9000000
16	20284.9707	1506.377	33.00000	15.0	0.0	-720.0	0.9000000
16	20293.4336	1514.935	33.00000	15.0	0.0	-990.0	0.9000000
16	20284.7344	1523.687	33.00000	15.0	0.0	-900.0	0.9000000
16	20269.0000	1248.000	7.99999	0.0	0.0	270.0	1.7700000
63	20283.0000	1514.000	46.00000	0.0	0.0	0.0	4.0000000
0	20285.0000	1515.000	95.00001	0.0	0.0	0.0	1.0000000
16	20276.5371	985.968	33.00000	15.0	0.0	-90.0	0.9000000
16	20285.1152	977.527	33.00000	15.0	0.0	-360.0	0.9000000
16	20293.4922	986.028	33.00000	15.0	0.0	90.0	0.9000000
16	20284.8555	994.476	33.00000	15.0	0.0	-540.0	0.9000000
63	20283.0000	985.000	46.00000	0.0	0.0	0.0	4.0000000
0	20285.0000	985.000	95.00000	0.0	0.0	0.0	1.0000000
41	22793.0000	652.000	24.00000	24.0	0.0	0.0	2.2000000
1	22784.0000	404.000	1.00000	0.0	0.0	-90.0	3.4000001
7	22701.5859	591.753	26.00000	-22.0	0.0	-540.0	4.0000000
80	19404.7305	5753.460	331.85321	0.0	0.0	-45.0	0.3000000
76	19239.6387	5762.680	324.00000	0.0	0.0	45.0	0.2000000
77	19112.2383	5434.379	327.98532	-10.0	0.0	-100.0	0.3500000
101	19049.0000	5522.000	348.00000	0.0	0.0	0.0	0.7000000
71	19115.8164	5701.770	335.31638	0.0	0.0	0.0	1.0000000
9	19092.6582	5502.050	315.00000	0.0	0.0	60.0	2.0000000
9	19200.2988	5662.980	315.00000	0.0	0.0	50.0	2.0000000
9	19326.9941	5816.233	315.00000	0.0	0.0	47.0	2.0000000
120	19104.0137	5768.048	330.59814	0.0	0.0	-225.0	0.6000000
75	19148.5312	5584.758	331.63391	0.0	0.0	0.0	0.8000000
80	19196.9297	5523.440	333.33163	0.0	0.0	0.0	0.3000000
80	19256.8672	5595.369	330.10159	0.0	0.0	-90.0	0.3000000
80	19321.0000	5703.239	330.01999	0.0	0.0	-225.0	0.4000000
76	19226.9004	5664.070	313.86353	0.0	0.0	0.0	0.1000000
20	18960.0000	5534.000	302.00000	15.0	0.0	220.0	1.0000000
101	18842.1797	5576.060	354.00000	0.0	0.0	0.0	0.6000000
120	18785.6016	5496.030	339.40848	0.0	0.0	-180.0	0.6000000
80	18735.6094	5693.400	324.00000	0.0	0.0	-90.0	0.3000000
80	18672.1191	5581.939	324.00000	0.0	0.0	0.0	0.2500000
101	18880.6465	5450.755	355.04565	0.0	0.0	0.0	0.8000000
75	18974.1719	5650.536	345.81097	0.0	0.0	45.0	0.8000000
80	18830.5488	5000.920	326.08997	0.0	0.0	-45.0	0.3000000
80	18636.7207	5155.790	324.00000	0.0	0.0	0.0	0.3000000
77	18983.5703	5257.500	325.72522	0.0	0.0	-100.0	0.6000000
77	19020.2188	5321.820	324.00000	-10.0	0.0	-10.0	0.4500000
77	18939.5195	5117.350	324.00000	0.0	0.0	-145.0	0.5000000
71	18727.4902	5024.020	332.64722	0.0	0.0	0.0	1.0000000
9	18926.8281	5194.180	315.00000	0.0	0.0	65.0	2.0000000
9	19002.2422	5334.409	315.00000	0.0	0.0	65.0	2.0000000
9	18844.7012	5021.000	315.00000	0.0	0.0	65.0	2.0000000
70	18833.6484	5174.066	344.75064	0.0	0.0	0.0	0.8000000
80	18778.1699	5308.680	328.16940	0.0	0.0	-45.0	0.3000000
77	17922.5020	5752.000	340.00000	-20.0	0.0	-415.0	0.3000000
20	17858.5234	5547.638	367.99997	10.0	0.0	0.0	1.1000000
70	18017.0000	5459.000	356.00000	15.0	0.0	45.0	0.8000000
101	17933.0996	5579.400	353.76004	0.0	0.0	0.0	0.8000000
70	17843.7402	5672.470	378.97458	0.0	0.0	0.0	0.8000000
80	18012.7402	5630.384	343.89740	0.0	0.0	0.0	0.3000000
75	17873.7480	5407.463	366.03171	0.0	0.0	45.0	1.0000000
131	18118.5898	5629.050	324.00000	0.0	0.0	-195.0	2.0000000
120	17911.5684	5232.490	324.00000	0.0	0.0	135.0	0.6000000
76	18882.9297	4951.690	324.00000	0.0	0.0	45.0	0.2000000
124	18746.0000	4801.000	324.00000	0.0	0.0	-405.0	0.8000000
120	18681.9492	4946.600	324.00000	0.0	0.0	-180.0	0.6000000
9	18776.6777	4858.000	315.00000	0.0	0.0	70.0	2.0000000
9	18723.0000	4680.722	315.00000	0.0	0.0	75.0	2.0000000
124	18709.6387	4715.720	324.00000	0.0	0.0	-405.0	0.7000000
124	18816.3594	4753.020	324.00000	45.0	0.0	-405.0	0.6000000
80	18743.5898	4623.700	324.00000	0.0	0.0	-45.0	0.3000000
75	18855.0098	4795.010	324.00000	0.0	0.0	45.0	0.6000000
124	18790.4883	4835.780	343.28738	-90.0	0.0	-405.0	0.6000000
18	19095.3906	4182.036	313.00006	0.0	0.0	0.0	1.3000000
18	19328.6582	4181.895	313.00006	0.0	0.0	180.0	1.3000000
34	18827.7441	4542.886	324.00000	0.0	0.0	60.0	2.0000000
86	18764.5234	4346.000	315.60745	-10.0	0.0	-45.0	1.3000000
77	18659.3691	4334.600	314.28162	-15.0	0.0	-235.0	0.3500000
76	18680.8789	4441.520	317.76999	0.0	0.0	45.0	0.2000000
77	18722.1504	4269.591	279.00000	-15.0	0.0	-415.0	0.2500000
33	18729.5801	4181.000	322.00000	0.0	0.0	90.0	2.5000000
9	18668.6211	4321.000	315.00000	0.0	0.0	90.0	2.0000000
9	18692.3984	4517.000	315.00000	0.0	0.0	80.0	2.0000000
9	18657.8555	4135.760	303.70673	0.0	0.0	90.0	2.0000000
18	18861.8457	4182.000	313.00000	0.0	0.0	180.0	1.3000000
75	18618.7090	4727.950	339.13049	0.0	0.0	45.0	0.8000000
75	18447.5000	4704.730	341.14862	0.0	0.0	45.0	0.8000000
84	18533.3105	4576.340	335.34998	0.0	0.0	0.0	1.5000000
70	18396.7305	4600.410	341.66995	0.0	0.0	0.0	0.8000000
120	18321.6309	4655.768	348.48343	0.0	0.0	-315.0	0.6000000
77	17787.1094	4678.560	273.74844	0.0	15.0	0.0	0.4000000
80	17801.5801	4586.160	324.00000	0.0	0.0	585.0	0.4000000
120	17831.3301	4664.210	328.63931	0.0	0.0	45.0	0.6000000
80	18597.5098	4219.020	324.00000	0.0	0.0	360.0	0.4000000
115	18207.1875	4454.690	324.00000	0.0	0.0	45.0	1.2000000
111	18390.1094	4280.770	324.00000	0.0	0.0	-135.0	0.7000000
120	18465.0352	4169.083	324.00000	0.0	0.0	130.0	0.6000000
120	17535.2578	5822.994	336.42224	0.0	0.0	-90.0	0.6000000
71	17730.2305	5535.453	381.87338	0.0	0.0	0.0	1.0000000
80	17593.0000	5508.000	334.00000	0.0	0.0	0.0	0.3000000
75	17723.0312	5693.906	381.42334	0.0	0.0	45.0	1.0000000
131	17559.3594	5715.490	325.39410	0.0	0.0	-420.0	2.0000000
77	17764.0000	5356.526	360.50201	-20.0	0.0	180.0	0.3000000
120	17613.2422	5378.793	329.75970	0.0	0.0	135.0	0.6000000
80	16999.1992	5005.030	324.07211	0.0	0.0	520.0	0.2500000
80	16973.2383	5120.640	318.14813	0.0	0.0	585.0	0.4000000
120	16926.3906	5042.330	329.19034	0.0	0.0	-180.0	0.6000000
120	16663.7891	5715.530	339.58551	0.0	0.0	-180.0	0.6000000
70	16556.2500	5585.890	352.83432	0.0	0.0	0.0	0.8000000
75	16572.9883	5727.690	340.32693	0.0	0.0	45.0	0.7000000
75	16748.4297	5605.780	331.39554	0.0	0.0	90.0	0.7000000
80	16595.9082	5451.689	325.59613	0.0	0.0	630.0	0.3000000
80	16658.5801	5520.520	326.40384	0.0	0.0	810.0	0.2000000
20	16457.1504	5450.320	341.99710	10.0	0.0	-450.0	1.1000000
76	16307.0996	5426.390	324.00000	0.0	0.0	90.0	0.2000000
77	16273.6250	5556.294	324.00000	-15.0	0.0	-190.0	0.5000000
77	16217.0352	5604.185	324.00000	-15.0	0.0	-235.0	0.4000000
77	16266.5586	5625.250	324.00000	-10.0	0.0	0.0	0.3500000
9	16386.5605	5481.550	315.00000	0.0	0.0	305.0	2.0000000
9	16258.8975	5633.860	315.00000	0.0	0.0	315.0	2.0000000
9	16121.4688	5770.650	315.00000	0.0	0.0	315.0	2.0000000
80	16390.0000	5685.000	324.00000	0.0	0.0	495.0	0.3000000
80	16245.1201	5738.050	324.00000	0.0	0.0	585.0	0.3000000
130	16306.6592	5587.239	324.00000	0.0	0.0	90.0	0.8000000
128	16427.0801	5512.330	346.22000	0.0	-15.0	0.0	0.7000000
71	16769.5605	5055.110	321.94067	-10.0	0.0	0.0	1.0000000
105	16600.5605	5023.410	329.92999	0.0	0.0	90.0	2.5000000
105	16535.0000	5134.000	329.00000	0.0	0.0	180.0	2.2000000
105	16639.0098	5230.080	324.00000	0.0	0.0	90.0	1.9000000
9	16685.6289	5034.120	315.00000	0.0	0.0	300.0	2.0000000
9	16595.5176	5194.870	315.00000	0.0	0.0	305.0	2.0000000
9	16491.2988	5331.760	315.00000	0.0	0.0	305.0	2.0000000
105	16625.6797	5131.640	257.09998	0.0	0.0	90.0	1.9000000
75	16648.0996	5340.060	324.00000	0.0	0.0	90.0	0.6000000
84	16452.7109	5360.930	347.87994	0.0	0.0	0.0	1.5000000
80	17750.4902	4841.990	331.89288	0.0	0.0	765.0	0.4000000
120	17678.4590	4687.110	332.22998	0.0	0.0	90.0	0.6000000
77	17743.2422	4692.782	351.92789	-15.0	0.0	-280.0	0.4000000
75	17237.8594	4597.941	324.00000	0.0	0.0	0.0	1.0000000
75	17064.4082	4836.070	325.52997	0.0	0.0	0.0	1.0000000
120	17097.8086	4562.590	324.03287	0.0	0.0	-225.0	0.6000000
70	17026.9980	4679.000	340.00000	15.0	0.0	90.0	0.8000000
104	17053.7402	4352.480	329.00000	0.0	0.0	180.0	0.5000000
75	16926.0000	4456.000	324.00000	0.0	0.0	45.0	0.9000000
75	16939.7695	4198.750	324.00000	0.0	0.0	45.0	0.8000000
120	16982.2500	4236.240	324.00000	0.0	0.0	90.0	0.6000000
75	16893.5703	4959.000	338.45999	0.0	0.0	0.0	1.0000000
20	16857.8496	4860.230	324.00000	10.0	0.0	-585.0	1.1000000
75	16904.5508	4743.370	336.49509	0.0	0.0	45.0	1.0000000
75	16685.5391	4929.500	329.04352	0.0	0.0	45.0	1.0000000
77	16761.9492	4693.540	332.36313	-15.0	0.0	-235.0	0.4000000
77	16718.6406	4840.420	336.86462	-15.0	0.0	-280.0	0.4000000
77	16777.7188	4778.670	335.65787	-15.0	0.0	-415.0	0.3500000
9	16824.8398	4686.449	315.00000	0.0	0.0	-70.0	2.0000000
84	16818.2891	4605.460	326.27258	0.0	0.0	0.0	1.5000000
9	16759.1094	4872.170	315.00000	0.0	0.0	-70.0	2.0000000
125	16141.0000	4877.000	6.00000	0.0	0.0	405.0	0.7000000
77	16870.2305	4387.650	324.00000	-15.0	0.0	-280.0	0.4000000
80	16891.0801	4318.730	324.00000	0.0	0.0	495.0	0.4000000
75	16822.2480	4260.610	324.00000	0.0	0.0	0.0	1.0000000
9	16911.3281	4287.339	307.83044	0.0	0.0	-85.0	2.0000000
9	16885.6777	4495.149	311.96710	0.0	0.0	-73.0	2.0000000
7	16810.0000	4210.000	329.00000	0.0	0.0	0.0	8.3299999
37	16687.9980	4195.000	269.00000	0.0	0.0	-180.0	8.0000000
7	16562.9980	4210.000	282.00000	0.0	0.0	0.0	8.3299999
37	16442.0000	4195.000	207.00000	0.0	0.0	-180.0	8.0000000
7	16071.0010	4210.000	163.00000	0.0	0.0	0.0	8.3299999
7	16317.2148	4210.000	220.34250	0.0	0.0	0.0	8.3299999
37	16194.7158	4195.000	144.00000	0.0	0.0	-180.0	8.0000000
89	19426.0000	3948.937	326.00000	0.0	0.0	-270.0	1.8800000
32	19446.0000	3947.000	326.00000	0.0	0.0	360.0	10.0000000
18	19103.4395	3712.035	313.00003	0.0	0.0	360.0	1.3000000
18	19336.5098	3712.035	312.99994	0.0	0.0	360.0	1.3000000
32	18992.0000	3947.000	326.00000	0.0	0.0	360.0	10.0000000
9	18659.0000	3798.000	300.72098	0.0	0.0	90.0	2.0000000
89	19000.5078	3947.648	326.00000	0.0	0.0	-270.0	1.8800000
26	18730.4961	3944.450	324.00000	0.0	0.0	180.0	4.2500000
35	18638.6484	3944.000	325.00000	0.0	0.0	-810.0	3.5999999
33	18737.3203	3711.035	322.00000	0.0	0.0	90.0	2.5000000
9	18656.6543	3949.090	303.70673	0.0	0.0	90.0	2.0000000
18	18870.1914	3712.302	313.00000	0.0	0.0	360.0	1.3000000
75	18657.5586	3550.230	324.00000	0.0	0.0	45.0	0.8000000
75	18728.4199	3281.000	324.00000	0.0	0.0	90.0	0.8000000
77	18746.3203	3565.330	324.00000	-15.0	0.0	-100.0	0.2500000
9	18643.3555	3424.000	315.00000	0.0	0.0	70.0	2.0000000
9	18666.8008	3594.000	315.00000	0.0	0.0	90.0	2.0000000
80	18718.7402	3416.490	328.71118	0.0	0.0	495.0	0.4000000
31	18540.0000	3858.000	325.00000	180.0	0.0	-270.0	2.5000000
31	18538.4199	4037.410	319.99997	0.0	0.0	270.0	2.5000000
47	17948.5488	4025.760	324.00000	0.0	0.0	90.0	1.0000000
120	18303.5684	3323.040	324.00000	0.0	0.0	130.0	0.6000000
111	18526.0195	3415.969	324.00000	0.0	0.0	0.0	0.7000000
75	18511.9590	3280.943	324.00000	0.0	0.0	45.0	0.8000000
111	18179.6797	3516.680	324.00000	0.0	0.0	-45.0	0.7000000
120	18074.6191	3545.610	324.00000	0.0	0.0	-135.0	0.6000000
86	18771.0000	3141.150	324.00000	0.0	0.0	0.0	1.3000000
77	18828.0000	2971.000	324.00000	-15.0	0.0	-55.0	0.3500000
77	18798.0898	2848.410	236.55000	-15.0	0.0	125.0	0.3500000
120	18640.0000	2972.000	324.00000	0.0	0.0	-0.0	0.6000000
9	18770.1973	2926.500	315.00000	0.0	0.0	105.0	2.0000000
9	18717.0508	3058.647	315.00000	0.0	0.0	120.0	2.0000000
9	18639.4082	3211.470	315.00000	0.0	0.0	110.0	2.0000000
124	18741.5273	2943.250	324.00000	0.0	0.0	-405.0	0.7000000
124	18728.7500	3025.630	303.48108	-45.0	0.0	-405.0	0.7000000
112	18715.8477	2511.430	324.00000	0.0	0.0	47.0	1.7000000
75	18684.6992	2747.690	324.00000	0.0	0.0	45.0	0.8000000
77	18834.0195	2796.260	324.00000	-15.0	0.0	-55.0	0.5000000
77	18861.2598	2641.430	324.00000	-15.0	0.0	-100.0	0.4000000
77	18770.8496	2761.010	244.31474	-15.0	0.0	215.0	0.3500000
75	18886.4492	2530.550	327.24188	0.0	0.0	0.0	0.8000000
9	18788.8008	2554.740	315.00000	0.0	0.0	80.0	2.0000000
9	18802.0801	2745.682	315.00000	0.0	0.0	90.0	2.0000000
76	18862.9785	2488.630	332.14999	0.0	0.0	90.0	0.1000000
80	18606.6895	3204.880	320.95996	0.0	0.0	360.0	0.4000000
104	18569.5391	2969.279	324.00000	0.0	0.0	0.0	0.3000000
70	18585.4199	2627.500	324.00000	0.0	0.0	0.0	0.7000000
120	18000.0000	2800.000	313.50000	0.0	0.0	-225.0	0.6000000
46	18013.1094	2527.450	311.08990	0.0	0.0	135.0	0.8000000
80	18022.2793	2669.000	314.00000	0.0	0.0	90.0	0.3000000
47	17759.7266	3802.560	324.00000	0.0	0.0	135.0	1.0000000
35	16917.0000	3950.000	325.00000	0.0	0.0	-630.0	3.5999999
9	16920.1406	3752.132	294.97238	0.0	0.0	-90.0	2.0000000
9	16922.5332	3920.521	294.97238	0.0	0.0	-90.0	2.0000000
9	16927.5332	4086.317	294.97238	0.0	0.0	-90.0	2.0000000
74	17439.0527	3471.830	499.03360	0.0	0.0	-335.0	0.1500000
77	17455.5605	3440.250	324.00000	0.0	0.0	-280.0	0.3000000
128	17350.0000	3485.000	333.00000	0.0	-10.0	-45.0	0.9000000
128	17476.9980	3355.000	328.00000	10.0	0.0	0.0	0.7000000
128	17524.0000	3525.000	337.10437	0.0	10.0	-0.0	0.8000000
120	17487.5000	3483.240	326.06946	0.0	0.0	225.0	0.6000000
120	17467.2500	3519.724	325.86328	0.0	0.0	180.0	0.6000000
120	17408.8203	3416.930	326.76224	0.0	0.0	180.0	0.6000000
80	16968.7891	3407.380	324.00000	0.0	0.0	495.0	0.3000000
75	16961.0000	3509.000	324.00000	0.0	0.0	45.0	0.9000000
75	16936.4492	3625.080	324.00000	0.0	0.0	0.0	0.8000000
57	16643.9180	3726.500	217.32236	0.0	0.0	45.0	5.0000000
27	16718.0000	3950.000	287.00000	0.0	0.0	270.0	3.5000000
27	16561.0000	3950.000	248.00000	0.0	0.0	270.0	3.5000000
26	16826.7402	3949.942	324.00000	0.0	0.0	-0.0	4.2500000
37	16687.0000	3694.000	269.00000	0.0	0.0	-180.0	8.0000000
57	16453.4941	3725.210	152.46999	0.0	0.0	45.0	3.0000000
57	16241.1221	3703.700	183.86938	0.0	0.0	45.0	2.0000000
37	16441.0000	3694.000	205.00000	0.0	0.0	-180.0	8.0000000
27	16247.3008	3950.000	169.71040	0.0	0.0	270.0	3.5000000
27	16090.0166	3950.000	129.70055	0.0	0.0	270.0	3.5000000
27	16404.3770	3950.000	209.09164	0.0	0.0	270.0	3.5000000
37	16197.0000	3694.000	144.00000	0.0	0.0	-180.0	8.0000000
71	16836.0898	3565.110	323.63000	0.0	0.0	0.0	1.0000000
75	16752.9199	3402.450	332.19336	0.0	0.0	90.0	0.8000000
48	16880.2207	3389.130	262.37091	0.0	0.0	45.0	1.2000000
7	16810.0000	3690.000	329.00000	0.0	0.0	-540.0	8.3299999
7	16562.9980	3690.000	282.00000	0.0	0.0	-540.0	8.3299999
9	16911.3379	3578.240	315.00000	0.0	0.0	-90.0	2.0000000
9	16860.4102	3392.930	315.00000	0.0	0.0	-110.0	2.0000000
7	16072.0000	3690.000	163.00000	0.0	0.0	-540.0	8.3299999
7	16317.7793	3690.000	225.00000	0.0	0.0	-540.0	8.3299999
120	17735.8906	2946.248	309.58115	0.0	0.0	-180.0	0.6000000
80	17578.9648	2955.615	310.98398	0.0	0.0	90.0	0.4000000
75	17074.0605	3136.950	324.00000	0.0	0.0	45.0	0.9000000
120	16966.8281	3114.970	331.96106	0.0	0.0	135.0	0.6000000
90	17655.8906	2604.740	312.68463	0.0	0.0	90.0	2.0000000
46	17500.0000	2650.000	302.99997	0.0	0.0	135.0	0.8000000
120	17300.0000	2450.000	304.49997	0.0	0.0	-270.0	0.6000000
80	17305.9668	2603.910	308.93826	0.0	0.0	495.0	0.4000000
77	16758.3809	3238.710	324.00000	-15.0	0.0	-280.0	0.4000000
20	16757.5645	3053.017	324.00000	10.0	0.0	-450.0	1.1000000
80	16826.6699	2989.600	324.00000	0.0	0.0	495.0	0.4000000
70	16884.0996	3180.950	335.48001	0.0	0.0	0.0	0.8000000
77	16708.2480	3124.960	203.64999	-15.0	0.0	-235.0	0.5000000
75	16697.1699	3218.140	324.00000	0.0	0.0	0.0	1.0000000
84	16545.5664	2981.790	324.00000	0.0	0.0	0.0	1.5000000
75	16780.8594	3154.570	333.46417	0.0	0.0	0.0	1.0000000
120	16719.9805	2893.270	324.00000	0.0	0.0	-225.0	0.6000000
9	16785.7500	3241.010	315.00000	0.0	0.0	-115.0	2.0000000
9	16699.9297	3080.660	315.00000	0.0	0.0	-120.0	2.0000000
9	16602.0996	2913.670	315.00000	0.0	0.0	-120.0	2.0000000
71	16532.5781	2706.780	324.00000	0.0	0.0	0.0	1.0000000
9	16499.3789	2759.100	315.00000	0.0	0.0	-125.0	2.0000000
80	16645.8887	2735.930	324.00000	0.0	0.0	540.0	0.3000000
77	16449.2891	2736.460	324.00000	-15.0	0.0	-280.0	0.4000000
80	16454.0977	2575.880	324.00000	0.0	0.0	495.0	0.3000000
84	16251.7197	2637.970	324.00000	0.0	0.0	0.0	1.5000000
9	16356.0000	2600.000	315.00000	0.0	0.0	-135.0	2.0000000
9	16203.6299	2460.320	315.00000	0.0	0.0	-140.0	2.0000000
84	16022.1299	5791.540	324.00000	0.0	0.0	0.0	1.5000000
115	15240.8994	5061.590	24.00000	0.0	0.0	45.0	2.0000000
6	15305.1377	5065.880	18.00000	0.0	0.0	125.0	2.0000000
130	14955.2686	5719.150	33.00000	0.0	-60.0	0.0	1.2000000
80	15005.2295	5772.760	24.00000	0.0	0.0	0.0	0.3000000
115	14925.3887	5538.500	24.00000	0.0	0.0	45.0	2.0000000
120	14814.1191	5557.130	24.00000	0.0	0.0	315.0	0.6000000
8	14998.0195	5700.780	24.00000	0.0	0.0	100.0	2.0000000
8	15043.3193	5527.569	24.00000	0.0	0.0	110.0	2.0000000
76	15063.1504	5549.620	7.00000	0.0	0.0	-75.0	0.1000000
131	14968.0391	5391.230	28.09558	0.0	0.0	-420.0	2.0000000
120	15123.8193	5169.370	24.00000	0.0	0.0	405.0	0.6000000
6	14914.0000	5286.000	0.00000	0.0	0.0	-160.0	2.0000000
6	15198.4893	5193.569	18.00000	0.0	0.0	130.0	2.0000000
6	15085.9189	5337.300	18.00000	0.0	0.0	130.0	2.0000000
80	15091.0098	5334.220	24.00000	0.0	0.0	90.0	0.5000000
6	14726.3486	5220.640	0.00000	0.0	0.0	-160.0	2.0000000
6	14526.5703	5143.020	0.00000	0.0	0.0	-160.0	2.0000000
86	15401.2588	4935.590	24.00000	0.0	0.0	45.0	1.3000000
120	15239.6592	4827.650	24.00000	0.0	0.0	315.0	0.6000000
6	15575.1768	4680.566	18.00000	0.0	0.0	90.0	2.0000000
6	15536.1895	4789.989	18.00000	0.0	0.0	125.0	2.0000000
6	15432.6279	4912.990	18.00000	0.0	0.0	135.0	2.0000000
123	15466.2295	4817.760	24.00000	0.0	0.0	0.0	0.4000000
123	15535.5684	4655.000	24.00000	0.0	0.0	-45.0	0.6000000
7	15825.9980	4210.000	98.99999	0.0	0.0	0.0	8.3299999
37	15949.6123	4195.000	81.00000	0.0	0.0	-180.0	8.0000000
37	15703.5889	4195.000	18.00000	0.0	0.0	-180.0	8.0000000
123	15468.9697	4541.370	24.00000	0.0	0.0	0.0	0.5000000
120	15472.7490	4464.400	24.00000	0.0	0.0	315.0	0.6000000
6	15361.0791	4273.780	0.00000	0.0	0.0	0.0	2.0000000
7	15578.9990	4210.000	34.00000	0.0	0.0	0.0	8.3299999
6	15553.2197	4521.380	18.00000	0.0	0.0	70.0	2.0000000
6	15499.8203	4328.000	13.48518	0.0	0.0	80.0	2.0000000
115	15380.2998	4416.260	24.00000	0.0	0.0	45.0	1.2000000
104	15493.3076	4305.980	24.00000	0.0	0.0	0.0	0.4000000
80	15168.3594	4932.340	24.00000	0.0	0.0	225.0	0.4000000
80	14589.6592	4633.730	24.00000	0.0	0.0	45.0	0.4000000
104	14773.3398	4791.860	28.81000	0.0	0.0	0.0	0.4000000
120	14559.0000	4546.169	24.00000	0.0	0.0	-95.0	0.4000000
0	14371.9297	4545.621	0.00000	0.0	0.0	0.0	1.0000000
128	14432.3779	4730.085	24.00000	0.0	0.0	-0.0	0.8000000
6	14982.0010	4283.000	0.00000	0.0	0.0	0.0	2.0000000
6	15173.7197	4277.180	0.00000	0.0	0.0	0.0	2.0000000
120	14830.0000	4308.000	24.00000	0.0	0.0	-10.0	0.4000000
74	14398.4297	4399.859	314.00000	0.0	5.0	20.0	0.2200000
128	14752.8945	4483.138	24.00000	0.0	0.0	-315.0	0.7000000
0	14442.7568	4376.079	0.00000	0.0	0.0	0.0	1.0000000
0	14563.6367	4397.912	0.50106	0.0	0.0	0.0	1.0000000
0	14711.9824	4256.166	2.87584	0.0	0.0	0.0	1.0000000
120	14631.0000	4373.000	23.00000	0.0	0.0	-25.0	0.5000000
80	14506.9990	4204.100	19.46635	0.0	0.0	315.0	0.4000000
120	14095.7705	5475.130	26.00000	0.0	0.0	55.0	0.6000000
115	14123.9990	5468.786	24.00000	0.0	0.0	45.0	1.5000000
115	14054.4805	5606.620	33.00000	0.0	0.0	0.0	1.0000000
131	14168.5195	5590.600	24.73551	0.0	0.0	-240.0	2.0000000
131	14034.0391	5381.109	23.60000	0.0	0.0	-420.0	2.0000000
115	14109.0000	5332.000	24.00000	0.0	0.0	0.0	0.8000000
131	14093.0996	5169.030	24.63000	0.0	0.0	-330.0	1.7000000
130	13355.4395	5462.660	21.58341	0.0	0.0	0.0	1.2000000
77	13270.0000	5445.000	24.00000	0.0	0.0	270.0	0.5000000
76	13246.0010	5764.000	4.00000	0.0	0.0	80.0	0.2000000
77	13248.9307	5645.229	24.00000	0.0	0.0	90.0	0.3000000
77	13263.8779	5495.903	24.00000	0.0	0.0	90.0	0.4000000
6	13315.9395	5690.090	18.00000	0.0	0.0	-90.0	2.0000000
6	13323.4482	5528.140	18.00000	0.0	0.0	-85.0	2.0000000
101	13388.9297	5723.250	24.00000	0.0	0.0	0.0	0.8000000
76	13318.8008	5601.320	24.00000	0.0	0.0	-10.0	0.1500000
80	13380.5283	5509.609	24.00000	0.0	0.0	180.0	0.3000000
6	13446.0010	5039.000	18.00000	0.0	0.0	-75.0	2.0000000
105	13379.0420	4989.483	39.08330	0.0	0.0	135.0	2.5000000
105	13449.0010	5070.502	24.00000	10.0	0.0	90.0	1.5000000
77	13350.9990	5290.625	24.00000	0.0	0.0	135.0	0.3500000
120	13467.3604	5362.060	24.00000	0.0	0.0	180.0	0.6000000
6	13366.1787	5382.300	18.00000	0.0	0.0	-65.0	2.0000000
6	13413.4795	5206.560	18.00000	0.0	0.0	-85.0	2.0000000
76	13331.3096	5182.060	24.00000	0.0	0.0	80.0	0.1500000
80	13447.3799	5221.490	24.00000	0.0	0.0	180.0	0.3000000
105	13349.1396	5100.640	38.82758	0.0	0.0	90.0	2.0999999
120	14268.2695	4690.760	26.10166	0.0	0.0	-50.0	0.6000000
80	13516.8994	4648.470	24.00000	0.0	0.0	180.0	0.5000000
120	13613.9805	4758.070	24.00000	0.0	0.0	540.0	0.6000000
128	14028.0986	4155.760	24.00000	0.0	0.0	-0.0	0.8000000
80	14008.3193	4350.730	24.00000	0.0	0.0	90.0	0.4000000
120	14346.7197	4151.430	22.86951	0.0	0.0	-50.0	0.6000000
0	14231.3203	4170.773	0.00000	0.0	0.0	0.0	1.0000000
0	14303.1582	4273.304	0.00000	0.0	0.0	0.0	1.0000000
0	14324.4688	4425.384	0.00000	0.0	0.0	0.0	1.0000000
120	14139.9990	4332.000	24.00000	0.0	0.0	-50.0	0.5000000
80	14035.7070	4443.979	24.00000	0.0	0.0	225.0	0.3000000
128	14168.7480	4524.221	24.00000	0.0	0.0	-135.0	0.7000000
74	14142.9990	4163.000	167.00000	0.0	5.0	65.0	0.1600000
80	13525.0000	4182.000	24.00000	0.0	0.0	90.0	0.2000000
104	13567.0000	4260.000	24.85057	0.0	0.0	0.0	0.2000000
77	13424.0234	4635.000	24.00000	0.0	0.0	135.0	0.5000000
77	13392.8896	4780.940	24.00000	0.0	0.0	270.0	0.3000000
80	13495.0195	4806.780	31.55457	0.0	0.0	180.0	0.3000000
105	13469.0000	4929.000	24.00000	0.0	0.0	135.0	1.0000000
6	13466.5391	4845.580	18.00000	0.0	0.0	-90.0	2.0000000
6	13462.0000	4654.259	18.00000	0.0	0.0	-90.0	2.0000000
105	13385.9482	4887.244	36.52786	10.0	0.0	90.0	1.9000000
60	12964.9990	4879.000	0.00000	0.0	0.0	0.0	1.0000000
77	13385.0010	4495.000	24.00000	0.0	0.0	90.0	0.3500000
76	13332.0996	4377.700	4.00000	0.0	0.0	60.0	0.2000000
120	13295.9902	4136.270	24.00000	0.0	0.0	540.0	0.6000000
80	13478.3691	4495.680	24.00000	0.0	0.0	135.0	0.3000000
104	13451.5703	4381.990	25.79875	0.0	0.0	0.0	0.4000000
6	13433.7598	4451.420	18.00000	0.0	0.0	-103.0	2.0000000
6	13354.0391	4264.170	18.00000	0.0	0.0	-120.0	2.0000000
80	13383.7295	4305.870	24.00000	0.0	0.0	90.0	0.3000000
123	13235.5898	4193.670	24.00000	0.0	0.0	0.0	0.5000000
104	13424.1592	4213.960	24.81323	0.0	0.0	0.0	0.3000000
60	12754.6338	4341.992	103.47137	0.0	0.0	0.0	1.0000000
37	15703.0000	3694.000	18.00000	0.0	0.0	-180.0	8.0000000
37	15950.0000	3694.000	81.00000	0.0	0.0	-180.0	8.0000000
57	15732.0010	3723.000	17.00000	0.0	0.0	45.0	4.5000000
57	15985.0010	3728.000	37.00000	0.0	0.0	45.0	2.7000000
27	15932.7549	3950.000	90.91714	0.0	0.0	270.0	3.5000000
27	15775.7461	3950.000	50.36884	0.0	0.0	270.0	3.5000000
8	15541.9697	4113.880	1.00000	0.0	0.0	90.0	2.0000000
8	15542.6299	3959.615	1.00000	0.0	0.0	90.0	2.0000000
8	15539.0107	3777.797	1.00000	0.0	0.0	90.0	2.0000000
27	15618.5518	3950.000	11.88179	0.0	0.0	270.0	3.5000000
26	15549.3838	3950.000	24.00000	0.0	0.0	-180.0	4.2500000
35	15462.3203	3950.170	24.01796	0.0	0.0	-810.0	3.5999999
7	15825.9980	3690.000	98.99999	0.0	0.0	-540.0	8.3299999
115	15372.7891	3477.460	24.00000	0.0	0.0	45.0	2.0000000
123	15270.9688	3266.100	24.00000	0.0	0.0	0.0	0.6500000
123	15389.1602	3305.300	24.00000	0.0	0.0	-45.0	0.4000000
6	15351.2998	3608.590	0.00000	0.0	0.0	-180.0	2.0000000
7	15578.9990	3690.000	34.00000	0.0	0.0	-540.0	8.3299999
6	15485.3184	3593.000	18.00000	0.0	0.0	90.0	2.0000000
6	15467.0000	3416.000	18.00000	0.0	0.0	74.0	2.0000000
6	15396.5000	3279.760	18.00000	0.0	0.0	45.0	2.0000000
120	15380.5391	3434.650	24.00000	0.0	0.0	315.0	0.6000000
122	15462.0791	3542.150	24.00000	0.0	0.0	-135.0	2.0000000
128	14591.2998	4063.160	24.00000	0.0	0.0	-135.0	0.7000000
115	14581.3965	3780.870	24.00000	0.0	0.0	45.0	2.0000000
120	14755.5889	4114.510	24.00000	0.0	0.0	-65.0	0.5000000
122	15172.1299	3408.790	24.00000	0.0	0.0	45.0	3.0000000
120	15157.1992	3330.590	24.00000	0.0	0.0	270.0	0.6000000
6	15150.9795	3604.600	0.00000	0.0	0.0	-180.0	2.0000000
6	14932.2100	3604.670	0.00000	0.0	0.0	-180.0	2.0000000
115	15214.9990	3158.000	24.00000	0.0	0.0	45.0	1.7000000
6	15259.7383	3157.780	18.00000	0.0	0.0	35.0	2.0000000
80	15375.8301	3206.130	28.60000	0.0	0.0	90.0	0.5000000
86	14952.0000	2961.000	24.00000	0.0	0.0	45.0	1.3000000
115	15050.1406	3028.460	24.00000	0.0	0.0	45.0	2.0000000
80	14818.1797	2986.070	29.09179	0.0	0.0	315.0	0.4000000
80	14866.3105	2884.240	24.00000	0.0	0.0	180.0	0.3000000
6	14921.9150	2935.828	0.00000	0.0	2.0	-50.0	2.0000000
6	14786.2949	3098.648	0.00000	0.0	2.0	-50.0	2.0000000
6	14960.9893	2938.260	18.00000	0.0	0.0	40.0	2.0000000
6	15110.9893	3061.740	18.00000	0.0	0.0	35.0	2.0000000
123	15160.6992	3148.140	24.00000	0.0	0.0	90.0	0.5000000
122	15044.0000	3142.000	24.00000	0.0	0.0	45.0	2.5999999
120	14679.5596	2873.040	24.00000	0.0	0.0	315.0	0.6000000
6	14654.0254	3247.859	0.00000	0.0	2.0	-50.0	2.0000000
115	14457.3086	3050.150	33.24900	0.0	0.0	45.0	1.0000000
8	14848.0000	2769.000	31.00000	0.0	0.0	45.0	2.0000000
104	14843.2598	2739.140	40.22536	0.0	0.0	0.0	0.3000000
80	14396.8799	2452.900	24.00000	0.0	0.0	270.0	0.4000000
115	14612.7705	2636.940	24.00000	0.0	0.0	45.0	2.0000000
8	14592.9990	2511.000	31.00000	0.0	0.0	45.0	2.0000000
6	14398.0000	2483.000	0.00000	0.0	0.0	135.0	2.0000000
8	14724.0010	2643.000	31.00000	0.0	0.0	45.0	2.0000000
6	14424.1895	2419.220	18.00000	0.0	0.0	50.0	2.0000000
80	14569.9600	2471.770	35.12256	0.0	0.0	315.0	0.3000000
104	14456.0000	2651.000	28.00000	0.0	0.0	0.0	0.3500000
131	14455.9102	2549.700	25.23778	0.0	0.0	-465.0	2.0000000
131	14516.6504	2588.580	24.00000	0.0	0.0	-600.0	1.8000000
128	13993.5703	3773.730	24.00000	0.0	0.0	-90.0	0.8000000
0	14123.1279	4043.239	0.00000	0.0	0.0	0.0	1.0000000
0	14088.7432	3891.801	2.70132	0.0	0.0	0.0	1.0000000
120	13998.3906	4004.470	24.00000	0.0	0.0	-185.0	0.4000000
120	14148.0000	3826.000	24.00000	0.0	0.0	-65.0	0.5000000
128	14269.0996	3958.170	24.00000	0.0	0.0	-45.0	0.8000000
80	13609.4893	3862.850	24.00000	0.0	0.0	180.0	0.2000000
131	13555.9795	3910.080	32.44572	0.0	0.0	-600.0	2.0000000
131	13597.2598	3755.330	33.24000	0.0	0.0	-330.0	2.0000000
80	13502.9102	3789.720	24.00000	0.0	0.0	45.0	0.2000000
123	13114.8896	4115.740	24.00000	0.0	0.0	0.0	0.6500000
115	13187.4600	3813.350	24.00000	0.0	0.0	45.0	1.7000000
120	13159.1289	3873.850	24.00000	0.0	0.0	495.0	0.6000000
6	13217.0703	4104.570	18.00000	0.0	0.0	-140.0	2.0000000
122	13228.6895	4062.090	24.00000	0.0	0.0	45.0	3.0000000
115	13204.0898	3993.250	24.00000	0.0	0.0	45.0	1.0000000
77	12794.8994	3782.410	24.00000	0.0	0.0	45.0	0.5000000
77	12903.3994	3915.730	24.00000	0.0	0.0	45.0	0.3500000
115	12941.7588	3780.890	24.00000	0.0	0.0	45.0	1.3000000
6	12940.6797	3860.220	18.00000	0.0	0.0	-135.0	2.0000000
6	12825.0000	3724.000	18.00000	0.0	0.0	-125.0	2.0000000
6	13066.6504	3983.210	18.00000	0.0	0.0	-140.0	2.0000000
123	13005.2295	4018.210	24.00000	0.0	0.0	90.0	0.5000000
123	12977.5605	3891.570	24.00000	0.0	0.0	90.0	0.3000000
77	12692.5693	3660.340	24.00000	0.0	0.0	225.0	0.3500000
80	12703.7402	3437.710	24.00000	0.0	0.0	135.0	0.3000000
80	12712.5088	3610.440	24.00000	0.0	0.0	45.0	0.4000000
6	12682.5283	3442.880	18.00000	0.0	0.0	-115.0	2.0000000
6	12746.0000	3596.000	18.00000	0.0	0.0	-115.0	2.0000000
120	12840.7988	3501.150	24.00000	0.0	0.0	495.0	0.6000000
120	12790.8799	3621.800	16.52000	0.0	0.0	450.0	0.6000000
80	12947.0000	3560.000	34.00000	0.0	0.0	180.0	0.3000000
115	14312.5596	3043.270	24.00000	0.0	0.0	45.0	2.0000000
115	14320.7705	3188.540	24.00000	0.0	0.0	45.0	1.5000000
0	13692.1602	2842.080	0.00000	0.0	0.0	0.0	1.0000000
120	13536.5723	2863.331	24.00000	0.0	0.0	-50.0	0.6000000
6	14260.5850	2589.432	0.00000	0.0	2.0	145.0	2.0000000
6	14098.0850	2718.312	0.00000	0.0	2.0	140.0	2.0000000
6	13959.7275	2835.294	0.00000	0.0	2.0	140.0	2.0000000
0	13598.7764	2661.708	0.00000	0.0	0.0	0.0	1.0000000
120	13761.2549	2580.144	19.46672	0.0	0.0	-50.0	0.6000000
128	13827.2295	2738.230	21.05410	0.0	0.0	0.0	0.8000000
115	13333.1387	2869.960	24.00000	0.0	0.0	45.0	2.0000000
0	13340.0342	2431.092	0.00000	0.0	0.0	0.0	1.0000000
0	13471.9590	2478.570	0.00000	0.0	0.0	0.0	1.0000000
115	13133.1270	2813.913	24.00000	0.0	0.0	45.0	1.0000000
120	13212.9990	2549.000	12.00000	0.0	0.0	-65.0	0.6000000
128	13262.7305	2680.590	24.00000	0.0	0.0	-0.0	0.8000000
128	13005.7500	2529.590	20.48670	0.0	0.0	135.0	0.8000000
80	13049.5000	2645.630	24.00000	0.0	0.0	-135.0	0.4300000
120	12850.4971	2438.884	9.33212	0.0	0.0	70.0	0.6000000
80	12933.0000	2578.000	24.00000	0.0	0.0	-45.0	0.3300000
131	12693.5732	2462.033	19.39390	0.0	0.0	-555.0	1.8000000
20	18767.0000	2262.000	324.00000	10.0	0.0	-405.0	1.0000000
71	18868.0000	2392.000	331.00000	0.0	0.0	-45.0	0.8000000
84	18873.9492	2091.850	324.00000	0.0	0.0	-270.0	1.3000000
76	18762.0000	2340.000	324.00000	0.0	15.0	0.0	0.2000000
75	18874.2285	2283.600	330.18680	0.0	0.0	45.0	0.8000000
71	18710.1504	2034.270	324.00000	0.0	0.0	0.0	1.0000000
9	18809.0000	2147.000	315.00000	0.0	0.0	-255.0	2.0000000
9	18776.9980	2358.761	315.00000	0.0	0.0	95.0	2.0000000
120	18696.5898	2200.340	324.00000	0.0	0.0	-0.0	0.6000000
0	18947.2207	1647.860	547.00000	0.0	0.0	0.0	1.0000000
77	19257.3984	1585.150	324.00000	-15.0	0.0	-45.0	0.4000000
77	19201.0508	1596.440	226.72293	-15.0	0.0	100.0	0.3500000
77	19164.2500	1681.490	324.00000	-15.0	0.0	10.0	0.3500000
75	19064.3301	1635.040	324.00000	0.0	0.0	45.0	0.8000000
9	19162.9980	1620.000	315.00000	0.0	0.0	-225.0	2.0000000
115	18644.1582	1752.070	323.00000	0.0	0.0	0.0	1.0000000
120	18913.7109	1593.140	319.15997	0.0	0.0	-90.0	0.6000000
84	19029.7891	1812.660	277.29999	0.0	0.0	-270.0	1.3000000
84	18929.5898	1900.100	324.00000	0.0	0.0	-225.0	1.3000000
84	18860.6270	1811.190	324.00000	0.0	0.0	-135.0	1.3000000
132	18950.3672	1649.519	320.10001	0.0	0.0	0.0	1.1000000
9	18903.0000	1945.000	315.00000	0.0	0.0	-235.0	2.0000000
9	19026.0000	1778.000	315.00000	0.0	0.0	-235.0	2.0000000
75	18865.4688	1666.390	317.95996	0.0	0.0	45.0	0.8000000
80	18948.1992	1790.010	324.00000	0.0	0.0	495.0	0.3000000
75	18617.7070	2284.650	324.00000	0.0	0.0	45.0	0.8000000
90	17775.0000	2333.000	315.00000	0.0	0.0	45.0	2.0000000
46	18032.5000	2213.560	310.00000	0.0	0.0	0.0	0.6000000
80	18105.5703	2122.120	314.63998	0.0	0.0	495.0	0.4000000
115	18350.1699	1649.570	324.47995	0.0	0.0	0.0	1.4000000
120	18486.3320	1801.547	324.00003	0.0	0.0	-90.0	0.6000000
115	18406.5391	1868.300	324.00000	0.0	0.0	0.0	1.0000000
80	18059.5488	1977.330	319.59308	0.0	0.0	135.0	0.3000000
120	17955.5273	1957.069	314.93057	0.0	0.0	-225.0	0.6000000
0	19248.0000	1346.000	547.00000	0.0	0.0	0.0	1.0000000
71	19376.5000	1426.940	320.50000	0.0	0.0	0.0	0.9000000
9	19298.0078	1466.781	315.00000	0.0	0.0	-235.0	2.0000000
76	19466.2695	1158.090	324.00000	0.0	0.0	100.0	0.1500000
48	19425.6387	1282.250	253.13618	15.0	0.0	90.0	1.8000000
132	19248.4473	1345.930	317.06000	0.0	0.0	-45.0	1.1000000
9	19368.0000	1319.000	315.00000	0.0	0.0	-260.0	2.0000000
9	19381.0000	1147.000	315.00000	0.0	0.0	-275.0	2.0000000
120	19186.7891	1263.790	324.00000	0.0	0.0	-0.0	0.6000000
101	19343.2305	1252.620	324.12643	0.0	0.0	0.0	0.8000000
104	19169.5098	1490.270	328.19998	0.0	0.0	0.0	0.4000000
128	18665.1406	1135.010	304.50601	0.0	0.0	-90.0	0.8000000
128	18687.3906	1240.570	300.00000	0.0	0.0	45.0	0.9000000
128	18792.7695	1186.810	306.00000	0.0	0.0	-135.0	0.9000000
128	18878.4004	1211.340	311.25995	0.0	0.0	-405.0	0.9000000
128	19024.9199	1208.350	312.00000	0.0	0.0	-360.0	0.7000000
128	18917.5000	1245.430	307.59430	0.0	0.0	0.0	0.8000000
128	18905.7422	1377.879	312.76291	0.0	0.0	45.0	0.8000000
128	18733.4199	1412.660	305.49997	0.0	0.0	-135.0	0.8000000
128	18806.0000	1283.000	304.00000	0.0	0.0	-0.0	1.2000000
128	18740.2168	1304.510	308.04001	0.0	0.0	-225.0	0.9000000
0	19249.0000	851.000	547.00000	0.0	0.0	0.0	1.0000000
0	18846.0000	754.000	547.00000	0.0	0.0	0.0	1.0000000
105	19348.1484	779.590	325.31000	0.0	0.0	-270.0	2.2000000
76	19458.6504	1078.840	314.22647	0.0	0.0	145.0	0.1000000
75	19423.0195	876.310	324.00000	0.0	0.0	45.0	0.9000000
75	19160.2090	719.420	324.00000	0.0	0.0	45.0	0.9000000
75	19283.0000	940.000	324.00000	0.0	0.0	45.0	0.8000000
102	19353.0000	1092.000	323.00000	0.0	0.0	90.0	1.0000000
132	19245.3301	852.340	324.00000	0.0	0.0	-45.0	1.1000000
9	19343.0000	959.000	315.00000	0.0	0.0	-290.0	2.0000000
9	19259.0000	799.000	315.00000	0.0	0.0	-310.0	2.0000000
9	19140.9980	709.000	315.00000	0.0	0.0	-340.0	2.0000000
102	19401.9980	975.000	326.03729	0.0	-12.0	45.0	0.8000000
80	19147.5195	846.270	314.00000	0.0	0.0	360.0	0.4000000
80	19227.3223	1060.763	321.81970	0.0	0.0	360.0	0.3000000
120	18976.8379	749.330	324.00000	0.0	0.0	-90.0	0.6000000
75	18749.2500	747.660	324.00000	0.0	0.0	45.0	0.8000000
128	18833.0000	1123.000	303.00000	0.0	0.0	-90.0	0.8000000
80	19023.8184	843.820	322.38535	0.0	0.0	450.0	0.3000000
132	18845.6504	755.110	320.39996	0.0	0.0	0.0	1.1000000
128	18966.7031	1061.697	310.15085	0.0	0.0	-45.0	0.8000000
128	18776.9980	1010.000	310.00000	0.0	0.0	-90.0	0.6000000
101	18770.0000	856.000	321.00000	0.0	0.0	0.0	0.7000000
80	18328.2188	1172.647	322.57028	0.0	0.0	495.0	0.4000000
75	18347.5371	1490.706	324.69705	0.0	0.0	0.0	0.8000000
84	18254.4883	1203.140	330.25000	0.0	0.0	-180.0	1.3000000
128	18580.8496	1303.200	310.54370	0.0	0.0	-90.0	0.8000000
71	18314.0000	1361.181	327.00000	0.0	15.0	0.0	0.9000000
77	17833.8203	1152.570	326.17999	-15.0	0.0	-235.0	0.3000000
120	17832.8887	1372.230	324.00000	0.0	0.0	-270.0	0.6000000
120	18177.6406	1536.896	332.08887	0.0	0.0	-90.0	0.6000000
77	18180.8594	1458.160	250.33000	-15.0	0.0	-415.0	0.3000000
77	17976.4336	1151.807	247.82639	-15.0	0.0	-190.0	0.5000000
75	18058.3184	1479.430	326.00000	0.0	0.0	45.0	0.8000000
77	18052.2910	1221.000	362.88098	-15.0	0.0	-55.0	0.2500000
76	17950.2695	1211.567	324.00000	0.0	0.0	0.0	0.4000000
77	18136.0000	1388.000	362.75931	-15.0	0.0	-370.0	0.3000000
20	18099.5195	1275.580	324.00000	10.0	0.0	-585.0	1.1000000
9	18043.2812	1170.830	315.00000	0.0	0.0	-375.0	2.0000000
9	17890.6738	1191.040	315.00000	0.0	0.0	-360.0	2.0000000
70	18016.9492	1339.420	362.04501	0.0	0.0	0.0	0.8000000
0	18452.7793	957.790	547.00000	0.0	0.0	0.0	1.0000000
80	18376.0000	1070.733	316.99997	0.0	0.0	585.0	0.3000000
75	18498.0566	835.400	324.00000	0.0	0.0	45.0	0.8000000
77	18426.8867	757.810	324.00000	-15.0	0.0	-270.0	0.3000000
84	18274.9199	934.310	324.00000	0.0	0.0	-45.0	1.2000000
84	18211.3809	1103.740	324.00000	0.0	0.0	-90.0	1.3000000
70	18621.7871	809.480	324.00000	0.0	0.0	0.0	0.8000000
132	18455.2500	954.450	319.41577	0.0	0.0	-45.0	1.1000000
9	18473.0000	792.000	315.00000	0.0	0.0	-400.0	2.0000000
9	18346.5195	914.690	315.00000	0.0	0.0	-410.0	2.0000000
9	18215.8594	1069.220	315.00000	0.0	0.0	-395.0	2.0000000
9	18612.4590	720.140	315.00000	0.0	0.0	-380.0	2.0000000
120	18457.1094	995.440	324.00000	0.0	0.0	-135.0	0.6000000
77	18038.5566	1098.280	324.00000	-15.0	0.0	-145.0	0.3000000
90	17470.6406	2344.200	315.16620	0.0	0.0	-225.0	1.9000000
90	17625.0000	2119.000	315.00000	0.0	0.0	-45.0	1.9000000
80	17024.6484	2368.670	311.25995	0.0	0.0	0.0	0.3000000
90	17200.0000	2168.200	315.41501	0.0	0.0	-225.0	1.8000000
46	17050.0000	2200.000	304.49997	0.0	0.0	45.0	0.8000000
46	17756.0508	1879.160	311.00000	0.0	0.0	45.0	0.7000000
46	17350.0000	1700.000	309.75000	0.0	0.0	0.0	0.8000000
80	17653.0820	1746.995	312.88522	0.0	0.0	90.0	0.3000000
90	17020.8809	1898.370	314.84674	0.0	0.0	-180.0	2.0000000
90	17341.0000	1950.000	315.00000	0.0	0.0	-90.0	1.8000000
120	17090.4199	1612.872	310.06448	0.0	0.0	-270.0	0.6000000
80	17203.0664	1617.987	311.01276	0.0	0.0	-45.0	0.3000000
80	16800.1895	2111.880	310.94431	0.0	0.0	-90.0	0.3000000
77	16090.4893	2376.270	342.52563	-15.0	0.0	-325.0	0.4000000
80	16071.4893	2299.420	325.26001	0.0	0.0	495.0	0.4000000
120	16345.9092	2373.470	325.07971	0.0	0.0	-225.0	0.6000000
75	16257.5791	2376.510	324.00000	0.0	0.0	45.0	0.8000000
49	16167.7598	2045.370	332.87000	0.0	0.0	45.0	0.6100000
70	16068.3945	2126.940	346.60132	0.0	0.0	0.0	0.8000000
49	16308.5605	2094.450	333.39944	0.0	0.0	90.0	0.7100000
76	16149.3896	2248.790	327.19000	0.0	0.0	45.0	0.1500000
120	16800.0000	1900.000	310.50000	0.0	0.0	180.0	0.6000000
80	16764.6699	1693.560	314.63998	0.0	0.0	0.0	0.3000000
132	16095.0000	1941.765	289.53351	55.0	0.0	-90.0	1.1000000
120	16086.9492	1672.440	324.00000	0.0	0.0	-135.0	0.6000000
120	16138.8887	1914.470	324.00000	0.0	0.0	-180.0	0.6000000
75	16150.4639	1652.480	324.00000	0.0	0.0	0.0	0.8000000
49	16149.0098	1748.020	331.58844	0.0	0.0	0.0	0.7100000
75	17704.9766	1186.240	324.00000	0.0	0.0	0.0	0.8000000
120	17767.8809	1289.660	324.00000	0.0	0.0	-90.0	0.6000000
9	17702.3496	1161.870	315.00000	0.0	0.0	-340.0	2.0000000
71	17061.6016	1198.717	368.96902	0.0	0.0	0.0	1.0000000
75	17213.0957	1270.172	340.36096	0.0	0.0	0.0	0.8000000
127	17666.7188	964.660	230.65253	0.0	0.0	-495.0	2.0000000
126	17504.1992	1076.560	324.00000	0.0	0.0	-35.0	3.0000000
75	17585.1602	1020.070	324.00000	0.0	0.0	45.0	0.8000000
9	17531.0508	1105.280	315.00000	0.0	0.0	-340.0	2.0000000
9	17363.8008	1013.563	315.00000	0.0	0.0	-327.0	2.0000000
77	17103.6797	789.870	324.00000	-15.0	0.0	-145.0	0.5000000
77	16984.0000	719.000	324.00000	-15.0	0.0	-235.0	0.3500000
71	16983.9199	854.000	321.03357	0.0	0.0	0.0	1.0000000
76	17084.4199	971.420	359.00000	0.0	0.0	0.0	0.3000000
77	17182.9004	854.250	324.00000	-15.0	0.0	-100.0	0.4000000
75	17010.3828	1071.223	373.37405	0.0	0.0	45.0	0.8000000
101	17233.9395	992.030	333.95999	0.0	0.0	0.0	0.8000000
9	17208.1992	913.930	315.00000	0.0	0.0	-325.0	2.0000000
20	17181.9395	1006.880	324.00000	10.0	0.0	-495.0	1.1000000
9	17049.6406	802.320	315.00000	0.0	0.0	-325.0	2.0000000
70	17246.6113	1129.318	364.53537	0.0	0.0	0.0	0.8000000
76	17293.7891	851.050	317.87637	0.0	15.0	0.0	0.1000000
76	17103.1797	1088.030	350.12000	0.0	0.0	180.0	0.1000000
120	16887.8633	1175.281	345.41440	0.0	0.0	-90.0	0.6000000
75	16761.2383	1177.864	338.60562	0.0	0.0	0.0	0.8000000
104	16562.5000	1311.730	325.40427	0.0	0.0	0.0	0.4000000
75	16624.2773	766.839	323.99994	0.0	0.0	45.0	0.8000000
120	16293.3291	720.700	324.00000	0.0	0.0	-200.0	0.5000000
69	19109.0000	648.000	262.00000	15.0	0.0	-360.0	1.6000000
76	19253.7793	693.540	324.00000	0.0	0.0	45.0	0.2000000
77	18661.4785	653.320	324.00000	-15.0	0.0	-170.0	0.3500000
84	18837.5742	613.000	324.00000	0.0	0.0	0.0	1.2000000
9	18965.9980	669.000	315.00000	0.0	0.0	-360.0	2.0000000
9	18794.1367	674.701	315.00000	0.0	0.0	-370.0	2.0000000
77	18538.2988	698.990	324.00000	-15.0	0.0	-190.0	0.5000000
29	17466.8008	465.065	9.83000	0.0	0.0	-135.0	0.4000000
75	17041.5391	675.540	324.00000	0.0	0.0	45.0	0.8000000
105	16918.4883	589.540	332.20999	0.0	0.0	90.0	2.5000000
105	16812.0000	523.000	326.00000	0.0	0.0	45.0	2.0000000
105	16810.4102	623.430	324.00000	0.0	0.0	270.0	2.0000000
75	16517.5098	384.150	324.00000	0.0	0.0	45.0	0.8000000
120	16642.6094	687.720	324.00000	0.0	0.0	-45.0	0.6000000
9	16902.4004	675.440	315.00000	0.0	0.0	-315.0	2.0000000
9	16772.9805	575.920	315.00000	0.0	0.0	30.0	2.0000000
9	16630.4395	512.880	315.00000	0.0	0.0	15.0	2.0000000
84	16577.5918	625.511	324.00000	0.0	0.0	0.0	1.5000000
80	16720.4902	460.100	331.68121	0.0	0.0	495.0	0.4000000
80	16599.4375	446.990	327.59000	0.0	0.0	405.0	0.4000000
77	16080.8789	451.650	324.00000	0.0	0.0	-45.0	0.4000000
70	16292.4102	686.100	324.00000	0.0	0.0	0.0	0.8000000
77	16279.5303	424.590	324.00000	0.0	0.0	0.0	0.6000000
80	16415.6484	580.240	324.00000	0.0	0.0	495.0	0.4000000
76	16286.7998	555.419	324.00000	0.0	0.0	0.0	0.2000000
77	16480.7793	441.806	324.00000	0.0	0.0	90.0	0.5000000
75	16192.0000	627.990	324.00000	0.0	0.0	45.0	0.8000000
9	16486.4492	493.430	315.00000	0.0	0.0	0.0	2.0000000
9	16313.4297	500.890	315.00000	0.0	0.0	-5.0	2.0000000
9	16133.9893	529.470	315.00000	0.0	0.0	-15.0	2.0000000
80	16138.3496	575.950	324.00000	0.0	0.0	540.0	0.4000000
77	16026.5293	2323.190	206.02332	-15.0	0.0	-280.0	0.5000000
77	15963.0293	2249.230	335.60999	-15.0	0.0	-235.0	0.3000000
101	15782.8008	2231.380	324.00000	0.0	0.0	0.0	1.2000000
75	15866.2080	2332.880	324.00000	0.0	0.0	45.0	0.8000000
9	15892.0000	2223.000	315.00000	0.0	0.0	-140.0	2.0000000
76	15704.0986	2144.200	289.78815	0.0	0.0	45.0	0.2800000
77	15675.2988	2040.310	323.99002	0.0	0.0	-135.0	0.4000000
9	15753.0000	2097.950	315.00000	0.0	0.0	-135.0	2.0000000
9	16042.0000	2341.000	315.00000	0.0	0.0	-145.0	2.0000000
80	15864.0195	2245.120	328.59302	0.0	0.0	495.0	0.4000000
71	15858.2197	2104.530	322.72000	0.0	0.0	0.0	1.0000000
101	16043.7500	1746.390	339.19617	0.0	0.0	0.0	1.2000000
101	15860.8398	1744.750	351.00000	0.0	0.0	0.0	0.7000000
101	15957.0010	1653.000	329.00000	0.0	0.0	-45.0	0.8000000
70	15675.9980	1633.000	341.52875	15.0	0.0	45.0	0.6000000
76	15666.3496	1751.620	348.00000	0.0	0.0	0.0	0.2800000
76	15757.0283	1747.630	271.09619	0.0	0.0	0.0	0.2800000
120	16030.0693	1800.190	331.34277	0.0	0.0	-225.0	0.6000000
20	15824.0400	1837.130	324.00000	10.0	0.0	-585.0	1.1000000
70	15670.0986	1834.212	340.90936	0.0	0.0	0.0	0.8000000
9	15516.7803	1828.830	315.00000	0.0	0.0	-120.0	2.0000000
84	15344.1514	1623.900	327.84128	0.0	0.0	225.0	1.3000000
76	15554.1396	1641.120	341.86707	0.0	0.0	45.0	0.1800000
77	15580.7891	1966.840	324.00000	0.0	0.0	-180.0	0.6000000
101	15556.0391	1727.350	333.58371	0.0	0.0	0.0	0.8000000
86	15451.1396	1565.450	324.00000	0.0	0.0	45.0	1.3000000
9	15441.2900	1677.060	315.00000	0.0	0.0	-110.0	2.0000000
9	15616.3789	1965.510	315.00000	0.0	0.0	-135.0	2.0000000
124	15449.2783	1645.990	330.47662	0.0	0.0	-405.0	0.7000000
102	15469.5283	1784.260	325.00000	0.0	0.0	65.0	1.0000000
77	14402.9102	2325.377	24.00000	0.0	0.0	135.0	0.4000000
76	14482.0996	2382.850	24.00000	0.0	0.0	225.0	0.2000000
75	15767.8301	1539.170	328.03000	0.0	0.0	45.0	0.8000000
95	16046.8994	1133.540	324.00000	0.0	0.0	-45.0	0.8000000
120	15674.6689	1526.460	348.45941	0.0	0.0	-135.0	0.6000000
70	15731.1494	1416.000	332.00000	15.0	0.0	45.0	0.5000000
70	15579.5986	1358.470	331.00000	15.0	0.0	45.0	0.7000000
75	15479.7305	1442.030	341.74506	0.0	0.0	45.0	0.8000000
70	15592.9990	1498.000	360.00000	10.0	0.0	45.0	0.8000000
77	15400.0000	1300.000	324.00000	0.0	0.0	45.0	0.4000000
71	15472.9736	1200.000	313.02087	0.0	0.0	0.0	1.0000000
76	15355.0000	1462.000	328.00000	0.0	0.0	0.0	0.1800000
9	15434.2588	1164.820	315.00000	0.0	0.0	-80.0	2.0000000
9	15418.2402	1342.050	315.00000	0.0	0.0	-90.0	2.0000000
9	15418.9297	1527.360	315.00000	0.0	0.0	-90.0	2.0000000
76	15754.5000	757.270	282.73996	0.0	0.0	45.0	0.1800000
75	15942.9990	751.000	324.00000	0.0	0.0	45.0	0.8000000
75	15696.0098	829.360	324.00000	0.0	0.0	0.0	0.8000000
71	15649.1396	950.790	325.96387	0.0	0.0	0.0	1.0000000
120	15877.5391	753.080	324.00000	0.0	0.0	-135.0	0.6000000
120	15712.4297	1039.730	324.00000	0.0	0.0	-270.0	0.6000000
9	15710.2598	718.000	315.00000	0.0	0.0	-45.0	2.0000000
75	15749.0010	1051.000	324.00000	0.0	0.0	45.0	0.6000000
103	15850.0000	950.000	323.00000	0.0	0.0	133.0	0.6000000
9	15597.8398	837.470	315.00000	0.0	0.0	-50.0	2.0000000
77	15400.0000	1050.000	324.00000	0.0	0.0	-45.0	0.6000000
77	15450.0000	900.000	324.00000	0.0	0.0	-90.0	0.4000000
80	15581.9004	1107.760	327.22293	0.0	0.0	495.0	0.4000000
84	15606.1201	765.980	324.00000	0.0	0.0	270.0	1.5000000
9	15493.9893	992.210	315.00000	0.0	0.0	-65.0	2.0000000
85	14360.0010	1078.000	24.00000	0.0	-15.0	180.0	0.6000000
77	14301.4492	2154.030	24.00000	0.0	0.0	45.0	0.6000000
77	14279.5391	1992.040	24.00000	0.0	0.0	90.0	0.5000000
6	14300.6592	2265.220	18.00000	0.0	0.0	55.0	2.0000000
6	14212.8799	2076.790	18.00000	0.0	0.0	75.0	2.0000000
80	14119.4600	2170.800	24.00000	0.0	0.0	360.0	0.4000000
80	14217.1982	2251.680	24.00000	0.0	0.0	315.0	0.4000000
80	13692.2900	2385.570	24.00000	0.0	0.0	0.0	0.3300000
120	13588.3633	2272.181	21.20714	0.0	0.0	-5.0	0.6000000
80	13733.0000	2259.280	24.00000	0.0	0.0	-135.0	0.4300000
128	13622.4199	2074.407	24.00000	0.0	0.0	0.0	0.8000000
6	14146.9805	1691.660	18.00000	0.0	0.0	85.0	2.0000000
6	14169.3877	1880.800	18.00000	0.0	0.0	80.0	2.0000000
120	14042.8896	1717.380	24.00000	0.0	0.0	315.0	0.6000000
76	14217.7490	1836.930	24.00000	0.0	0.0	90.0	0.2000000
101	14095.3145	1853.729	24.00000	0.0	0.0	0.0	1.0000000
101	13986.1191	1649.950	24.00000	0.0	0.0	0.0	0.6000000
120	13533.3311	1929.914	7.99942	0.0	0.0	-20.0	0.6000000
120	13113.0479	2080.530	18.15641	0.0	0.0	25.0	0.6000000
100	13350.0000	2300.000	0.00000	0.0	0.0	75.0	5.0000000
0	13382.9424	2061.887	0.00000	0.0	0.0	0.0	1.0000000
0	13108.0459	2204.554	0.00000	0.0	0.0	0.0	1.0000000
0	13286.6895	2243.260	0.00000	0.0	0.0	0.0	1.0000000
0	13182.6602	2341.650	0.00000	0.0	0.0	0.0	1.0000000
0	13390.5088	2207.970	0.00000	0.0	0.0	0.0	1.0000000
0	13429.7100	2346.550	0.00000	0.0	0.0	0.0	1.0000000
0	13418.1904	2268.790	0.00000	0.0	0.0	0.0	1.0000000
80	12987.0635	2009.140	24.00000	0.0	0.0	360.0	0.3000000
120	12777.0732	2192.515	0.70381	0.0	0.0	70.0	0.6000000
0	12932.0146	2269.306	0.00000	0.0	0.0	0.0	1.0000000
0	12735.4092	2299.130	0.00000	0.0	0.0	0.0	1.0000000
128	13448.5107	1689.084	24.00000	0.0	0.0	-90.0	0.8000000
120	13255.6201	1879.880	10.71000	0.0	0.0	-20.0	0.6000000
0	13397.0000	1832.352	0.00000	0.0	0.0	0.0	1.0000000
128	13151.5625	1971.553	24.00000	0.0	0.0	135.0	0.8000000
80	12906.0840	1975.650	24.00000	0.0	0.0	405.0	0.4000000
80	13045.1445	1912.190	24.00000	0.0	0.0	405.0	0.3000000
122	12859.0000	1852.000	24.00000	0.0	0.0	-90.0	2.0000000
122	12951.0098	1851.420	24.00000	0.0	0.0	0.0	3.0000000
131	14002.4707	1520.930	21.82360	0.0	0.0	-420.0	2.0000000
85	14288.5898	1357.010	24.00000	0.0	0.0	90.0	0.8000000
101	14345.9287	1266.410	24.00000	0.0	0.0	0.0	0.6000000
80	14247.7490	1210.320	24.00000	0.0	0.0	585.0	0.4000000
6	14161.5996	1487.280	18.00000	0.0	0.0	105.0	2.0000000
6	14223.4893	1308.930	18.00000	0.0	0.0	110.0	2.0000000
6	14269.4795	1143.360	18.00000	0.0	0.0	100.0	2.0000000
80	14164.9600	1328.510	24.00000	0.0	0.0	360.0	0.4000000
80	14102.3496	1245.900	24.00000	0.0	0.0	225.0	0.3000000
80	14129.9893	1452.820	24.00000	0.0	0.0	405.0	0.3000000
101	14051.2129	1376.172	24.00000	0.0	0.0	0.0	0.6000000
123	14341.9492	957.910	24.00000	0.0	0.0	90.0	0.3000000
104	13952.9102	752.240	24.00000	0.0	0.0	0.0	0.3000000
115	14049.3984	1049.000	26.00000	0.0	0.0	45.0	1.4000000
120	14196.4893	1093.210	24.00000	0.0	0.0	360.0	0.6000000
6	14284.5791	972.480	18.00000	0.0	0.0	90.0	2.0000000
6	14193.0605	708.770	18.00000	0.0	0.0	45.0	2.0000000
6	14260.8096	822.820	18.00000	0.0	0.0	70.0	2.0000000
123	14150.7100	755.880	5.00000	0.0	0.0	0.0	0.2500000
122	14251.6689	875.432	24.00000	0.0	0.0	0.0	2.8000000
131	14009.6387	854.040	24.00000	0.0	0.0	-465.0	2.0000000
80	13542.3203	809.880	24.00000	0.0	0.0	-135.0	0.4000000
71	13651.9795	853.630	24.00000	-15.0	0.0	-135.0	0.5500000
80	13121.2598	1156.620	24.00000	0.0	0.0	-135.0	0.3000000
80	13278.4199	1153.990	24.00000	0.0	0.0	-270.0	0.3000000
77	12843.6494	1143.560	24.00000	-10.0	0.0	165.0	0.3500000
6	12993.6094	1176.990	18.00000	0.0	0.0	-20.0	2.0000000
6	12785.6895	1188.890	18.00000	0.0	0.0	15.0	2.0000000
120	12948.6895	1294.050	24.00000	0.0	0.0	270.0	0.6000000
131	12700.5996	1225.950	23.29305	0.0	0.0	-250.0	1.9000000
71	13370.5898	904.680	24.00000	-15.0	0.0	-135.0	0.9500000
80	13207.7588	1043.590	24.00000	0.0	0.0	-135.0	0.4000000
77	13135.7998	942.760	24.00000	-10.0	0.0	300.0	0.3500000
6	13148.0088	1064.870	18.00000	0.0	0.0	-45.0	2.0000000
6	13268.2598	910.360	18.00000	0.0	0.0	-55.0	2.0000000
6	13371.9697	751.350	18.00000	0.0	0.0	-60.0	2.0000000
76	13223.2998	850.160	24.00000	0.0	0.0	-50.0	0.2000000
101	13473.9990	763.130	24.00000	0.0	0.0	0.0	0.6000000
76	12655.2598	1006.650	24.00000	0.0	0.0	40.0	0.1200000
77	13001.0098	1122.380	24.00000	-10.0	0.0	165.0	0.4500000
77	13052.8701	1043.790	24.00000	-10.0	0.0	300.0	0.4500000
76	12724.7783	1086.200	24.00000	0.0	0.0	40.0	0.2000000
84	15907.7588	622.730	324.00000	0.0	0.0	0.0	1.3000000
84	15729.4189	648.080	324.00000	0.0	0.0	-45.0	1.5000000
76	15985.5195	470.090	324.00000	0.0	0.0	0.0	0.2000000
9	15967.9092	569.120	315.00000	0.0	0.0	-15.0	2.0000000
9	15822.9893	630.150	315.00000	0.0	0.0	-30.0	2.0000000
115	14225.2197	631.400	34.23735	0.0	0.0	45.0	1.3000000
120	14026.2393	690.610	24.00000	0.0	0.0	360.0	0.6000000
6	14072.4502	625.920	18.00000	0.0	0.0	25.0	2.0000000
6	13931.0000	567.000	18.00000	0.0	0.0	15.0	2.0000000
123	14014.9902	515.140	24.00000	0.0	0.0	-45.0	0.5000000
123	14138.3301	596.390	24.00000	0.0	0.0	90.0	0.4000000
77	13621.3789	509.346	24.00000	-10.0	0.0	210.0	0.3500000
115	13803.5205	668.690	24.00000	0.0	0.0	45.0	1.0000000
101	13643.5713	698.003	24.00000	0.0	0.0	0.0	0.8000000
122	13857.0605	534.100	24.00000	0.0	0.0	45.0	2.8000000
120	13531.3799	700.560	24.00000	0.0	0.0	225.0	0.6000000
6	13599.0400	569.530	18.00000	0.0	0.0	-12.0	2.0000000
6	13762.8301	548.930	18.00000	0.0	0.0	0.0	2.0000000
76	13771.3486	465.430	24.00000	0.0	0.0	-5.0	0.2000000
122	13704.4805	575.530	24.00000	0.0	0.0	0.0	2.0000000
76	13870.9199	464.400	24.00000	0.0	0.0	-185.0	0.1000000
131	13894.1895	668.500	24.85000	0.0	0.0	-555.0	2.0000000
71	13490.2695	551.280	24.00000	-15.0	0.0	-135.0	0.8500000
86	13457.0801	679.420	24.00000	0.0	0.0	100.0	1.3000000
71	13342.4590	672.200	24.00000	-15.0	0.0	-135.0	0.7499999
6	13467.5801	634.730	18.00000	0.0	0.0	-40.0	2.0000000
37	7280.0005	12404.000	12404.00000	0.0	0.0	0.0	8.0000000
103	11850.0000	12250.000	379.00000	0.0	0.0	-245.0	0.6800000
25	12435.3184	12134.375	379.00000	0.0	0.0	22.5	4.9000001
103	12250.0000	11850.000	379.00000	0.0	0.0	-207.0	0.6800000
108	12008.4648	12004.550	379.49997	0.0	0.0	-45.0	1.1000000
38	11847.6230	12201.758	379.00003	0.0	0.0	-195.0	14.0500002
43	11839.0000	11867.000	379.00000	0.0	0.0	314.0	6.0000000
31	11437.2998	12599.053	381.00000	180.0	0.0	-630.0	2.5000000
31	12601.6689	11438.130	379.00000	0.0	0.0	360.0	2.5000000
68	11807.0000	10957.183	379.00000	0.0	0.0	152.3	1.2100000
17	10967.0000	11661.000	381.00000	0.0	0.0	208.0	0.9000000
17	11652.7695	11005.636	381.00000	0.0	0.0	332.0	0.9000000
96	11000.9990	11007.999	385.00000	0.0	-180.0	-584.0	1.2500000
61	10620.0000	12354.000	525.00000	0.0	0.0	0.0	1.2000000
31	10809.0000	12593.999	379.00000	0.0	0.0	90.0	2.5000000
70	10712.7803	12280.882	379.00000	0.0	0.0	0.0	0.8000000
28	10703.3096	12282.370	379.00000	0.0	0.0	10.0	0.5000000
12	10609.6865	12649.447	165.00000	0.0	0.0	-270.0	1.1500000
13	10619.9375	12357.842	358.00000	0.0	0.0	90.0	1.2900000
26	10628.0000	12649.000	379.49997	0.0	0.0	-0.0	4.2500000
27	10520.0000	12648.000	342.90875	0.0	0.0	-90.0	3.5000000
17	10747.3301	12341.098	381.65756	0.0	0.0	278.0	0.8947616
57	10204.0000	12391.000	230.00000	0.0	0.0	45.0	5.0000000
57	10439.0000	12398.000	296.00000	0.0	0.0	45.0	2.5000000
7	10325.0000	12386.000	313.00000	0.0	0.0	-540.0	8.5000000
27	10362.0000	12648.000	303.71051	0.0	0.0	-90.0	3.5000000
27	10204.0000	12648.000	264.07977	0.0	0.0	-90.0	3.5000000
37	10449.0000	12389.999	312.00000	0.0	0.0	-180.0	8.0000000
37	10202.0000	12389.999	250.00000	0.0	0.0	-180.0	8.0000000
70	10816.3799	11876.059	378.24570	0.0	0.0	90.0	0.8000000
70	10723.6299	12183.449	379.00000	0.0	0.0	45.0	0.8000000
70	10743.9189	12088.550	379.00000	0.0	0.0	0.0	0.8000000
70	10773.0898	11985.080	379.00000	0.0	0.0	90.0	0.8000000
28	10858.3496	11804.750	379.00000	0.0	0.0	10.0	0.5000000
28	10733.7998	12158.930	379.00000	0.0	0.0	10.0	0.5000000
68	10900.0000	11868.999	380.00000	0.0	0.0	113.0	1.2100000
68	10922.4766	11818.000	379.00000	0.0	0.0	114.6	1.2200000
68	10802.6660	12187.959	379.66919	0.0	0.0	101.0	1.2128991
14	10703.0000	12039.000	382.00000	0.0	0.0	106.0	1.2900000
68	10843.0000	12025.999	380.00000	0.0	0.0	107.0	1.2100000
28	10774.3896	12040.379	379.00000	0.0	0.0	10.0	0.5000000
28	10815.9502	11922.560	379.00000	0.0	0.0	10.0	0.5000000
7	10079.0000	12386.000	248.27165	0.0	0.0	-540.0	8.5000000
27	9888.0000	12648.000	185.44849	0.0	0.0	-90.0	3.5000000
27	10046.0000	12648.000	224.54918	0.0	0.0	-90.0	3.5000000
27	9731.0000	12648.000	146.86461	0.0	0.0	-90.0	3.5000000
57	9924.0000	12423.000	133.29778	0.0	0.0	45.0	4.0000000
37	9956.0000	12389.999	190.00000	0.0	0.0	-180.0	8.0000000
7	9831.0000	12386.000	191.00000	0.0	0.0	-540.0	8.5000000
57	9685.0000	12407.000	91.00000	0.0	0.0	45.0	3.0000000
37	9709.0000	12389.999	128.00000	0.0	0.0	-180.0	8.0000000
27	9574.0000	12648.000	106.54769	0.0	0.0	-90.0	3.5000000
27	9417.0000	12648.000	67.40630	0.0	0.0	-90.0	3.5000000
27	9260.0000	12648.000	28.31815	0.0	0.0	-90.0	3.5000000
7	9587.0000	12386.000	132.00000	0.0	0.0	-540.0	8.5000000
37	9464.0000	12389.999	66.00000	0.0	0.0	-180.0	8.0000000
7	9340.0000	12386.000	68.00000	0.0	0.0	-540.0	8.5000000
51	9397.4697	11802.390	0.00000	0.0	0.0	0.0	0.7000000
34	10737.0000	11493.999	626.00000	0.0	0.0	40.0	1.5000000
75	10545.7188	11434.550	379.00000	0.0	0.0	45.0	1.0000000
75	10621.0703	11507.999	379.00000	0.0	0.0	0.0	1.0000000
99	10617.1396	11421.870	344.25000	0.0	0.0	-240.0	1.0000000
81	10630.1602	11421.276	379.49997	0.0	0.0	405.0	2.5999999
70	10903.0000	11710.000	379.00000	0.0	0.0	45.0	0.8000000
70	10867.4199	11793.029	379.00000	0.0	0.0	-45.0	0.8000000
70	10856.7402	11642.310	379.00000	0.0	0.0	45.0	0.8000000
70	10770.1504	11596.430	379.00000	0.0	0.0	0.0	0.8000000
28	10902.1699	11700.630	379.00000	0.0	0.0	-35.0	0.5000000
14	10556.0000	11507.000	382.00000	0.0	0.0	45.0	1.2900000
13	10790.0127	11728.314	358.00000	0.0	0.0	115.0	1.2900000
68	10842.0000	11556.000	379.00000	0.0	0.0	31.0	1.2200000
28	10811.8096	11624.250	379.00000	0.0	0.0	-50.0	0.6000000
28	10568.3799	11531.719	378.00000	0.0	0.0	0.0	0.2500000
28	10724.0391	11558.760	379.00000	0.0	0.0	-50.0	0.6000000
34	10533.8291	11320.260	622.00000	-5.0	0.0	40.0	1.5000000
49	10849.3389	11352.260	388.85556	0.0	0.0	0.0	0.7100000
49	10718.4795	11359.060	385.01559	0.0	0.0	0.0	0.5100000
49	10653.0000	11147.000	387.00000	0.0	0.0	0.0	0.6100000
35	10400.0000	11000.000	380.00000	0.0	0.0	88.5	3.0000000
69	10362.9219	11000.288	380.00000	0.0	0.0	-315.0	1.1000000
48	10361.5000	11127.900	379.00000	0.0	0.0	90.0	0.9500000
70	10438.8301	11288.830	379.00000	0.0	0.0	0.0	0.8000000
28	10474.6201	11343.239	379.00000	0.0	0.0	-50.0	0.6000000
28	10414.7998	11322.200	379.00000	0.0	0.0	-50.0	0.6000000
17	10448.9697	11235.060	379.00000	0.0	0.0	145.0	0.9000000
14	10312.0000	10973.000	382.00000	0.0	0.0	90.0	1.2900000
13	10329.9893	11283.030	358.00000	0.0	0.0	-125.0	1.2900000
49	9449.9072	11649.989	0.00000	0.0	0.0	0.0	0.7100000
49	9549.9561	11750.106	0.00000	0.0	0.0	0.0	0.7100000
49	9550.0000	11550.019	0.00000	0.0	0.0	0.0	0.7100000
49	9449.8633	11450.070	0.00000	0.0	0.0	0.0	0.7100000
49	9253.1543	11451.114	12.33586	0.0	0.0	0.0	0.7100000
71	9342.3896	10993.740	0.00000	0.0	0.0	0.0	1.0000000
49	9350.4043	11350.145	8.56620	0.0	0.0	0.0	0.7100000
49	9250.4043	11200.145	5.38008	0.0	0.0	-45.0	0.5100000
61	12349.0000	10623.000	525.00000	0.0	0.0	0.0	1.2000000
70	12285.5898	10702.188	379.00000	0.0	0.0	45.0	0.8000000
28	12235.6289	10716.770	379.00000	0.0	0.0	-25.0	0.6000000
28	12267.8203	10695.039	379.00000	0.0	0.0	-25.0	0.6000000
12	12648.0000	10614.000	170.00000	0.0	0.0	-180.0	1.1500000
13	12357.0000	10618.999	358.00000	0.0	0.0	0.0	1.3000000
31	12604.0000	10767.000	381.00000	180.0	0.0	0.0	2.5000000
17	12336.2500	10749.770	381.00000	0.0	0.0	260.0	0.9000000
70	11810.5098	10875.430	379.00000	0.0	0.0	45.0	0.8000000
70	11903.1582	10828.210	379.00000	0.0	0.0	45.0	0.8000000
70	11993.6992	10788.199	379.00000	0.0	0.0	45.0	0.8000000
70	12085.6094	10755.979	379.00000	0.0	0.0	45.0	0.8000000
70	12188.2695	10728.229	379.00000	0.0	0.0	45.0	0.8000000
28	11819.7100	10854.430	379.00000	0.0	0.0	-30.0	0.6000000
68	11871.9990	10925.000	379.00000	0.0	0.0	155.0	1.2100000
68	12185.0000	10812.000	379.00000	0.0	0.0	166.0	1.2100000
14	12046.0000	10716.000	382.00000	0.0	0.0	162.0	1.2900000
68	12025.9990	10861.000	379.00000	0.0	0.0	160.0	1.2100000
28	11958.8291	10816.129	379.00000	0.0	0.0	-25.0	0.6000000
28	12096.8799	10758.400	379.00000	0.0	0.0	-25.0	0.6000000
18	12389.9990	10164.830	380.00000	0.0	0.0	270.0	1.3000000
18	12389.9990	10436.553	380.00000	0.0	0.0	270.0	1.3000000
49	11480.6592	10932.469	391.00000	0.0	0.0	0.0	0.6100000
70	11631.9902	10923.648	379.00000	0.0	0.0	45.0	0.8000000
70	11679.4395	10862.500	379.00000	0.0	0.0	45.0	0.8000000
70	11730.8994	10930.620	379.00000	0.0	0.0	45.0	0.8000000
70	11584.9590	10801.640	379.00000	0.0	0.0	45.0	0.8000000
75	11482.0098	10636.570	379.00000	0.0	0.0	45.0	1.0000000
75	11437.4697	10561.828	379.00000	0.0	0.0	0.0	1.0000000
28	11681.0000	10920.000	379.00000	0.0	0.0	-30.0	0.6000000
3	11404.1592	10658.320	379.00000	0.0	0.0	585.0	2.5999999
68	11546.9287	10881.119	379.00000	0.0	0.0	238.0	1.2100000
14	11506.0000	10589.000	382.00000	0.0	0.0	225.0	1.2900000
13	11729.0000	10820.000	358.00000	0.0	0.0	65.0	1.3000000
28	11602.3096	10816.879	379.00000	0.0	0.0	-40.0	0.6000000
49	11147.6787	10549.350	387.00000	0.0	0.0	0.0	0.6100000
49	11104.4697	10699.010	389.00000	0.0	0.0	-45.0	0.5100000
35	10996.5762	10427.000	380.00000	0.0	0.0	180.0	3.0000000
69	11001.0342	10376.591	380.00000	0.0	0.0	-360.0	1.1000000
48	11147.2607	10386.499	379.00003	0.0	0.0	45.0	0.9500000
70	11279.6602	10462.330	379.00000	0.0	0.0	45.0	0.8000000
28	11312.1387	10470.100	379.00000	0.0	0.0	-50.0	0.6000000
17	11221.8799	10477.540	378.00000	0.0	0.0	40.0	0.9000000
14	10968.9990	10338.000	382.00000	0.0	0.0	180.0	1.2900000
13	11267.8203	10355.529	358.00000	0.0	0.0	35.0	1.3000000
18	12389.9990	9892.666	380.00000	0.0	0.0	270.0	1.3000000
18	12389.9990	9349.000	380.00000	0.0	0.0	270.0	1.3000000
18	12389.9990	9621.097	380.00000	0.0	0.0	270.0	1.3000000
49	11449.9385	9750.021	5.21327	0.0	0.0	0.0	0.7100000
60	11463.0000	9979.000	0.00000	0.0	0.0	0.0	1.0000000
49	11449.7783	9549.911	0.00000	0.0	0.0	0.0	0.7100000
71	10949.8301	9347.700	0.00000	0.0	0.0	0.0	1.0000000
49	11350.0293	9649.956	0.00000	0.0	0.0	0.0	0.7100000
49	11250.0000	9350.000	4.51870	0.0	0.0	0.0	0.7100000
49	11150.0000	9250.000	5.00000	0.0	0.0	0.0	0.7100000
49	11350.0000	9450.000	0.00000	0.0	0.0	0.0	0.7100000
82	10537.2295	10568.859	379.49997	0.0	0.0	-225.0	2.5999999
49	10618.4883	10788.621	387.80890	0.0	0.0	0.0	0.7100000
49	10689.9990	10632.999	388.75461	0.0	0.0	-45.0	0.5100000
49	10850.6084	10649.050	388.24261	0.0	0.0	0.0	0.6100000
48	10359.0000	10852.000	379.00000	0.0	0.0	90.0	0.9500000
70	10374.0000	10731.000	379.00000	0.0	0.0	45.0	0.8000000
13	10311.9609	10642.580	358.00000	0.0	0.0	10.0	1.2900000
17	10414.9990	10779.000	381.00000	0.0	0.0	-85.0	0.9000000
28	10371.2383	10710.640	379.00000	0.0	0.0	-50.0	0.6000000
28	10380.4600	10598.600	379.00000	0.0	0.0	0.0	0.3000000
48	10851.4902	10386.928	379.00003	0.0	0.0	90.0	0.9500000
70	10710.6982	10407.600	379.00000	0.0	0.0	45.0	0.8000000
13	10630.7305	10338.912	358.00000	0.0	0.0	170.0	1.2900000
17	10763.5693	10444.130	381.00000	0.0	0.0	-105.0	0.9000000
28	10690.7197	10404.890	379.00000	0.0	0.0	-50.0	0.6000000
75	10514.3291	10487.649	379.00000	0.0	0.0	0.0	1.0000000
45	10450.0000	10457.999	382.00000	0.0	0.0	139.0	1.2900000
12	10461.0000	10479.000	209.99998	0.0	0.0	-222.0	0.9000000
28	10463.3193	10462.948	379.00000	0.0	0.0	0.0	0.3000000
20	9450.0000	10750.000	0.00000	0.0	0.0	130.0	1.0000000
120	9522.9600	10588.510	0.00000	0.0	0.0	-540.0	0.6000000
5	9521.7891	10740.898	0.00000	0.0	0.0	117.0	2.2000000
5	9618.7500	10556.330	0.00000	0.0	0.0	120.0	2.2000000
71	9644.7598	10457.730	0.00000	0.0	0.0	0.0	1.0000000
71	10216.3994	9778.859	0.00000	0.0	0.0	0.0	1.0000000
120	10258.4590	9718.539	0.00000	0.0	0.0	-495.0	0.6000000
20	10650.0000	9550.000	0.00000	0.0	0.0	130.0	1.0000000
5	10643.7100	9570.719	0.00000	0.0	0.0	155.0	2.2000000
5	10829.6699	9477.520	0.00000	0.0	0.0	152.0	2.2000000
5	10476.6689	9663.600	0.00000	0.0	0.0	150.0	2.2000000
20	9950.0000	10050.000	0.00000	0.0	0.0	130.0	1.0000000
49	9242.2695	9450.608	9.00000	0.0	0.0	-45.0	0.6100000
49	9250.0000	9250.000	5.46247	0.0	0.0	0.0	0.7100000
49	9447.1797	9296.029	4.47421	0.0	0.0	0.0	0.7100000
49	9399.0000	9497.000	5.00000	0.0	0.0	-45.0	0.5100000
35	8975.0000	12649.000	2.00000	0.0	0.0	-90.0	3.5999999
37	9221.0000	12389.999	4.00000	0.0	0.0	-180.0	8.0000000
7	9098.0000	12386.000	5.00000	0.0	0.0	-540.0	8.5000000
71	8993.9502	12151.100	0.00000	0.0	0.0	0.0	1.0000000
20	9050.0000	11850.000	0.00000	0.0	0.0	130.0	1.0000000
120	8864.7793	11978.840	0.00000	0.0	0.0	-405.0	0.6000000
5	9023.8994	12081.419	0.00000	0.0	0.0	95.0	2.2000000
5	9049.4189	11881.070	0.00000	0.0	0.0	105.0	2.2000000
57	7663.1455	12436.072	11.00000	0.0	0.0	45.0	2.0000000
7	7614.0000	12389.999	54.00000	0.0	0.0	-540.0	8.3299999
71	7874.2998	11802.340	0.00000	0.0	0.0	0.0	1.0000000
20	7949.0195	12051.410	0.00000	0.0	0.0	130.0	1.0000000
71	9081.6494	11668.510	0.00000	0.0	0.0	0.0	1.0000000
49	9050.4043	11450.145	8.79078	0.0	0.0	0.0	0.7100000
49	8824.4297	11434.648	5.79000	0.0	0.0	-45.0	0.5100000
49	9150.4043	11350.145	5.14386	0.0	0.0	0.0	0.7100000
49	9089.1494	11100.859	6.05000	0.0	0.0	0.0	0.7100000
49	8948.4697	11249.081	5.74000	0.0	0.0	0.0	0.7100000
49	8042.9697	11427.499	5.00000	0.0	0.0	-90.0	0.7100000
49	7991.3193	11572.940	5.00000	0.0	0.0	-45.0	0.5100000
49	8021.5098	11751.809	5.00000	0.0	0.0	0.0	0.6100000
49	8210.6982	11466.199	5.00000	0.0	0.0	-45.0	0.7100000
49	8167.5889	11655.540	5.00000	0.0	0.0	0.0	0.7100000
49	7850.0000	11550.000	9.37716	0.0	0.0	0.0	0.7100000
49	7750.0000	11450.000	5.58841	0.0	0.0	0.0	0.7100000
49	7550.0000	11450.000	3.27758	0.0	0.0	0.0	0.7100000
49	7650.0000	11550.000	0.00000	0.0	0.0	0.0	0.7100000
71	8071.2603	11180.429	0.00000	0.0	0.0	0.0	1.0000000
20	8159.4795	10953.050	0.00000	0.0	0.0	130.0	1.0000000
57	7411.7280	12438.353	34.00000	0.0	0.0	45.0	3.0000000
57	7127.2827	12439.580	111.00000	0.0	0.0	45.0	5.0000000
7	7379.0000	12389.999	114.00000	0.0	0.0	-540.0	8.3299999
37	7494.9995	12403.000	46.00000	0.0	0.0	0.0	7.8400006
7	7147.0000	12389.999	170.99998	0.0	0.0	-540.0	8.3299999
37	7262.0005	12403.000	104.00000	0.0	0.0	0.0	7.8400006
57	6868.8315	12438.042	179.00000	0.0	0.0	45.0	2.5000000
7	6683.0000	12389.999	280.00000	0.0	0.0	-540.0	8.3299999
37	7031.0000	12403.000	159.99998	0.0	0.0	0.0	7.8400006
37	6797.0000	12403.000	219.00000	0.0	0.0	0.0	7.8400002
7	6915.0000	12389.999	224.00000	0.0	0.0	-540.0	8.3299999
77	6346.2100	12264.380	324.00000	-20.0	0.0	-90.0	0.4000000
75	6299.8301	12326.770	324.00000	0.0	0.0	45.0	1.0000000
57	6615.0771	12441.467	296.15527	0.0	0.0	45.0	5.0000000
9	6332.8599	12323.910	315.00000	0.0	0.0	70.0	2.0000000
9	6353.7788	12493.999	301.00000	0.0	0.0	90.0	2.0000000
31	6287.9995	12589.999	326.00000	180.0	0.0	90.0	2.5000000
7	6449.0000	12389.999	329.00000	0.0	0.0	-540.0	8.3299999
26	6467.0000	12649.000	326.00000	0.0	0.0	-180.0	4.2500000
37	6567.0000	12403.000	278.00000	0.0	0.0	0.0	7.8400002
101	6457.2100	12321.590	324.00000	0.0	0.0	25.0	0.8000000
120	6120.8994	12243.650	324.00000	0.0	0.0	100.0	0.6000000
77	6299.8101	12137.358	324.00000	-20.0	0.0	-135.0	0.5000000
84	6028.4536	11863.850	324.00000	0.0	0.0	-45.0	1.1000000
77	6173.9199	12067.199	324.00000	-20.0	0.0	-180.0	0.4000000
80	6224.9800	12192.979	324.00000	0.0	0.0	270.0	0.4000000
75	6105.0298	12150.050	324.00000	0.0	0.0	45.0	1.0000000
124	6050.0000	11950.000	324.00000	0.0	0.0	315.0	0.8000000
124	6118.0000	11902.000	332.00000	45.0	0.0	155.0	0.7000000
75	5916.7900	11938.310	324.00000	0.0	0.0	45.0	1.0000000
75	6226.7700	11958.050	324.00000	0.0	0.0	45.0	0.9000000
120	5876.9995	11912.479	324.00000	0.0	0.0	135.0	0.6000000
9	5973.9302	11889.149	315.00000	0.0	0.0	40.0	2.0000000
9	6247.5898	12159.220	315.00000	0.0	0.0	50.0	2.0000000
9	6123.0000	12027.000	315.00000	0.0	0.0	40.0	2.0000000
70	5982.6001	12106.620	324.00000	0.0	0.0	0.0	0.8000000
49	7450.0000	11350.000	6.10660	0.0	0.0	0.0	0.7100000
66	7100.0000	11350.000	0.00000	0.0	0.0	-80.0	1.2000000
9	5851.0000	11723.000	315.00000	0.0	0.0	70.0	2.0000000
80	5858.0098	11604.090	324.00000	0.0	0.0	225.0	0.4000000
80	5879.6499	11444.069	332.26437	0.0	0.0	315.0	0.5000000
77	5939.9399	11687.771	324.00000	0.0	0.0	450.0	0.2000000
84	5892.8301	11233.840	324.00000	0.0	0.0	-90.0	1.5000000
123	5950.0000	10950.000	324.00000	0.0	0.0	15.0	0.4000000
75	5975.0474	11031.238	324.00000	0.0	0.0	90.0	1.0000000
9	5828.0000	11143.999	315.00000	0.0	0.0	100.0	2.0000000
77	5901.9102	11316.550	299.89780	0.0	0.0	270.0	0.2000000
49	8549.0000	10621.000	5.00000	0.0	0.0	-45.0	0.7100000
49	8386.7900	10836.319	5.00000	0.0	0.0	45.0	0.6100000
71	8668.5996	10124.350	0.00000	0.0	0.0	0.0	1.0000000
49	8484.0000	10441.000	5.00000	0.0	0.0	0.0	0.7100000
71	8248.5498	10735.830	0.00000	0.0	0.0	0.0	1.0000000
49	8355.0000	10663.000	5.00000	0.0	0.0	-45.0	0.5100000
120	8259.2891	10895.890	0.00000	0.0	0.0	-540.0	0.6000000
49	8250.0000	10450.000	5.65364	0.0	0.0	0.0	0.7100000
49	8150.0000	10350.000	3.07938	0.0	0.0	0.0	0.7100000
49	8050.0000	10250.000	0.00000	0.0	0.0	0.0	0.7100000
49	8150.0000	10150.000	0.00000	0.0	0.0	0.0	0.7100000
20	8847.8799	9749.840	0.00000	0.0	0.0	130.0	1.0000000
120	8987.4600	9677.439	0.00000	0.0	0.0	-405.0	0.6000000
71	9046.0293	9546.310	0.00000	0.0	0.0	0.0	1.0000000
49	8050.0000	10050.000	0.00000	0.0	0.0	0.0	0.7100000
66	7650.0000	9850.000	0.00000	0.0	0.0	-60.0	1.2000000
49	7950.0000	9950.000	0.00000	0.0	0.0	0.0	0.7100000
71	5921.3193	10690.379	339.45001	0.0	0.0	0.0	1.0000000
128	5839.0000	10564.000	324.00000	0.0	0.0	-90.0	0.9000000
75	6064.0791	10630.640	324.00000	0.0	0.0	45.0	0.8000000
123	6050.0000	10750.000	324.00000	0.0	0.0	60.0	0.6000000
123	6250.0000	10550.000	324.00000	0.0	0.0	105.0	0.5000000
122	5950.0000	10850.000	324.00000	0.0	0.0	90.0	2.0000000
122	6150.0000	10650.000	324.00000	0.0	0.0	135.0	2.4000001
122	6150.0000	10550.000	324.00000	0.0	0.0	135.0	1.7000000
75	6048.5200	10862.880	324.00000	0.0	0.0	90.0	1.0000000
75	6229.2993	10641.600	324.00000	0.0	0.0	90.0	1.0000000
75	5859.0000	10853.310	324.34143	0.0	0.0	45.0	1.0000000
9	6113.2192	10636.940	315.00000	0.0	0.0	135.0	2.0000000
9	5998.6699	10782.790	315.00000	0.0	0.0	125.0	2.0000000
9	5895.1895	10937.550	315.00000	0.0	0.0	125.0	2.0000000
104	6156.2300	10740.369	336.81107	0.0	0.0	45.0	0.2500000
127	6417.2905	10311.759	328.25198	0.0	0.0	-405.0	2.0000000
102	6408.3330	10098.038	324.00000	0.0	0.0	90.0	1.3000000
77	6274.4497	10124.698	324.00000	-20.0	0.0	-270.0	0.3000000
16	6324.0098	10337.240	332.51999	-90.0	0.0	-45.0	1.0000000
75	6346.0698	10463.000	324.00000	0.0	0.0	90.0	1.0000000
9	6385.5093	10201.529	315.00000	0.0	0.0	105.0	2.0000000
9	6322.3799	10357.510	315.00000	0.0	0.0	115.0	2.0000000
70	6243.8999	10382.180	326.70999	0.0	0.0	0.0	0.8000000
75	6251.3501	10250.770	324.00000	0.0	0.0	45.0	1.0000000
120	6067.0801	10499.398	324.00000	0.0	0.0	45.0	0.6000000
9	6224.4097	10514.510	315.00000	0.0	0.0	125.0	2.0000000
76	6752.5903	9259.530	325.21411	0.0	0.0	135.0	0.2000000
127	6394.4800	9887.690	333.20743	0.0	0.0	-585.0	2.0000000
101	6511.3701	10062.260	324.00000	0.0	0.0	25.0	0.8000000
75	6504.7295	9959.049	324.00000	0.0	0.0	45.0	1.0000000
77	6504.4761	9764.290	324.00000	-20.0	0.0	-450.0	0.3000000
75	6316.6494	9839.609	328.84778	0.0	0.0	45.0	1.0000000
9	6417.6201	9850.560	315.00000	0.0	0.0	90.0	2.0000000
9	6414.4800	10041.429	315.00000	0.0	0.0	90.0	2.0000000
80	6347.6060	9730.790	324.00000	0.0	0.0	-45.0	0.3000000
120	6221.8496	10017.259	324.13770	0.0	0.0	-45.0	0.6000000
75	6505.5596	9271.650	324.00000	0.0	0.0	45.0	1.0000000
75	6475.5698	9394.120	324.00000	0.0	0.0	45.0	1.0000000
48	6669.9404	9332.200	281.86508	0.0	0.0	45.0	1.2000000
69	6579.1597	9519.289	268.15518	0.0	0.0	-40.0	1.6000000
48	6383.6099	9533.290	259.98087	0.0	0.0	-45.0	1.5000000
120	6373.9092	9599.080	324.00000	0.0	0.0	-45.0	0.6000000
9	6603.4399	9323.479	315.00000	0.0	0.0	120.0	2.0000000
9	6525.4692	9503.380	315.00000	0.0	0.0	110.0	2.0000000
9	6459.0303	9658.989	315.00000	0.0	0.0	110.0	2.0000000
28	12280.0586	9041.209	380.00000	0.0	0.0	20.0	0.5000000
70	12280.2402	9026.749	379.00000	0.0	0.0	0.0	0.7000000
12	12648.3691	9133.037	171.23230	0.0	0.0	0.0	1.1500000
13	12360.7773	9127.555	358.00000	0.0	0.0	-360.0	1.1500000
18	12389.9990	9232.999	380.00000	0.0	0.0	270.0	1.3000000
17	12342.1992	9005.713	381.00000	0.0	0.0	197.5	0.9000000
15	12062.9902	8828.381	379.00000	0.0	0.0	37.5	1.2200000
15	12203.7852	8918.237	379.00000	0.0	0.0	27.5	1.2200000
28	12174.2695	8977.780	380.00000	0.0	0.0	25.0	0.5000000
28	11959.9590	8835.830	380.00000	0.0	0.0	25.0	0.5000000
28	11920.7891	8821.149	380.00000	0.0	0.0	50.0	0.5000000
70	12184.9697	8974.698	379.49997	0.0	0.0	-90.0	0.7000000
70	12093.0293	8922.020	379.49997	0.0	0.0	45.0	0.7000000
70	12010.8994	8867.160	379.49997	0.0	0.0	0.0	0.7000000
10	12067.0000	9000.000	385.00000	0.0	0.0	31.5	1.2900000
28	12064.2803	8911.190	380.00000	0.0	0.0	25.0	0.5000000
17	11922.5186	8746.582	381.00000	0.0	0.0	132.5	0.9000000
70	11927.9590	8805.729	379.49997	0.0	0.0	90.0	0.7000000
13	11809.9170	8807.935	358.00000	0.0	0.0	47.0	1.1500000
20	11450.0000	9150.000	0.00000	0.0	0.0	130.0	1.0000000
49	11400.0000	9100.000	5.00000	0.0	0.0	-45.0	0.5100000
71	11325.8496	8832.629	0.00000	0.0	0.0	0.0	1.0000000
49	11250.0000	9150.000	5.00000	0.0	0.0	0.0	0.7100000
49	11150.0000	9050.000	5.00000	0.0	0.0	0.0	0.7100000
49	10950.0000	9050.000	5.00000	0.0	0.0	0.0	0.7100000
103	11250.0000	8950.000	0.00000	0.0	0.0	-110.0	0.6800000
35	11793.2900	8684.949	380.00000	0.0	0.0	-306.0	1.0000000
17	11766.6104	8542.220	381.00000	0.0	0.0	244.0	0.9000000
28	11658.5898	8397.280	380.00000	0.0	0.0	65.0	0.5000000
70	11672.1797	8412.050	379.49997	0.0	0.0	-45.0	0.7000000
70	11709.0801	8506.900	379.49997	0.0	0.0	0.0	0.7000000
10	11634.0000	8523.000	385.00000	0.0	0.0	-295.5	1.2900000
28	11697.5293	8519.438	380.00000	0.0	0.0	65.0	0.5000000
95	11086.9092	8691.960	0.00000	0.0	0.0	-120.0	1.0000000
103	11050.0000	8450.000	0.00000	0.0	0.0	-110.0	0.6800000
0	11111.0215	8690.459	0.00000	0.0	0.0	270.0	1.0000000
0	12552.6699	8169.729	785.00000	0.0	0.0	270.0	0.8000000
36	12422.0195	8284.323	379.49997	0.0	0.0	-270.0	5.0000000
99	12618.0000	8242.000	341.99997	0.0	0.0	-195.0	1.0000000
99	12450.2100	8002.299	342.13495	0.0	0.0	-105.0	1.0000000
70	12502.9492	8197.590	379.49997	0.0	0.0	0.0	0.8000000
75	12506.3799	7988.090	379.49997	0.0	0.0	0.0	1.0000000
75	12432.3398	8132.810	379.49997	0.0	0.0	45.0	1.0000000
75	12563.9268	8260.793	379.49997	0.0	0.0	0.0	1.0000000
36	12415.6006	7821.670	379.49997	0.0	0.0	180.0	5.0000000
70	12501.5391	7902.757	379.49997	0.0	0.0	-90.0	0.8000000
75	12555.1660	7836.356	379.49997	0.0	0.0	0.0	1.0000000
15	11800.8691	7551.376	379.00003	0.0	0.0	119.5	1.2200000
15	11727.5195	8383.371	379.00000	0.0	0.0	69.0	1.2200000
70	11634.6699	8296.340	379.49997	0.0	0.0	45.0	0.7000000
70	11603.1787	8106.620	379.49997	0.0	0.0	-90.0	0.7000000
70	11616.5898	8191.240	379.49997	0.0	0.0	-90.0	0.7000000
13	11529.4512	8225.416	358.00000	0.0	0.0	82.0	1.1500000
15	11681.3926	8222.168	379.00000	0.0	0.0	79.0	1.2200000
17	11636.9473	8064.239	381.00000	0.0	0.0	539.0	0.9000000
28	11628.0391	8273.400	380.00000	0.0	0.0	65.0	0.5000000
28	11593.9697	8154.860	380.00000	0.0	0.0	65.0	0.5000000
28	11567.0498	8110.090	379.00000	0.0	0.0	45.0	0.5000000
71	11091.1094	8210.150	0.00000	0.0	0.0	0.0	1.0000000
20	10951.1494	8248.560	0.00000	0.0	0.0	130.0	1.0000000
120	11013.2402	8318.590	0.00000	0.0	0.0	-405.0	0.6000000
35	11588.9453	7950.480	379.00000	0.0	0.0	-267.5	1.0000000
28	11714.9189	7554.510	380.00000	0.0	0.0	20.0	0.5000000
70	11724.6895	7592.259	379.49997	0.0	0.0	-45.0	0.7000000
70	11643.1104	7789.220	379.49997	0.0	0.0	-90.0	0.7000000
70	11677.5684	7689.310	379.49997	0.0	0.0	0.0	0.7000000
13	11618.0000	7589.000	358.00000	0.0	0.0	115.0	1.1500000
10	11541.0791	7896.590	385.00000	0.0	0.0	-261.7	1.2900000
17	11657.8633	7850.365	381.00003	0.0	0.0	644.5	0.9000000
28	11624.5693	7787.390	380.00000	0.0	0.0	15.0	0.5000000
28	11682.5596	7672.759	380.00000	0.0	0.0	15.0	0.5000000
15	11731.4189	7703.709	379.00000	0.0	0.0	109.5	1.2200000
49	10302.0000	8854.000	9.00000	0.0	0.0	-45.0	0.6100000
49	10619.6299	8526.630	3.91252	0.0	0.0	-45.0	0.6100000
49	10456.0000	8451.120	4.93004	0.0	0.0	-45.0	0.6100000
49	10438.5996	8655.090	8.07000	0.0	0.0	0.0	0.7100000
49	10250.6299	8549.229	8.70897	0.0	0.0	0.0	0.7100000
20	9850.9395	8848.819	3.87000	0.0	0.0	130.0	1.0000000
71	9539.6885	9048.550	0.00000	0.0	0.0	0.0	1.0000000
49	9420.0000	9106.000	11.05884	-7.0	0.0	-45.0	0.6100000
71	10018.5996	8723.020	0.00000	0.0	0.0	0.0	1.0000000
120	10088.0000	8755.000	0.00000	0.0	0.0	-495.0	0.6000000
71	10692.6895	8283.079	0.00000	0.0	0.0	0.0	1.0000000
49	10250.0000	8350.000	5.66467	0.0	0.0	0.0	0.7100000
49	10150.0000	8250.000	2.83834	0.0	0.0	0.0	0.7100000
49	10150.0000	8050.000	0.00000	0.0	0.0	0.0	0.7100000
49	10250.0000	8150.000	0.00000	0.0	0.0	0.0	0.7100000
51	9993.6797	8282.830	0.00000	0.0	0.0	0.0	0.7000000
49	10050.0000	7950.000	7.64084	0.0	0.0	0.0	0.7100000
66	9850.0000	7700.000	0.00000	0.0	0.0	-40.0	1.2000000
15	12312.5713	7127.847	379.00003	0.0	0.0	158.5	1.2200000
17	11869.3828	7402.672	381.00003	0.0	0.0	579.5	0.9000000
28	11797.9893	7405.910	380.00000	0.0	0.0	45.0	0.5000000
70	11810.4600	7407.190	379.49997	0.0	0.0	135.0	0.7000000
15	12163.0840	7202.496	379.00003	0.0	0.0	148.5	1.2200000
28	12130.7100	7139.160	380.00000	0.0	0.0	65.0	0.5000000
70	12129.9297	7155.930	379.49997	0.0	0.0	45.0	0.7000000
70	12030.9199	7216.260	379.49997	0.0	0.0	0.0	0.7000000
70	12215.6895	7110.300	379.49997	0.0	0.0	0.0	0.7000000
10	11810.5352	7314.373	385.00000	0.0	0.0	-228.6	1.2900000
17	12013.4834	7270.116	381.00003	0.0	0.0	683.5	0.9000000
28	12035.4785	7203.689	380.00000	0.0	0.0	45.0	0.5000000
35	11902.1699	7295.049	379.00000	0.0	0.0	-224.0	1.0000000
17	12458.8633	7055.541	381.00003	0.0	0.0	618.5	0.9000000
28	12245.6895	7091.080	380.00000	0.0	0.0	65.0	0.5000000
28	12355.4287	7029.259	379.49997	0.0	0.0	65.0	0.5000000
70	12407.2314	7036.300	379.49997	0.0	0.0	0.0	0.7000000
70	12315.3398	7067.380	379.49997	0.0	0.0	-135.0	0.7000000
10	12346.9990	6972.829	385.00000	0.0	0.0	-196.0	1.2900000
28	12399.1494	7002.630	380.00000	0.0	0.0	75.0	0.5000000
13	12045.0000	7095.000	358.00000	0.0	0.0	-32.0	1.1500000
70	11770.1289	7490.450	379.49997	0.0	0.0	135.0	0.7000000
28	11779.6191	7442.910	380.00000	0.0	0.0	20.0	0.5000000
77	10950.0000	6844.000	324.00000	-15.0	0.0	70.0	0.2300000
77	10968.6299	6765.110	265.70392	-15.0	0.0	160.0	0.2300000
77	11138.6699	6741.379	324.00000	-15.0	0.0	-20.0	0.4000000
77	11059.2998	6756.710	324.00000	-15.0	0.0	160.0	0.3000000
130	11066.1182	6682.890	326.28439	0.0	0.0	45.0	1.0000000
77	11038.8330	6824.920	324.00000	-15.0	0.0	25.0	0.3000000
9	11002.0801	6774.040	315.00000	0.0	0.0	165.0	2.0000000
9	11123.5000	6711.480	315.00000	0.0	0.0	135.0	2.0000000
75	12385.6094	5845.109	331.39716	0.0	0.0	90.0	0.6000000
9	12251.0400	5871.020	315.00000	0.0	0.0	125.0	2.0000000
126	12074.7295	5971.670	339.00000	0.0	0.0	-80.0	2.5999999
69	11850.0000	5850.000	264.00000	0.0	0.0	-40.0	1.6000000
9	12138.5098	5946.528	315.00000	0.0	0.0	160.0	2.0000000
9	11983.3203	5967.040	315.00000	0.0	0.0	180.0	2.0000000
75	11860.6309	6110.270	329.05399	0.0	0.0	90.0	0.6000000
101	11450.8594	6533.960	331.41000	0.0	0.0	0.0	0.9000000
77	11528.6094	6338.929	324.00000	-15.0	0.0	-20.0	0.4000000
77	11672.3896	6255.470	324.00000	-15.0	0.0	125.0	0.3000000
80	11453.4023	6302.000	324.00000	0.0	0.0	540.0	0.3500000
9	11382.1094	6438.020	315.00000	0.0	0.0	135.0	2.0000000
9	11511.8496	6296.040	315.00000	0.0	0.0	130.0	2.0000000
76	11462.7285	6468.400	334.00385	0.0	0.0	135.0	0.1000000
101	11438.0996	6390.090	324.00000	0.0	0.0	0.0	0.7000000
75	10967.2197	6461.339	325.16998	0.0	0.0	45.0	0.6000000
102	10998.4492	6598.250	329.89801	0.0	0.0	45.0	1.0000000
77	11233.3203	6656.630	324.00000	-15.0	0.0	-65.0	0.3000000
77	11169.3096	6666.550	324.00000	-15.0	0.0	160.0	0.3000000
76	11366.2598	6563.920	323.20224	0.0	0.0	135.0	0.2000000
103	11350.0000	6450.000	324.00000	0.0	0.0	0.0	0.5000000
95	11196.8701	6373.470	324.00000	0.0	0.0	315.0	1.0000000
75	11133.0098	6259.470	324.00000	0.0	0.0	90.0	0.6000000
101	11339.6992	6641.540	327.29333	0.0	0.0	0.0	0.7000000
80	11343.3086	6319.770	324.00000	0.0	0.0	495.0	0.3500000
9	11256.0000	6569.000	315.00000	0.0	0.0	132.0	2.0000000
103	11250.0000	6550.000	324.00000	0.0	0.0	0.0	0.5000000
130	11020.8301	6531.124	324.00000	0.0	0.0	45.0	1.0000000
0	11217.4336	6385.883	352.20636	0.0	0.0	0.0	1.0000000
0	11189.7832	6376.263	352.20636	0.0	0.0	0.0	1.0000000
0	11196.4092	6407.417	352.20636	0.0	0.0	0.0	1.0000000
101	11321.0000	6524.000	324.00000	0.0	0.0	0.0	0.5000000
75	11598.0898	5865.730	324.00000	0.0	0.0	45.0	0.8000000
71	11721.7598	5992.220	312.94000	0.0	0.0	0.0	1.0000000
128	11407.0000	6180.000	327.00000	0.0	0.0	-135.0	0.9000000
120	11643.8984	5843.940	324.00000	0.0	0.0	190.0	0.6000000
77	11743.7100	6135.070	318.59494	-15.0	0.0	-20.0	0.3000000
77	11561.3994	6241.550	324.00000	-15.0	0.0	125.0	0.3000000
77	11667.0000	6139.000	324.00000	-15.0	0.0	125.0	0.2000000
77	11722.8701	6216.670	324.00000	-15.0	0.0	-10.0	0.2000000
9	11795.7100	6038.760	315.00000	0.0	0.0	140.0	2.0000000
9	11647.8701	6157.270	315.00000	0.0	0.0	140.0	2.0000000
77	11576.7803	6136.630	231.48000	-15.0	0.0	125.0	0.3000000
80	11602.9199	6057.190	321.77258	0.0	0.0	315.0	0.3000000
120	11214.4502	6201.850	324.37799	0.0	0.0	225.0	0.6000000
75	11298.9482	6216.070	324.00000	0.0	0.0	90.0	0.8000000
60	10387.6201	7119.620	167.00000	0.0	0.0	0.0	1.0000000
75	10754.3086	6897.660	328.91098	0.0	0.0	0.0	0.9000000
48	10810.0898	6882.220	277.99130	0.0	0.0	-135.0	1.3000000
48	10578.0801	6874.879	280.27002	0.0	0.0	-135.0	1.3000000
101	10885.4697	6767.760	324.00000	0.0	0.0	0.0	0.9000000
77	10938.0000	6684.000	332.00000	-15.0	0.0	215.0	0.3000000
20	10750.0000	6750.000	324.00000	10.0	0.0	-1260.0	1.1000000
9	10647.7803	6787.550	315.00000	0.0	0.0	185.0	2.0000000
9	10832.8096	6793.660	315.00000	0.0	0.0	180.0	2.0000000
76	10671.7305	6888.750	327.86469	0.0	0.0	180.0	0.1000000
80	10792.2393	6755.420	328.12863	0.0	0.0	360.0	0.3500000
75	10501.1201	6862.550	324.00000	0.0	0.0	45.0	0.9000000
77	10244.3896	6729.027	325.61307	-15.0	0.0	25.0	0.2300000
77	10165.1299	6691.783	324.00000	-15.0	0.0	25.0	0.3000000
20	10460.4785	6729.220	296.89999	10.0	0.0	-1215.0	1.1000000
48	10336.7402	6775.100	282.94998	0.0	0.0	-135.0	1.3000000
108	10488.5303	6823.210	298.35001	-70.0	0.0	-125.0	1.0000000
80	10426.2695	6713.490	331.63846	0.0	0.0	225.0	0.3500000
9	10494.6582	6742.586	315.00000	0.0	0.0	205.0	2.0000000
76	10431.1504	6825.100	330.46182	0.0	0.0	45.0	0.1000000
101	10652.7295	6579.470	340.00000	0.0	0.0	0.0	0.7000000
104	10899.1787	6416.628	326.00000	0.0	0.0	0.0	0.2500000
108	10550.0000	6650.000	222.00000	0.0	0.0	0.0	1.0000000
49	10723.9902	6636.670	347.00000	0.0	0.0	-45.0	0.6100000
130	10933.3301	6519.750	324.00000	0.0	0.0	-45.0	1.0000000
77	10864.4795	6546.520	324.00000	-15.0	0.0	125.0	0.2500000
49	10596.8203	6519.070	335.00000	0.0	0.0	-90.0	0.5000000
101	10850.9990	6644.000	327.00000	0.0	0.0	0.0	0.7000000
70	10781.2900	6489.620	315.00000	0.0	0.0	45.0	0.6000000
104	10109.5996	6395.160	335.84796	10.0	0.0	45.0	0.3000000
77	10232.3096	6652.479	292.00577	-15.0	0.0	-85.0	0.2000000
101	10350.0000	6650.000	341.00000	0.0	0.0	0.0	0.9000000
77	10162.8887	6628.390	334.00000	-15.0	0.0	-110.0	0.2000000
75	10492.8799	6478.959	325.00000	0.0	0.0	45.0	0.8000000
120	10486.8701	6394.570	331.71545	0.0	0.0	190.0	0.6000000
76	10341.7285	6452.590	330.00000	0.0	0.0	-55.0	0.2000000
9	10154.1396	6609.714	315.00000	0.0	0.0	198.0	2.0000000
9	10338.2598	6671.380	315.00000	0.0	0.0	202.0	2.0000000
77	10148.0000	6545.000	215.00002	0.0	0.0	95.0	0.3000000
49	10435.0986	6582.560	353.91998	0.0	0.0	0.0	0.6100000
76	10381.2197	6359.419	331.48907	0.0	0.0	-55.0	0.1000000
70	10242.7090	6543.010	338.07999	0.0	0.0	-45.0	0.8000000
80	10290.4590	6331.370	324.00000	0.0	0.0	315.0	0.3000000
80	10224.2900	6437.630	334.00000	0.0	0.0	405.0	0.4000000
80	10322.8398	6551.660	352.42648	0.0	0.0	450.0	0.3000000
75	10636.5000	5854.409	336.65994	0.0	0.0	45.0	0.8000000
80	10726.1699	5912.230	324.00000	0.0	0.0	315.0	0.3000000
71	10428.8594	6245.198	320.16541	0.0	0.0	0.0	1.0000000
9	9993.9600	6548.500	317.44492	0.0	0.0	205.0	2.0000000
75	9876.2002	6372.580	334.19730	0.0	0.0	45.0	0.7000000
127	9693.9990	6340.000	329.00000	0.0	0.0	90.0	1.7000000
130	9713.5498	6398.540	332.38745	0.0	0.0	45.0	1.7000000
77	10070.4902	6645.755	324.42032	-15.0	0.0	5.0	0.4000000
77	10010.6904	6603.706	323.99963	-15.0	0.0	75.0	0.4000000
77	10049.8301	6516.750	224.40605	0.0	0.0	50.0	0.4000000
77	9901.9902	6564.680	324.00000	-15.0	0.0	50.0	0.3000000
77	9853.7695	6511.670	324.00000	-15.0	0.0	70.0	0.2300000
77	9912.7100	6475.500	324.00000	-15.0	0.0	-200.0	0.2000000
9	9716.4199	6341.500	315.00000	0.0	0.0	220.0	2.0000000
9	9850.4492	6447.390	315.00000	0.0	0.0	220.0	2.0000000
77	9947.1904	6454.160	214.99998	0.0	0.0	5.0	0.3000000
77	9851.2793	6433.770	273.23813	-15.0	0.0	-220.0	0.2000000
80	10021.9795	6377.130	339.94766	0.0	0.0	360.0	0.3000000
101	9772.1592	6528.530	333.48999	0.0	0.0	0.0	0.7000000
130	9561.0000	6263.259	324.00000	0.0	0.0	0.0	1.7000000
60	9470.0000	6537.000	166.84439	0.0	0.0	0.0	1.0000000
71	9936.8604	6235.740	318.47000	0.0	0.0	0.0	1.0000000
104	9718.0000	6190.000	337.00000	10.0	0.0	45.0	0.3700000
80	9533.9893	5829.280	324.00000	0.0	0.0	450.0	0.3000000
120	9663.6602	5933.819	324.00000	0.0	0.0	-35.0	0.6000000
75	9627.8398	5856.610	324.00000	0.0	0.0	90.0	0.6000000
77	9531.9102	5941.560	290.00000	-15.0	0.0	-55.0	0.3000000
75	9522.0000	6095.000	325.00000	0.0	0.0	45.0	0.8000000
70	9647.1797	6041.649	319.99997	0.0	0.0	0.0	0.6500000
127	9327.9902	5959.515	324.00000	0.0	0.0	100.0	1.5000000
127	9488.5205	6177.550	324.00000	0.0	0.0	90.0	2.0000000
130	9393.6084	6057.190	324.00000	0.0	0.0	0.0	1.8000000
9	9569.2188	6212.750	315.00000	0.0	0.0	225.0	2.0000000
9	9460.3604	6078.330	315.00000	0.0	0.0	235.0	2.0000000
9	9361.3799	5934.300	315.00000	0.0	0.0	240.0	2.0000000
130	9550.8691	5894.880	324.00000	0.0	0.0	-90.0	1.0000000
75	9399.9600	6194.429	324.00000	0.0	0.0	105.0	0.7000000
49	9150.0000	9150.000	4.96230	0.0	0.0	0.0	0.7100000
49	9050.0000	9050.000	2.69372	0.0	0.0	0.0	0.7100000
49	8850.0000	8850.000	4.57453	0.0	0.0	0.0	0.7100000
49	8950.0000	8950.000	2.62632	0.0	0.0	0.0	0.7100000
66	8600.0000	8600.000	0.00000	0.0	0.0	-55.0	1.2000000
115	8160.0493	7562.620	24.00000	0.0	0.0	45.0	2.0000000
60	7535.3896	7699.500	24.00000	0.0	0.0	0.0	1.0000000
9	6696.4800	9169.720	315.00000	0.0	0.0	120.0	2.0000000
102	6707.1099	9128.179	329.00000	0.0	0.0	55.0	0.9000000
77	7090.4702	8822.439	324.00000	-15.0	0.0	-50.0	0.4000000
77	6950.8799	8946.830	324.00000	-15.0	0.0	-50.0	0.5000000
77	6838.9595	9065.599	324.00000	-15.0	0.0	-5.0	0.4000000
77	6884.0898	9002.370	324.00000	-15.0	0.0	175.0	0.3000000
77	7043.5503	8820.939	324.00000	-15.0	0.0	130.0	0.3000000
77	6956.3799	8856.229	324.00000	-15.0	0.0	130.0	0.2000000
77	6803.0703	9025.830	324.00000	-15.0	0.0	130.0	0.2000000
9	6933.1899	8892.430	315.00000	0.0	0.0	140.0	2.0000000
9	6796.2998	9024.300	315.00000	0.0	0.0	130.0	2.0000000
80	6848.5298	8910.318	324.00000	0.0	0.0	-290.0	0.3500000
75	6772.5298	8959.600	324.00000	0.0	0.0	0.0	0.6000000
77	7108.0596	8750.490	324.00000	-15.0	0.0	175.0	0.2000000
112	7195.7495	8406.384	324.00000	0.0	0.0	-250.0	1.8000000
9	7129.5396	8634.300	315.00000	0.0	0.0	105.0	2.0000000
9	7158.9995	8476.200	315.00000	0.0	0.0	95.0	2.0000000
70	6959.6899	8394.350	324.00000	0.0	0.0	0.0	0.8000000
80	6956.1797	8764.260	324.00000	0.0	0.0	-425.0	0.2500000
75	6892.3394	8809.670	324.00000	0.0	0.0	-45.0	0.7000000
75	6962.9751	8637.916	324.00000	0.0	0.0	90.0	1.0000000
80	7068.8799	8414.590	324.00000	0.0	0.0	-315.0	0.3500000
84	7103.7397	8682.109	324.00000	0.0	0.0	0.0	1.5000000
105	6855.8496	8485.010	325.98511	10.0	0.0	-90.0	1.8000000
105	6948.5098	8508.320	324.00000	10.0	0.0	-180.0	1.5000000
9	7061.0000	8762.000	315.00000	0.0	0.0	130.0	2.0000000
120	6892.6797	8495.550	324.00000	0.0	0.0	90.0	0.6000000
71	6634.7397	9215.500	323.60468	0.0	0.0	0.0	1.0000000
77	6572.3701	8955.350	339.77466	-20.0	0.0	135.0	0.4000000
130	6675.1597	8994.069	339.53589	0.0	0.0	45.0	1.0000000
101	6642.2500	8932.950	332.00000	0.0	0.0	25.0	0.7000000
20	6648.7197	9040.700	324.00000	10.0	0.0	0.0	1.1000000
120	6533.3999	9110.670	326.48712	0.0	0.0	0.0	0.6000000
70	6013.2783	8444.176	319.70395	0.0	0.0	0.0	0.8000000
75	5962.9995	8535.001	324.00000	0.0	0.0	0.0	0.9000000
100	7133.9995	8295.000	296.00000	0.0	0.0	-80.0	3.0000000
124	7196.7397	8103.010	331.16998	0.0	0.0	315.0	0.8000000
9	7177.0830	7972.732	42.00613	0.0	0.0	150.0	2.0000000
75	7298.3198	8008.739	55.00000	0.0	0.0	45.0	0.6000000
9	7168.6699	8303.760	315.00000	0.0	0.0	90.0	2.0000000
9	7141.4399	8196.010	315.00000	0.0	0.0	70.0	2.0000000
124	7234.6299	8190.770	330.12000	0.0	0.0	315.0	0.6000000
120	6762.0303	8001.960	321.45740	0.0	0.0	45.0	0.6000000
104	6747.4097	8045.140	327.95926	0.0	0.0	0.0	0.7000000
80	7060.0000	8170.000	324.00000	0.0	0.0	-405.0	0.3500000
75	6963.1797	8039.689	324.00000	0.0	0.0	45.0	1.0000000
9	7073.3794	7973.630	42.00000	0.0	0.0	105.0	2.0000000
9	6920.1797	7982.760	304.00000	0.0	0.0	55.0	2.0000000
9	7010.0396	8143.500	304.00000	0.0	0.0	55.0	2.0000000
9	7087.4697	8079.709	315.00000	0.0	0.0	60.0	2.0000000
80	7056.0000	8300.999	324.00000	0.0	0.0	-15.0	0.2500000
9	7173.9731	7713.170	42.00613	0.0	0.0	15.0	2.0000000
9	7252.7031	7887.932	42.00613	0.0	0.0	105.0	2.0000000
9	7248.0005	7780.000	42.00000	0.0	0.0	60.0	2.0000000
57	7351.2495	7648.550	52.00000	0.0	0.0	45.0	3.0000000
57	7401.9995	7746.000	52.00000	0.0	0.0	45.0	1.5000000
57	7405.0005	7868.000	52.00000	0.0	0.0	45.0	2.5999999
57	7149.0000	7557.000	52.00000	0.0	0.0	45.0	2.8000000
57	7255.0796	7579.380	52.00000	0.0	0.0	45.0	1.5000000
125	7270.3896	7750.410	60.00000	0.0	0.0	360.0	0.7000000
70	7337.3496	7955.690	57.34204	0.0	0.0	0.0	0.5000000
71	7180.8999	7913.900	57.07766	0.0	0.0	0.0	0.7000000
71	7153.9102	7618.944	54.79891	0.0	0.0	0.0	0.5000000
75	7231.0000	7615.000	55.00000	0.0	0.0	45.0	0.6000000
75	7372.4297	7884.620	55.00000	0.0	0.0	45.0	0.6000000
75	7279.0000	7669.000	55.00000	0.0	0.0	0.0	0.5000000
77	6750.0000	7550.000	324.00000	-20.0	0.0	-500.0	0.2500000
77	6828.9102	7652.660	324.00000	-15.0	0.0	-95.0	0.3000000
77	6957.5601	7763.129	324.00000	-15.0	0.0	-140.0	0.4000000
77	6959.1997	7819.120	257.78998	-15.0	0.0	40.0	0.3000000
9	7061.7324	7720.592	42.00613	0.0	0.0	-30.0	2.0000000
9	7069.5000	7875.590	42.00000	0.0	0.0	60.0	2.0000000
9	6997.3198	7808.450	42.00000	0.0	0.0	15.0	2.0000000
9	6821.4600	7855.560	304.00000	0.0	0.0	55.0	2.0000000
57	6996.0000	7585.000	52.00000	0.0	0.0	45.0	1.5000000
52	7072.6572	7776.890	293.76483	0.0	0.0	55.0	2.0000000
52	6847.0000	7533.000	273.00000	0.0	0.0	36.0	3.0000000
112	7083.9995	7707.000	55.00000	0.0	0.0	605.0	1.2000000
84	7080.7900	7954.250	324.00000	0.0	0.0	0.0	1.5000000
9	6683.4038	7599.479	315.00000	0.0	0.0	30.0	2.0000000
9	6992.8003	7916.310	315.00000	0.0	0.0	65.0	2.0000000
9	6911.0693	7798.640	315.00000	0.0	0.0	55.0	2.0000000
9	6798.3696	7673.500	315.00000	0.0	0.0	45.0	2.0000000
70	6865.5977	7913.563	324.00000	0.0	0.0	0.0	0.8000000
71	6758.7563	7768.816	324.00000	0.0	0.0	0.0	1.0000000
70	6987.9194	7651.459	53.88000	0.0	0.0	0.0	0.5000000
126	5829.5098	8120.790	333.00000	0.0	0.0	-180.0	2.5999999
120	5955.7295	8053.790	324.00000	0.0	0.0	-45.0	0.6000000
75	5979.5186	8123.040	321.59772	0.0	0.0	90.0	1.0000000
9	5856.5195	8097.830	315.00000	0.0	0.0	250.0	2.0000000
9	5853.4692	8329.788	315.00000	0.0	0.0	300.0	2.0000000
80	5997.8398	8319.840	324.00000	0.0	0.0	405.0	0.3000000
77	6472.7500	7535.530	272.23999	-20.0	0.0	-275.0	0.2000000
101	6550.0000	7550.000	324.00000	0.0	0.0	25.0	0.8000000
80	6670.0400	7666.109	324.00000	0.0	0.0	-270.0	0.3000000
77	6547.8799	7636.180	324.00000	-20.0	0.0	-320.0	0.2000000
86	6650.0000	7550.000	324.00000	0.0	0.0	0.0	1.3000000
9	6562.0596	7535.670	315.00000	0.0	0.0	30.0	2.0000000
80	6360.0400	7582.989	324.00000	0.0	0.0	-270.0	0.2500000
75	6235.9995	7546.000	324.00000	0.0	0.0	65.0	0.9000000
122	8831.8389	7258.424	24.00000	0.0	0.0	0.0	2.5000000
123	8858.8701	7161.395	24.00000	0.0	0.0	45.0	0.4000000
115	8917.9297	7146.510	38.28000	0.0	0.0	45.0	1.2000000
77	8575.9199	7387.960	23.99000	0.0	0.0	180.0	0.3000000
115	8441.9199	7410.600	24.00000	0.0	0.0	45.0	2.0000000
49	8718.2900	7115.400	31.43499	0.0	0.0	-45.0	0.6100000
6	8744.7900	7211.060	18.00000	0.0	0.0	130.0	2.0000000
6	8620.0293	7333.500	18.00000	0.0	0.0	140.0	2.0000000
6	8479.6191	7426.060	18.00000	0.0	0.0	155.0	2.0000000
120	8576.4697	7297.560	24.00000	0.0	0.0	225.0	0.6000000
122	8776.4492	7326.364	24.00000	0.0	0.0	-135.0	2.2000000
123	8750.2705	7243.484	24.00000	0.0	0.0	90.0	0.3000000
123	8694.2705	7295.484	24.00000	0.0	0.0	0.0	0.4000000
77	8899.1699	6875.000	24.00000	-15.0	0.0	0.0	0.4000000
77	8900.7695	6689.670	20.00000	-10.0	0.0	-285.0	0.4000000
104	8834.0098	6827.080	24.00000	0.0	0.0	0.0	0.2000000
49	8830.1602	7029.210	34.10659	0.0	0.0	0.0	0.6100000
120	8815.6602	6852.610	21.21000	0.0	0.0	180.0	0.6000000
6	8827.3701	6769.570	18.00000	0.0	0.0	75.0	2.0000000
6	8856.9004	6937.169	18.00000	0.0	0.0	85.0	2.0000000
6	8830.8193	7075.500	18.00000	0.0	0.0	110.0	2.0000000
104	8932.0400	6803.870	42.97000	0.0	0.0	0.0	0.3000000
120	8391.0000	6972.000	16.00000	0.0	0.0	270.0	0.4000000
104	8777.0400	6701.320	24.00000	0.0	0.0	0.0	0.4000000
49	8696.8203	6987.500	31.52743	0.0	0.0	0.0	0.4100000
0	8407.4023	6728.019	1.77651	0.0	0.0	0.0	1.0000000
0	8389.7305	6904.088	0.98100	0.0	0.0	0.0	1.0000000
120	8422.0000	6801.000	5.00000	0.0	0.0	360.0	0.3000000
80	8439.6680	6799.790	6.62531	0.0	0.0	-720.0	0.3000000
120	8112.0005	7124.000	9.13039	0.0	0.0	455.0	0.4000000
80	8066.3398	7108.840	14.59841	0.0	0.0	-405.0	0.2000000
124	8366.0000	7464.000	20.00000	-45.0	0.0	-315.0	0.6000000
80	8331.1299	7371.160	24.00000	0.0	0.0	135.0	0.3000000
86	8078.5796	7479.020	24.00000	0.0	0.0	0.0	1.3000000
115	8002.4697	7428.290	23.00000	0.0	0.0	45.0	1.3000000
6	8325.0693	7481.820	18.00000	0.0	0.0	165.0	2.0000000
6	8159.9395	7502.569	18.00000	0.0	0.0	180.0	2.0000000
6	7994.6099	7479.180	18.00000	0.0	0.0	195.0	2.0000000
124	8282.8174	7446.518	23.50000	0.0	0.0	-315.0	0.7000000
74	8304.0693	7480.059	116.63515	0.0	0.0	-395.0	0.1500000
115	8105.9600	7408.919	24.82347	0.0	0.0	45.0	1.0000000
130	8117.8110	7477.000	24.00000	0.0	0.0	75.0	1.2000000
6	7754.0596	7284.459	18.00000	0.0	0.0	230.0	2.0000000
77	7832.5293	7419.160	24.00000	-15.0	0.0	0.0	0.4000000
77	7717.4995	7235.930	24.00000	0.0	0.0	-135.0	0.2500000
102	7724.9199	7343.350	6.31566	0.0	15.0	45.0	0.9000000
120	7905.1597	7401.780	24.00000	0.0	0.0	315.0	0.6000000
7	7646.0000	7107.000	34.00000	0.0	0.0	-360.0	8.3299999
6	7873.0498	7410.440	18.00000	0.0	0.0	220.0	2.0000000
6	7706.3271	7186.638	15.00000	0.0	0.0	-100.0	2.0000000
123	7630.2500	7172.530	24.00000	0.0	0.0	0.0	0.5000000
80	8279.1396	6998.729	0.00000	0.0	0.0	-315.0	0.3000000
120	8246.0000	7053.000	3.00000	0.0	0.0	545.0	0.4000000
120	8083.0000	6736.000	2.00000	0.0	0.0	340.0	0.4000000
0	8170.6108	6917.589	0.00000	0.0	0.0	0.0	1.0000000
0	8257.3467	6820.493	0.00000	0.0	0.0	0.0	1.0000000
0	8337.0898	6859.044	0.00000	0.0	0.0	0.0	1.0000000
0	8328.4463	6718.517	0.00000	0.0	0.0	0.0	1.0000000
0	8222.6904	6712.146	0.00000	0.0	0.0	0.0	1.0000000
120	8067.9497	6944.089	7.00000	0.0	0.0	320.0	0.3000000
0	8155.4731	6830.398	0.00000	0.0	0.0	0.0	1.0000000
0	8139.7178	7050.532	0.00000	0.0	0.0	0.0	1.0000000
0	8251.9404	6902.694	0.00000	0.0	0.0	0.0	1.0000000
0	8215.9111	6779.902	0.00000	0.0	0.0	0.0	1.0000000
0	8297.4551	6784.207	0.00000	0.0	0.0	0.0	1.0000000
80	8059.2695	6847.430	7.00000	0.0	0.0	-405.0	0.2000000
37	7537.9990	7104.000	19.00000	0.0	0.0	-360.0	6.8400002
26	7655.8306	6850.000	24.00000	0.0	0.0	-360.0	4.2500000
35	7739.6187	6849.580	24.00000	0.0	0.0	-990.0	3.5999999
27	7587.1201	6850.000	11.01392	0.0	0.0	90.0	3.5000000
120	8437.0000	6665.000	20.00000	0.0	0.0	270.0	0.4000000
84	8810.0000	6625.000	4.00000	0.0	0.0	0.0	1.0000000
6	8569.2900	6326.670	17.99999	0.0	0.0	50.0	2.0000000
77	8744.6797	6466.820	24.00000	0.0	0.0	90.0	0.3000000
77	8786.6895	6512.370	24.00000	-15.0	0.0	-45.0	0.2000000
6	8666.1699	6453.380	18.00000	0.0	0.0	60.0	2.0000000
6	8762.3496	6614.849	18.00000	0.0	0.0	60.0	2.0000000
120	8606.0703	6452.290	24.00000	0.0	0.0	90.0	0.6000000
76	8716.5400	6369.700	24.00000	0.0	0.0	405.0	0.2000000
80	8647.6094	6313.570	38.00000	0.0	0.0	-180.0	0.3000000
120	8641.1396	6428.290	24.00000	0.0	0.0	-0.0	0.4000000
101	9213.2695	5858.372	329.51001	0.0	0.0	0.0	0.7000000
60	9146.3184	6204.680	166.84436	0.0	0.0	0.0	1.0000000
76	8448.4844	6241.591	23.99894	0.0	0.0	450.0	0.1000000
76	8569.9297	6227.160	24.00000	0.0	0.0	360.0	0.3000000
77	8411.9092	6137.129	24.00000	-15.0	0.0	45.0	0.3000000
77	8496.2695	6170.010	24.00000	0.0	0.0	-135.0	0.2500000
122	8422.2803	6077.189	24.00000	0.0	0.0	-45.0	1.7000000
6	8444.6299	6201.579	18.00000	0.0	0.0	40.0	2.0000000
80	8172.3999	6616.910	0.00000	0.0	0.0	-315.0	0.3000000
80	8371.0000	6623.000	11.00000	0.0	0.0	-720.0	0.2000000
0	8277.9668	6635.065	0.00000	0.0	0.0	0.0	1.0000000
0	8300.8838	6512.404	0.21208	0.0	0.0	0.0	1.0000000
120	8252.0000	6505.000	7.00000	0.0	0.0	325.0	0.4000000
80	8289.3184	6448.420	12.63000	0.0	0.0	-450.0	0.2000000
77	7574.9399	6477.730	29.21000	0.0	0.0	-135.0	0.2500000
115	7580.1401	6541.810	35.23000	0.0	0.0	45.0	1.0000000
76	7539.4097	6380.270	24.00000	0.0	0.0	405.0	0.2000000
120	7629.0796	6403.209	24.00000	0.0	0.0	315.0	0.6000000
7	7644.9995	6593.000	34.00000	0.0	0.0	-540.0	8.3299999
37	7544.9995	6605.000	19.00000	0.0	0.0	0.0	6.8400002
6	7645.8047	6467.377	18.00000	0.0	0.0	260.0	2.0000000
6	7540.5298	6277.500	18.00000	0.0	0.0	220.0	2.0000000
115	8082.1802	5947.020	24.00000	0.0	0.0	45.0	2.0000000
80	8318.3496	6189.079	24.00000	0.0	0.0	-135.0	0.3000000
122	8351.0205	6090.270	24.00000	0.0	0.0	45.0	1.7000000
6	7967.0801	5918.060	18.00000	0.0	0.0	35.0	2.0000000
6	8134.9800	6014.570	18.00000	0.0	0.0	25.0	2.0000000
6	8291.3398	6095.630	18.00000	0.0	0.0	30.0	2.0000000
120	8181.1602	6085.260	24.00000	0.0	0.0	90.0	0.6000000
104	8147.5801	6053.230	24.00000	0.0	0.0	0.0	0.4000000
122	8265.0791	6086.740	24.00000	0.0	0.0	0.0	2.5000000
122	8257.4600	5990.280	24.00000	0.0	0.0	90.0	2.0000000
123	8321.9199	6040.010	24.00000	0.0	0.0	90.0	0.3000000
115	8209.2793	5956.179	38.92000	0.0	0.0	45.0	1.0000000
80	7950.4297	5886.040	24.00000	0.0	0.0	-135.0	0.5000000
120	7850.6089	5834.790	24.00000	0.0	0.0	90.0	0.6000000
7	7435.0000	7107.000	91.00000	0.0	0.0	-360.0	6.9099998
7	7226.0000	7107.000	145.99998	0.0	0.0	-360.0	6.9099998
60	7381.4600	7465.819	24.00000	0.0	0.0	0.0	1.0000000
60	7085.3403	7426.450	31.14651	0.0	0.0	0.0	1.0000000
7	6810.0000	7107.000	253.00000	0.0	0.0	-360.0	6.9099998
7	7018.0000	7107.000	197.99998	0.0	0.0	-360.0	6.9099998
37	7330.0005	7104.000	72.99999	0.0	0.0	-360.0	6.8400002
37	7122.0000	7104.000	126.00000	0.0	0.0	-360.0	6.8400002
27	7115.8164	6850.000	129.86954	0.0	0.0	90.0	3.5000000
27	7272.7266	6850.000	90.28151	0.0	0.0	90.0	3.5000000
27	7430.1904	6850.000	51.05404	0.0	0.0	90.0	3.5000000
37	6705.0005	7104.000	231.00000	0.0	0.0	-360.0	6.8400002
37	6912.9995	7104.000	179.00000	0.0	0.0	-360.0	6.8400002
27	6958.9995	6850.000	168.32175	0.0	0.0	90.0	3.5000000
27	6802.2246	6850.000	208.38899	0.0	0.0	90.0	3.5000000
9	6305.9272	7240.060	315.00000	0.0	0.0	80.0	2.0000000
70	6345.3501	7476.210	321.66739	0.0	0.0	0.0	0.8000000
69	6398.5698	7205.910	276.76752	0.0	0.0	-355.0	1.6000000
75	6349.6196	7327.180	324.00000	0.0	0.0	45.0	1.0000000
77	6550.0000	7450.000	324.00000	-15.0	0.0	-185.0	0.3000000
75	6303.8799	7131.910	324.00000	0.0	0.0	45.0	0.8000000
9	6420.5000	7426.230	315.00000	0.0	0.0	45.0	2.0000000
34	6490.0903	7314.320	331.00000	0.0	0.0	45.0	1.4000000
120	6331.9600	7351.580	324.00000	0.0	0.0	135.0	0.6000000
7	6603.0000	7107.000	300.00000	0.0	0.0	0.0	6.9099998
7	6393.0000	7107.000	348.00000	0.0	0.0	0.0	6.9099998
80	6331.6797	7234.844	324.00000	0.0	0.0	-270.0	0.2500000
80	6438.9702	7401.450	324.00000	0.0	0.0	-270.0	0.3000000
80	5874.0000	7231.000	322.00000	0.0	0.0	-215.0	0.2300000
37	6498.0005	7104.000	285.00000	0.0	0.0	-360.0	6.8400002
9	6283.1025	6698.020	294.10339	0.0	0.0	90.0	2.0000000
9	6281.8013	7022.250	294.10339	0.0	0.0	90.0	2.0000000
26	6379.5654	6850.060	324.00000	0.0	0.0	-180.0	4.2500000
35	6294.5908	6850.000	324.00000	0.0	0.0	-810.0	3.5999999
27	6487.9995	6850.000	287.00000	0.0	0.0	90.0	3.5000000
27	6645.0659	6850.000	247.03412	0.0	0.0	90.0	3.5000000
9	6279.8574	6853.715	294.10339	0.0	0.0	90.0	2.0000000
59	5849.1201	6766.479	322.58002	0.0	0.0	45.0	0.7000000
90	5907.0000	6781.151	325.00000	0.0	0.0	-200.0	1.8000000
90	5840.0889	7084.000	325.00000	0.0	0.0	-170.0	1.4000000
46	5960.0000	6715.000	322.00000	0.0	0.0	-315.0	0.6500000
120	5909.8413	7000.589	325.17880	0.0	0.0	0.0	0.5000000
57	7292.0000	6636.000	66.99999	0.0	0.0	45.0	2.5000000
77	7426.9995	6307.946	24.00000	0.0	0.0	225.0	0.4000000
7	7437.0005	6593.000	91.00000	0.0	0.0	-180.0	6.9099998
37	7331.0000	6605.000	72.99999	0.0	0.0	0.0	6.8400002
37	7123.0005	6605.000	126.00000	0.0	0.0	0.0	6.8400002
7	7228.0000	6593.000	145.99998	0.0	0.0	-180.0	6.9099998
57	7057.6094	6648.510	136.86154	0.0	0.0	45.0	5.0000000
57	6822.7202	6655.490	191.99693	0.0	0.0	45.0	3.0000000
37	6707.0000	6605.000	231.00000	0.0	0.0	0.0	6.8400002
37	6916.0005	6605.000	179.00000	0.0	0.0	0.0	6.8400002
7	6812.9995	6593.000	253.00000	0.0	0.0	-180.0	6.9099998
7	7021.0000	6593.000	197.99998	0.0	0.0	-180.0	6.9099998
71	7151.0000	6044.000	28.00000	15.0	0.0	15.0	0.6000000
20	7208.3398	6093.470	24.00000	10.0	0.0	-495.0	1.0000000
122	7340.1694	6248.640	29.00000	0.0	0.0	-90.0	2.5000000
71	7249.2095	6173.830	29.00000	15.0	0.0	25.0	0.8000000
71	7373.0200	6189.089	20.68000	5.0	0.0	15.0	0.6000000
6	7143.4097	5940.550	18.00000	0.0	0.0	225.0	2.0000000
6	7375.6094	6166.850	18.00000	0.0	0.0	210.0	2.0000000
6	7264.6094	6070.520	18.00000	0.0	0.0	230.0	2.0000000
120	7373.6899	6065.889	24.00000	0.0	0.0	135.0	0.6000000
71	7256.7900	6026.070	24.00000	0.0	0.0	15.0	0.4000000
77	6965.0000	5884.000	24.00000	0.0	0.0	225.0	0.3000000
34	6413.0469	6517.025	331.00000	0.0	0.0	90.0	1.4000000
75	6369.9995	6364.000	334.00000	0.0	0.0	45.0	0.8000000
69	6370.7192	6441.892	274.24997	0.0	0.0	-355.0	1.6000000
80	6290.9800	6574.419	325.35303	0.0	0.0	-135.0	0.3000000
77	6282.8291	6302.120	324.00000	-10.0	0.0	-70.0	0.3000000
52	6418.0098	6516.790	299.15985	0.0	0.0	90.0	2.0000000
52	6377.0000	6316.517	301.39645	0.0	0.0	60.0	1.5000000
57	6587.9995	6631.000	259.00000	0.0	0.0	45.0	4.0000000
7	6393.0000	6593.000	348.00000	0.0	0.0	-180.0	6.9099998
9	6278.3779	6513.062	315.00000	0.0	0.0	87.0	2.0000000
37	6497.0000	6605.000	285.00000	0.0	0.0	0.0	6.8400002
7	6604.0000	6593.000	300.00000	0.0	0.0	-180.0	6.9099998
75	6187.4399	6354.060	331.76999	0.0	0.0	45.0	1.0000000
80	6063.0498	6276.549	332.17725	0.0	0.0	-90.0	0.3000000
71	6211.4922	6493.000	324.00000	0.0	0.0	0.0	1.1000000
75	5986.2798	6298.829	335.71793	0.0	0.0	90.0	0.7000000
120	5880.8896	6304.580	329.39001	0.0	0.0	90.0	0.6000000
70	5870.6201	6283.730	324.48810	0.0	0.0	0.0	0.8000000
9	6243.6899	6375.567	315.00000	0.0	0.0	60.0	2.0000000
52	6286.4512	6183.000	314.00031	0.0	0.0	50.0	1.0000000
75	5867.0000	5887.000	323.00000	0.0	0.0	10.0	1.0000000
80	5896.2998	6125.930	322.27396	0.0	0.0	450.0	0.4000000
29	6081.0000	6145.000	263.19366	0.0	0.0	-315.0	0.4000000
74	6042.0000	6048.407	326.95862	0.0	0.0	-1100.0	0.2700000
74	6143.1401	6049.070	334.52325	0.0	0.0	180.0	0.2300000
77	6198.7798	6220.369	337.00000	-10.0	0.0	-70.0	0.4000000
77	5983.1201	5985.810	324.00000	-10.0	0.0	-160.0	0.4000000
77	6112.8999	6212.359	335.75848	-10.0	0.0	20.0	0.3000000
77	5985.2896	6058.589	336.30386	-10.0	0.0	65.0	0.3000000
76	6017.3398	6163.660	340.92032	0.0	0.0	135.0	0.2000000
9	5919.0000	6025.000	315.00000	0.0	0.0	25.0	2.0000000
9	6019.9097	6101.399	315.00000	0.0	0.0	45.0	2.0000000
9	6146.8496	6250.090	315.00000	0.0	0.0	50.0	2.0000000
101	6095.5000	6007.140	325.51532	0.0	0.0	25.0	0.6000000
74	6188.6299	6130.170	332.67218	0.0	0.0	-1055.0	0.1700000
70	4976.4600	12406.150	374.42999	0.0	0.0	0.0	0.8000000
77	5025.0811	12535.800	357.96820	-20.0	0.0	-360.0	0.2000000
77	5133.4199	12349.140	338.37000	-20.0	0.0	-405.0	0.2000000
75	5127.5293	12566.980	325.54752	0.0	0.0	50.0	0.9000000
20	5043.9585	12251.832	324.00000	0.0	0.0	45.0	1.1000000
71	5190.2700	12231.499	346.57455	15.0	0.0	90.0	1.0000000
75	5297.4897	12388.689	317.75998	0.0	0.0	-45.0	0.9000000
101	5323.5088	12249.437	333.10135	0.0	0.0	25.0	0.7000000
77	5038.0601	12063.698	355.76581	-20.0	0.0	-450.0	0.2000000
75	5141.9800	12067.099	322.68997	0.0	0.0	45.0	1.0000000
120	5176.0000	11992.000	324.93835	0.0	0.0	135.0	0.6000000
101	5103.5107	12150.035	355.58002	0.0	0.0	25.0	0.7000000
101	5046.3682	11949.050	339.29144	0.0	0.0	25.0	0.7000000
75	4946.2998	12269.050	365.67999	0.0	0.0	45.0	1.0000000
77	4848.1992	12344.800	364.00443	-20.0	0.0	-315.0	0.2000000
75	4845.1494	12229.599	382.49997	0.0	0.0	90.0	1.0000000
20	4547.3198	12275.729	255.00000	10.0	0.0	0.0	1.1000000
120	4684.3701	12343.779	338.85001	0.0	0.0	-90.0	0.6000000
101	4911.6431	12532.157	330.54590	0.0	0.0	25.0	0.7000000
101	4616.8989	12348.882	363.01929	0.0	0.0	25.0	0.7000000
77	4448.6401	12434.319	337.44000	-20.0	0.0	-315.0	0.2000000
75	4355.8999	12565.260	332.00000	0.0	0.0	0.0	0.9000000
70	4476.8701	12344.529	359.24121	-15.0	0.0	45.0	0.8000000
120	4321.4399	12602.399	351.31998	0.0	0.0	-180.0	0.6000000
101	4294.1699	12370.198	334.58127	0.0	0.0	25.0	0.7000000
101	4412.3447	12252.391	348.20450	0.0	0.0	25.0	0.7000000
71	4950.0000	11854.965	341.99997	5.0	0.0	0.0	1.0000000
77	4563.8994	11951.420	369.99997	-20.0	0.0	-180.0	0.2000000
70	4688.1274	12164.939	369.81564	0.0	0.0	-45.0	1.0000000
77	4743.6602	12051.720	349.14999	-20.0	0.0	-135.0	0.2000000
101	4816.3550	12151.107	382.49997	0.0	0.0	25.0	0.7000000
75	4964.3398	11994.760	382.00000	0.0	0.0	45.0	1.0000000
71	4944.9800	12137.850	371.33279	0.0	0.0	0.0	1.0000000
75	4622.9551	12024.342	376.64636	0.0	0.0	45.0	1.0000000
120	4623.2798	11939.169	360.64001	0.0	0.0	-45.0	0.6000000
101	4843.3164	12039.333	349.34033	0.0	0.0	25.0	0.7000000
101	4543.0986	11843.797	327.10077	0.0	0.0	25.0	0.7000000
77	4455.7100	12157.069	342.98999	-20.0	0.0	-540.0	0.2000000
120	4364.1299	12184.230	331.76999	0.0	0.0	-180.0	0.6000000
75	5800.1099	11725.600	324.00000	0.0	0.0	45.0	1.0000000
75	5562.2300	11535.119	324.00000	0.0	0.0	45.0	1.0000000
70	5673.7900	11410.370	350.13376	0.0	0.0	0.0	0.8000000
9	5813.7896	11520.439	315.00000	0.0	0.0	85.0	2.0000000
84	5711.8994	11556.254	329.90579	0.0	0.0	0.0	1.5000000
101	4985.0596	11732.130	333.19598	0.0	0.0	25.0	0.7000000
80	5751.9238	11322.640	324.00000	0.0	0.0	270.0	0.4000000
80	5418.7700	10974.729	324.00000	0.0	0.0	270.0	0.4000000
9	5806.1392	11345.399	315.00000	0.0	0.0	90.0	2.0000000
70	5402.2319	11088.111	323.99994	0.0	0.0	0.0	0.8000000
120	5787.8799	11064.220	324.00000	0.0	0.0	180.0	0.6000000
101	5645.6499	11276.780	324.00000	0.0	0.0	25.0	0.8000000
70	5028.5830	10943.947	368.07996	0.0	0.0	0.0	0.8000000
75	5019.5898	11094.410	348.46695	0.0	0.0	45.0	1.0000000
75	5289.5200	11101.720	324.00000	0.0	0.0	90.0	1.0000000
120	5118.3701	11081.328	360.38998	0.0	0.0	180.0	0.6000000
101	5005.4531	11196.762	368.15115	0.0	0.0	25.0	0.7000000
112	4208.1201	11470.789	324.00000	0.0	0.0	-215.0	1.8000000
9	4250.2100	11544.260	315.00000	0.0	0.0	-30.0	2.0000000
120	4262.7100	11543.350	324.00000	0.0	0.0	-315.0	0.6000000
46	4189.3398	11683.790	324.00000	0.0	0.0	0.0	0.4000000
105	4250.0000	10950.000	324.00000	0.0	0.0	0.0	1.9000000
84	4343.9800	11210.779	324.00000	0.0	0.0	0.0	1.5000000
70	4509.1997	11362.700	324.00000	0.0	0.0	0.0	0.8000000
9	4375.3496	11160.329	315.00000	0.0	0.0	-110.0	2.0000000
9	4315.3296	11004.410	315.00000	0.0	0.0	-110.0	2.0000000
9	4399.0698	11367.540	315.00000	0.0	0.0	-75.0	2.0000000
77	3697.0898	12538.559	324.00000	10.0	0.0	-400.0	0.5000000
77	3849.6399	12592.099	324.00000	0.0	0.0	-225.0	0.4000000
84	3735.2100	12378.670	324.00000	0.0	0.0	0.0	1.5000000
120	3886.8796	12306.199	324.00000	0.0	0.0	-225.0	0.6000000
9	3792.3198	12410.249	315.00000	0.0	0.0	-90.0	2.0000000
9	3731.0898	12637.509	315.00000	0.0	0.0	-50.0	2.0000000
75	3974.5801	12363.960	324.00000	0.0	0.0	90.0	0.7000000
70	3741.0000	12037.000	315.00000	0.0	0.0	0.0	0.8000000
9	3728.2798	12221.680	315.00000	0.0	0.0	-120.0	2.0000000
104	3820.0000	12153.000	325.00000	0.0	0.0	0.0	0.3000000
20	3578.7800	12037.100	246.30632	10.0	0.0	-110.0	1.0000000
77	3457.9097	11862.859	324.00000	10.0	0.0	-535.0	0.4000000
122	3550.0000	11950.000	316.00000	0.0	0.0	45.0	2.5000000
69	3624.1399	12137.870	287.39661	0.0	0.0	0.0	1.1000000
120	3527.6699	11850.729	324.00000	0.0	0.0	-225.0	0.6000000
9	3516.2300	11912.160	315.00000	0.0	0.0	-125.0	2.0000000
9	3639.0000	12061.170	315.00000	0.0	0.0	-125.0	2.0000000
75	3636.3398	11967.080	324.00000	0.0	0.0	90.0	0.7000000
60	2916.4983	12398.062	24.00000	0.0	0.0	0.0	1.0000000
77	2583.8799	12274.189	24.00000	20.0	0.0	-245.0	0.4500000
77	2535.0000	12402.000	24.00000	20.0	0.0	190.0	0.3000000
71	2469.6599	12490.640	35.09000	0.0	0.0	0.0	0.7000000
80	2491.5200	12237.739	24.00000	0.0	0.0	-180.0	0.3000000
6	2552.0398	12250.448	18.00000	0.0	0.0	130.0	2.0000000
6	2432.6399	12398.530	18.00000	0.0	0.0	130.0	2.0000000
77	2651.5400	11864.779	24.00000	0.0	0.0	-225.0	0.3500000
77	2651.5098	11984.060	24.00000	0.0	0.0	-200.0	0.4500000
77	2687.2900	12094.600	24.00000	0.0	0.0	-200.0	0.3500000
77	2660.7695	12208.170	24.00000	20.0	0.0	-245.0	0.3500000
77	2558.8098	11853.120	24.00000	20.0	0.0	-110.0	0.2500000
77	2562.4297	11952.000	24.00000	20.0	0.0	-110.0	0.1500000
77	2674.9097	12129.319	24.00000	20.0	0.0	-245.0	0.5500000
77	2559.6997	12140.939	24.00000	0.0	0.0	-20.0	0.2500000
6	2609.9602	12131.534	18.00000	0.0	0.0	96.0	2.0000000
6	2558.2300	11834.399	18.00000	0.0	0.0	55.0	2.0000000
6	2607.2500	11968.940	18.00000	0.0	0.0	80.0	2.0000000
80	2547.0000	12057.999	24.00000	0.0	0.0	-270.0	0.4000000
80	2704.9500	12036.759	34.67355	0.0	0.0	-225.0	0.4000000
77	3921.5020	11434.677	324.00000	-10.0	0.0	-535.0	0.4000000
75	3798.5398	11490.729	324.00000	0.0	0.0	45.0	0.8000000
9	4012.1597	11558.068	315.00000	0.0	0.0	25.0	2.0000000
9	3830.2700	11470.930	315.00000	0.0	0.0	30.0	2.0000000
70	3963.0698	11539.109	324.00000	0.0	0.0	0.0	0.7000000
77	3360.7400	11572.490	328.17999	10.0	0.0	-445.0	0.4000000
108	3359.0400	11740.957	223.00000	0.0	0.0	-195.0	1.0000000
108	3446.9998	11427.000	223.00000	0.0	0.0	-150.0	1.0000000
75	3452.6619	11545.869	324.00000	0.0	0.0	135.0	0.8000000
9	3418.9998	11634.000	315.00000	0.0	0.0	-90.0	2.0000000
9	3463.0000	11521.000	315.00000	0.0	0.0	-55.0	2.0000000
9	3683.4399	11418.630	315.00000	0.0	0.0	5.0	2.0000000
9	3562.1997	11438.330	315.00000	0.0	0.0	-30.0	2.0000000
9	3448.9700	11777.530	315.00000	0.0	0.0	-110.0	2.0000000
120	3510.8799	11649.220	324.00000	0.0	0.0	-180.0	0.6000000
80	3551.1897	11495.129	324.00000	0.0	0.0	-585.0	0.3000000
108	3775.2690	11357.074	223.00000	0.0	0.0	0.0	1.0000000
75	3710.5999	11296.800	324.00000	0.0	0.0	45.0	0.7000000
77	3615.0002	11359.000	324.00000	25.0	0.0	-400.0	0.4000000
77	2605.8599	11765.310	24.00000	20.0	0.0	-270.0	0.2500000
80	2448.0298	11691.100	24.00000	0.0	0.0	-225.0	0.3000000
123	2423.2400	11595.659	24.00000	0.0	0.0	-45.0	0.3000000
80	2488.6201	11786.930	24.00000	0.0	0.0	-270.0	0.3000000
123	2503.0300	11389.920	24.00000	0.0	0.0	-90.0	0.5000000
6	2454.0200	11664.210	18.00000	0.0	0.0	70.0	2.0000000
123	2510.4800	11505.939	24.00000	0.0	0.0	-45.0	0.4000000
122	2544.0601	11683.620	24.00000	0.0	0.0	45.0	2.5000000
77	2880.3799	10998.568	24.00000	20.0	0.0	-180.0	0.2500000
84	2933.0000	10950.000	24.00000	0.0	0.0	-24.9	0.7500000
77	2792.3196	11068.699	24.00000	20.0	0.0	-180.0	0.3500000
77	2791.3796	10980.840	24.00000	20.0	0.0	-90.0	0.2500000
76	2673.2200	11145.359	14.83748	20.0	0.0	160.0	0.3000000
77	2611.4497	11232.560	24.00000	20.0	0.0	-170.0	0.2500000
77	2539.9600	11305.948	24.00000	20.0	0.0	-215.0	0.2000000
80	2430.5598	11266.180	24.00000	0.0	0.0	-225.0	0.3000000
71	2735.9500	10961.399	24.00000	0.0	0.0	0.0	0.7000000
6	2714.4600	11020.319	18.00000	0.0	0.0	135.0	2.0000000
6	2590.7998	11127.560	18.00000	0.0	0.0	135.0	2.0000000
6	2474.5496	11256.210	18.00000	0.0	0.0	125.0	2.0000000
76	2669.6599	11036.110	24.00000	0.0	0.0	205.0	0.2000000
76	2496.2397	11265.599	24.00000	0.0	0.0	160.0	0.1000000
76	2552.5598	11153.979	24.00000	0.0	0.0	205.0	0.1700000
80	2550.8696	11061.750	24.00000	0.0	0.0	-270.0	0.4000000
120	2466.3098	11185.530	24.00000	0.0	0.0	0.0	0.6000000
122	2464.5100	11350.340	24.00000	0.0	0.0	0.0	2.0999999
104	5760.1172	10684.830	325.91998	0.0	0.0	45.0	0.3500000
120	5499.6582	10519.543	323.99994	0.0	0.0	225.0	0.6000000
20	5141.3418	10641.734	324.00000	10.0	0.0	-180.0	1.1000000
71	5039.4189	10755.160	369.91492	0.0	0.0	0.0	1.0000000
75	5149.4160	10856.050	348.30164	0.0	0.0	0.0	1.0000000
104	5230.1401	10649.179	354.00000	15.0	0.0	90.0	0.3500000
70	5369.2998	10670.670	315.82001	0.0	0.0	135.0	0.8000000
122	5243.4702	10759.900	337.39999	0.0	0.0	405.0	2.0999999
75	5463.5996	10151.720	361.05490	0.0	0.0	45.0	1.0000000
101	5535.4390	10336.230	324.00000	0.0	0.0	25.0	0.7000000
80	5584.0298	10413.840	324.00000	0.0	0.0	135.0	0.3000000
20	5341.0298	10151.170	324.00000	0.0	0.0	90.0	1.1000000
126	5143.4980	10366.670	364.70996	0.0	0.0	45.0	2.5999999
127	5073.1699	10222.140	325.00000	0.0	0.0	165.0	2.0000000
126	5091.1802	10497.279	375.51352	0.0	0.0	-90.0	2.5999999
122	4974.9897	10365.829	368.77475	0.0	0.0	225.0	2.0999999
127	5379.9297	10438.710	338.62866	0.0	0.0	-765.0	2.0000000
122	5349.9102	10238.140	360.36902	0.0	0.0	135.0	2.4000001
123	4852.0000	10649.000	339.00000	0.0	0.0	15.0	0.3000000
80	4785.9297	10537.080	349.98633	15.0	0.0	225.0	0.3000000
120	4920.3501	10801.519	335.85907	0.0	0.0	180.0	0.6000000
71	4670.7500	10639.450	315.41000	0.0	0.0	0.0	1.0000000
105	4142.3398	10851.720	329.97485	0.0	0.0	-135.0	2.5000000
75	4399.6802	10892.430	324.00000	0.0	0.0	45.0	0.8000000
70	4156.0000	10554.000	324.00000	0.0	0.0	0.0	0.9000000
105	4250.0000	10750.000	324.00000	0.0	0.0	135.0	1.8000000
120	4322.2998	10827.160	324.00000	0.0	0.0	-225.0	0.6000000
9	4149.5996	10689.510	315.00000	0.0	0.0	-120.0	2.0000000
9	4238.7197	10844.950	315.00000	0.0	0.0	-110.0	2.0000000
105	4162.0000	10705.000	270.27533	0.0	0.0	90.0	1.6000000
20	4852.5991	10456.408	324.00000	0.0	0.0	-45.0	1.1000000
75	4816.3198	10360.600	344.12695	0.0	0.0	-45.0	1.0000000
120	4746.9897	10426.320	343.12210	0.0	0.0	180.0	0.6000000
101	4713.2202	10328.039	328.70483	0.0	0.0	25.0	0.7000000
80	4140.9692	10438.900	324.00000	0.0	0.0	90.0	0.3000000
80	5403.5635	9908.688	336.13928	0.0	0.0	225.0	0.3000000
75	5471.1328	9820.000	330.00000	0.0	0.0	55.0	0.8000000
70	5445.0996	10018.750	377.19678	0.0	0.0	0.0	0.8000000
120	5528.6499	9841.150	341.82751	0.0	0.0	0.0	0.6000000
104	5550.0000	9954.000	347.65201	15.0	0.0	90.0	0.3000000
101	5578.5898	9719.609	327.95999	0.0	0.0	25.0	0.7000000
120	5269.1997	10076.110	358.48645	0.0	0.0	225.0	0.6000000
120	5020.6797	9764.090	324.00000	0.0	0.0	45.0	0.6000000
123	5229.8599	9299.540	43.20000	0.0	0.0	60.0	0.5000000
75	5123.6494	9650.608	324.00000	0.0	0.0	45.0	1.0000000
70	5281.0991	9497.840	317.31003	0.0	0.0	-45.0	0.8000000
9	5142.3599	9387.120	315.00000	0.0	0.0	295.0	2.0000000
77	5090.6694	9313.930	324.00000	-15.0	0.0	-95.0	0.4000000
77	4997.6396	9606.880	324.00000	0.0	0.0	-205.0	0.6000000
77	5019.0000	9439.000	324.00000	-15.0	0.0	-50.0	0.5000000
9	5070.3101	9554.699	315.00000	0.0	0.0	300.0	2.0000000
77	5120.5400	9434.610	233.81999	-15.0	0.0	-50.0	0.3000000
80	5124.0000	9563.000	324.00000	0.0	0.0	225.0	0.4000000
80	5207.5200	9395.420	324.00000	0.0	0.0	135.0	0.3000000
75	4900.8521	9850.830	324.00000	0.0	0.0	0.0	1.0000000
75	4656.7998	9880.910	324.00000	0.0	0.0	45.0	1.0000000
77	4863.6201	9703.170	324.00000	-15.0	0.0	155.0	0.5000000
77	4945.2314	9695.470	324.00000	-15.0	0.0	-5.0	0.3000000
77	4660.8496	9757.210	324.00000	-15.0	0.0	180.0	0.4000000
77	4719.4199	9770.729	324.00000	-15.0	0.0	-5.0	0.3000000
9	4951.7900	9719.630	315.00000	0.0	0.0	320.0	2.0000000
9	4757.4800	9797.060	315.00000	0.0	0.0	-10.0	2.0000000
9	4557.5698	9822.340	315.00000	0.0	0.0	0.0	2.0000000
80	4845.8799	9814.260	324.00000	0.0	0.0	405.0	0.3000000
80	4719.8496	9947.220	324.00000	0.0	0.0	270.0	0.3000000
75	4544.8599	10027.822	324.00000	0.0	0.0	45.0	1.0000000
84	4399.8892	9907.400	324.00000	0.0	0.0	0.0	1.5000000
76	4509.9497	9727.160	324.00000	0.0	0.0	15.0	0.1500000
80	4416.0000	9677.000	329.00000	0.0	0.0	-60.0	0.3000000
120	4127.7197	9765.459	324.00000	0.0	0.0	135.0	0.6000000
120	4521.7197	9946.140	324.00000	0.0	0.0	90.0	0.6000000
9	4352.5801	9747.500	315.00000	0.0	0.0	45.0	2.0000000
9	4228.1899	9664.920	315.00000	0.0	0.0	25.0	2.0000000
70	4165.8359	9725.682	324.00000	0.0	0.0	0.0	0.8000000
104	4293.0601	9598.059	336.64001	0.0	0.0	45.0	0.3500000
86	4046.9087	10641.439	324.00000	0.0	0.0	-150.0	1.3000000
105	4059.8564	10744.270	332.70496	10.0	0.0	-90.0	1.6000000
77	3907.3799	10544.850	324.00000	-20.0	0.0	20.0	0.3000000
9	3997.3899	10529.490	315.00000	0.0	0.0	-135.0	2.0000000
75	4035.1299	10454.650	324.00000	0.0	0.0	45.0	1.0000000
77	3850.1802	10429.079	311.67822	-20.0	0.0	65.0	0.4000000
122	3735.4756	10336.430	324.00000	0.0	0.0	45.0	2.0000000
75	3839.1479	10242.479	324.00000	0.0	0.0	45.0	1.0000000
9	3745.6199	10273.819	315.00000	0.0	0.0	-130.0	2.0000000
9	3873.3799	10413.150	315.00000	0.0	0.0	-130.0	2.0000000
70	3781.8474	10112.193	324.00003	0.0	0.0	0.0	0.8000000
80	3917.2200	10391.729	324.00000	0.0	0.0	135.0	0.4000000
101	3650.1599	10284.450	333.90961	0.0	0.0	25.0	0.8000000
9	3674.9600	10146.549	315.00000	0.0	0.0	-110.0	2.0000000
84	3001.8599	10710.740	24.00000	0.0	0.0	-24.9	1.5000000
84	2983.6699	10853.238	24.00000	0.0	0.0	-24.9	1.1000000
84	2960.2700	10526.870	24.00000	0.0	0.0	-24.9	1.2000000
6	2947.5806	10523.678	18.00000	0.0	0.0	72.0	2.0000000
6	2972.4465	10675.295	18.00000	0.0	0.0	90.0	2.0000000
6	2939.0200	10791.359	18.00000	0.0	0.0	120.0	2.0000000
80	2835.3999	10885.649	24.00000	0.0	0.0	-180.0	0.3000000
115	2721.0698	10596.950	24.00000	0.0	0.0	45.0	1.5000000
6	2837.8699	10904.660	18.00000	0.0	0.0	140.0	2.0000000
120	2674.1399	10893.670	24.00000	0.0	0.0	45.0	0.6000000
77	2884.7800	10238.930	24.00000	20.0	0.0	-225.0	0.2500000
6	2883.5200	10395.070	18.00000	0.0	0.0	55.0	2.0000000
84	2949.0701	10384.550	24.00000	0.0	0.0	-24.9	0.7000000
77	2823.7998	10172.590	24.00000	20.0	0.0	-225.0	0.1500000
120	2725.0100	10297.280	24.00000	0.0	0.0	-45.0	0.6000000
6	2785.6699	10246.699	18.00000	0.0	0.0	60.0	2.0000000
80	2713.5198	10150.630	23.26293	0.0	0.0	-360.0	0.2000000
120	3888.9500	10079.040	324.00000	0.0	0.0	135.0	0.6000000
71	3669.0835	9834.312	324.00000	0.0	0.0	0.0	1.0000000
122	3541.8301	9748.230	324.00000	0.0	0.0	-90.0	2.5000000
127	3591.7698	10001.240	324.00000	0.0	0.0	90.0	2.0000000
9	3622.4998	9668.908	315.00000	0.0	0.0	-80.0	2.0000000
9	3610.2734	9840.130	315.00000	0.0	0.0	-90.0	2.0000000
9	3626.9897	9991.948	315.00000	0.0	0.0	-100.0	2.0000000
71	3927.9736	9632.196	324.00000	0.0	0.0	0.0	1.0000000
80	3754.0000	9443.000	334.00000	0.0	0.0	70.0	0.3000000
127	4060.3198	9549.160	324.00000	0.0	0.0	-135.0	2.0000000
75	3781.5801	9549.689	324.00000	0.0	0.0	45.0	1.0000000
9	4079.8501	9622.989	315.00000	0.0	0.0	10.0	2.0000000
9	3873.9800	9556.199	315.00000	0.0	0.0	30.0	2.0000000
9	3787.0000	9529.000	315.00000	0.0	0.0	-10.0	2.0000000
127	3640.8699	9561.850	351.35608	0.0	0.0	-180.0	2.0000000
120	3683.8894	9624.039	324.00000	0.0	0.0	-315.0	0.6000000
9	3677.0901	9577.020	315.00000	0.0	0.0	-45.0	2.0000000
77	2744.8901	9910.430	24.00000	20.0	0.0	-315.0	0.1500000
77	2680.6099	9839.189	24.00000	20.0	0.0	-315.0	0.2500000
80	2682.7300	10062.739	24.00000	0.0	0.0	-225.0	0.3000000
80	2765.5200	10077.869	24.00000	0.0	0.0	-270.0	0.2000000
102	2808.0000	10080.000	30.00000	0.0	-15.0	90.0	0.6000000
84	2612.3298	9718.760	24.00000	0.0	0.0	20.1	0.8000000
120	2468.7200	9739.760	24.00000	0.0	0.0	315.0	0.6000000
6	2709.4900	10076.909	18.00000	0.0	0.0	72.0	2.0000000
6	2647.5801	9918.280	18.00000	0.0	0.0	65.0	2.0000000
6	2562.3101	9751.444	18.00000	0.0	0.0	64.0	2.0000000
80	2723.6299	9995.439	37.57233	0.0	0.0	-225.0	0.3000000
80	2603.2300	9964.699	24.00000	0.0	0.0	-270.0	0.4000000
84	2628.3499	9453.149	24.00000	0.0	0.0	-24.9	1.5000000
84	2747.8799	9274.660	24.00000	0.0	0.0	20.1	1.1000000
84	2584.7400	9594.658	24.00000	0.0	0.0	-24.9	1.1000000
6	2632.9800	9354.880	18.00000	0.0	0.0	120.0	2.0000000
6	2552.4600	9523.380	18.00000	0.0	0.0	110.0	2.0000000
86	2407.4800	12538.300	24.00000	0.0	0.0	-45.0	1.3000000
77	2267.7600	12642.360	24.00000	20.0	0.0	-155.0	0.3500000
76	2148.6799	12627.129	24.00000	0.0	0.0	405.0	0.2000000
80	2031.4800	12635.000	24.00000	0.0	0.0	-180.0	0.4000000
71	2389.1301	12314.960	24.00000	0.0	0.0	0.0	0.7000000
80	2373.6096	12466.948	25.40000	0.0	0.0	-180.0	0.3000000
6	2321.4700	12512.760	18.00000	0.0	0.0	140.0	2.0000000
6	2192.2000	12585.789	18.00000	0.0	0.0	160.0	2.0000000
120	2263.4199	12415.670	24.00000	0.0	0.0	45.0	0.6000000
71	2307.6599	12546.789	17.43835	0.0	0.0	0.0	0.7000000
131	2171.9600	12527.850	24.00000	0.0	0.0	-690.0	2.0000000
131	2197.9500	12408.810	24.00000	0.0	0.0	-780.0	2.0000000
80	1990.0400	12046.890	24.00000	0.0	0.0	135.0	0.3000000
80	1990.1100	12183.969	24.00000	0.0	0.0	-0.0	0.3000000
80	2075.6099	12076.388	24.00000	0.0	0.0	-180.0	0.4000000
77	947.3900	12410.220	24.00000	0.0	0.0	-270.0	0.4500000
77	885.1500	12327.129	24.00000	0.0	0.0	-270.0	0.3500000
77	840.3998	12234.850	24.00000	0.0	0.0	-135.0	0.2500000
77	884.0000	12521.999	34.00000	0.0	0.0	-405.0	0.5500000
80	947.4000	12225.350	24.00000	0.0	0.0	-405.0	0.4000000
115	1044.1000	12347.940	24.00000	0.0	0.0	45.0	1.1000000
6	976.3599	12626.470	18.00000	0.0	0.0	-90.0	2.0000000
6	931.4299	12248.550	18.00000	0.0	0.0	-110.0	2.0000000
6	966.8491	12439.999	18.00000	0.0	0.0	-95.0	2.0000000
80	989.1300	12564.439	24.00000	0.0	0.0	-495.0	0.3000000
76	1039.9200	12481.279	24.00177	0.0	0.0	205.0	0.1700000
115	1509.1000	11901.379	24.00000	0.0	0.0	45.0	1.1000000
120	1460.4700	11951.350	24.00000	0.0	0.0	25.0	0.6000000
123	809.6578	11945.649	2.09625	0.0	0.0	-225.0	0.4000000
77	848.0699	11822.700	24.00000	0.0	0.0	-90.0	0.2500000
6	909.6000	12096.890	18.00000	0.0	0.0	-90.0	2.0000000
6	909.0400	11898.360	18.00000	0.0	0.0	-90.0	2.0000000
120	965.9300	11993.870	24.00000	0.0	0.0	0.0	0.6000000
123	848.4000	12145.060	24.00000	0.0	0.0	45.0	0.4000000
122	818.7000	11869.720	24.00000	0.0	0.0	-90.0	2.4000001
122	943.3400	11892.510	9.25395	0.0	0.0	-90.0	2.0000000
122	987.1600	11958.620	6.00000	0.0	0.0	-90.0	1.7000000
123	921.7600	11982.699	24.00000	0.0	0.0	0.0	0.3000000
123	1037.4800	12147.399	24.00000	0.0	0.0	0.0	0.2000000
123	2411.0801	11472.689	24.00000	0.0	0.0	-45.0	0.3500000
6	2411.8701	11459.568	18.00000	0.0	0.0	90.0	2.0000000
120	2345.5200	11606.408	24.00000	0.0	0.0	0.0	0.6000000
115	2379.3696	11362.680	24.00000	0.0	0.0	45.0	1.0000000
120	1913.4310	11007.930	24.00000	0.0	0.0	405.0	0.6000000
120	1568.1200	11023.429	24.00000	0.0	0.0	360.0	0.6000000
0	1702.3634	11096.685	0.56722	0.0	0.0	0.0	1.0000000
0	1754.8142	11028.458	6.83000	0.0	0.0	0.0	1.0000000
80	1654.3997	11243.479	24.00000	0.0	0.0	135.0	0.3000000
80	1736.0898	11237.939	24.00000	0.0	0.0	45.0	0.2000000
128	1839.7299	11142.910	24.00000	0.0	0.0	225.0	0.7000000
120	1528.0000	11721.590	24.00000	0.0	0.0	0.0	0.6000000
115	1404.0000	11787.000	24.00000	0.0	0.0	45.0	0.8000000
77	936.6500	11712.350	24.00000	0.0	0.0	-270.0	0.3500000
77	962.5600	11583.738	24.00000	0.0	0.0	-450.0	0.5500000
77	945.7800	11454.520	24.00000	0.0	0.0	-495.0	0.4500000
80	1022.3400	11773.780	24.00000	0.0	0.0	-495.0	0.4000000
120	1051.3700	11519.658	24.00000	0.0	0.0	-45.0	0.6000000
6	954.9900	11787.948	18.00000	0.0	0.0	-55.0	2.0000000
6	1016.8600	11412.700	18.00000	0.0	0.0	-115.0	2.0000000
6	1054.7300	11596.629	18.00000	0.0	0.0	-85.0	2.0000000
77	886.4000	11301.930	24.00000	0.0	0.0	-315.0	0.3500000
20	775.3299	11105.369	24.00000	10.0	0.0	-245.0	1.0000000
71	918.9999	10947.000	24.00000	0.0	0.0	-45.0	0.5000000
80	1002.3600	11318.940	24.00000	0.0	0.0	-405.0	0.4000000
80	1096.2300	11328.220	24.00000	0.0	0.0	-405.0	0.3000000
6	930.1800	11248.100	18.00000	0.0	0.0	-115.0	2.0000000
6	842.4300	11077.779	18.00000	0.0	0.0	-115.0	2.0000000
76	865.1600	11238.479	24.00000	0.0	0.0	205.0	0.1700000
71	964.6000	11117.689	24.00000	0.0	0.0	45.0	0.8000000
57	590.8300	12452.470	504.58356	0.0	0.0	0.0	3.0000000
85	360.4400	12621.389	88.00000	0.0	0.0	0.0	1.0000000
85	383.6931	12499.709	88.00000	0.0	0.0	-45.0	1.0000000
85	303.0400	12327.620	250.00000	0.0	0.0	-135.0	1.0000000
85	411.5914	12299.800	88.00000	0.0	0.0	-45.0	1.0000000
9	368.4500	12387.600	315.00000	0.0	0.0	455.0	2.0000000
9	328.2100	12578.709	315.00000	0.0	0.0	465.0	2.0000000
60	622.0000	12450.999	84.00000	0.0	0.0	0.0	1.0000000
85	259.5389	12332.003	324.00000	0.0	0.0	-270.0	1.0000000
85	248.3411	12266.917	324.00000	0.0	0.0	-270.0	1.0000000
85	235.1700	12464.180	250.00000	0.0	0.0	-135.0	1.0000000
85	238.3700	12576.569	250.00000	0.0	0.0	-135.0	1.0000000
85	61.7300	12477.359	324.00000	0.0	0.0	-270.0	1.0000000
85	391.2228	12149.775	88.00000	0.0	0.0	-45.0	1.0000000
85	357.9328	11968.679	88.00000	0.0	0.0	-45.0	1.0000000
85	386.4290	11801.149	88.00000	0.0	0.0	-45.0	1.0000000
85	372.1600	11981.119	250.00000	0.0	0.0	-135.0	1.0000000
85	343.0000	11814.000	250.00000	0.0	0.0	-135.0	1.0000000
85	328.5400	12167.460	250.00000	0.0	0.0	-135.0	1.0000000
9	366.4100	12210.367	315.00000	0.0	0.0	440.0	2.0000000
9	338.6900	11992.179	315.00000	0.0	0.0	445.0	2.0000000
60	569.3976	12071.999	84.00000	0.0	0.0	0.0	1.0000000
85	30.1800	12134.499	324.00000	0.0	0.0	0.0	1.0000000
85	71.1600	11841.349	324.00000	0.0	0.0	0.0	1.0000000
57	554.8400	11741.080	494.76257	0.0	0.0	0.0	3.0000000
85	433.4071	11637.780	88.00000	0.0	0.0	-45.0	1.0000000
85	447.1163	11465.110	88.00000	0.0	0.0	-45.0	1.0000000
85	360.9200	11518.260	250.00000	0.0	0.0	-135.0	1.0000000
85	354.7800	11669.910	250.00000	0.0	0.0	-135.0	1.0000000
9	351.2900	11774.440	315.00000	0.0	0.0	465.0	2.0000000
9	414.7600	11586.670	315.00000	0.0	0.0	475.0	2.0000000
9	427.1800	11479.030	315.00000	0.0	0.0	430.0	2.0000000
60	628.3400	11701.390	84.00000	0.0	0.0	0.0	1.0000000
85	90.3700	11448.439	324.00000	0.0	0.0	0.0	1.0000000
85	75.4100	11493.200	324.00000	0.0	0.0	-270.0	1.0000000
85	47.8700	11796.830	324.00000	0.0	0.0	-270.0	1.0000000
57	506.0000	11168.000	475.00000	0.0	0.0	0.0	3.0000000
85	352.5400	11241.760	88.00000	0.0	0.0	-45.0	1.0000000
85	279.8776	11065.960	88.00000	0.0	0.0	-45.0	1.0000000
85	391.0200	11331.499	88.00000	0.0	0.0	-90.0	1.0000000
85	344.2900	11318.020	250.00000	0.0	0.0	-135.0	1.0000000
77	702.6700	10949.949	24.00000	0.0	0.0	-270.0	0.2500000
9	345.4300	11327.840	315.00000	0.0	0.0	410.0	2.0000000
60	565.3776	11294.198	83.56300	0.0	0.0	0.0	1.0000000
85	178.0000	11055.000	227.66380	0.0	0.0	-270.0	1.0000000
9	236.0000	11139.999	315.00000	0.0	0.0	435.0	2.0000000
9	205.2600	10969.130	315.00000	0.0	0.0	90.0	2.0000000
85	88.0000	11177.000	250.00000	0.0	0.0	-270.0	1.0000000
85	111.1027	10994.414	324.00000	0.0	0.0	-270.0	1.0000000
120	1998.4816	10658.423	24.00000	0.0	0.0	315.0	0.6000000
80	2122.2861	10896.291	24.00000	0.0	0.0	-360.0	0.3500000
128	2122.0806	10756.747	24.00000	0.0	0.0	-0.0	0.7000000
128	1579.0000	10651.580	24.00000	0.0	0.0	90.0	0.7000000
120	1652.5798	10532.260	24.00000	0.0	0.0	405.0	0.6000000
0	1766.5699	10925.760	0.00000	0.0	0.0	0.0	1.0000000
0	1791.2119	10550.439	2.10917	0.0	0.0	0.0	1.0000000
0	1971.6667	10819.474	4.67398	0.0	0.0	0.0	1.0000000
0	1820.2847	10736.519	0.00000	0.0	0.0	0.0	1.0000000
0	1696.1300	10778.950	0.92880	0.0	0.0	0.0	1.0000000
80	2004.3499	10510.569	24.00000	0.0	0.0	135.0	0.3000000
128	1875.5299	10485.569	21.59042	0.0	0.0	315.0	0.7000000
120	1934.5499	10323.090	24.00000	0.0	0.0	270.0	0.6000000
0	1893.3359	10394.005	1.59939	0.0	0.0	0.0	1.0000000
80	1733.9501	10400.050	23.98810	0.0	0.0	45.0	0.4000000
128	1512.8099	10920.550	24.00000	0.0	0.0	135.0	0.7000000
120	1396.8198	10813.630	23.99000	0.0	0.0	495.0	0.6000000
0	1545.5342	10799.565	0.10420	0.0	0.0	0.0	1.0000000
80	1469.0000	10689.000	24.00000	0.0	0.0	45.0	0.3000000
71	779.0600	10934.100	24.00000	0.0	0.0	0.0	0.6500000
120	786.5499	10851.790	24.00000	0.0	0.0	-45.0	0.6000000
6	757.9600	10918.410	18.00000	0.0	0.0	-115.0	2.0000000
6	727.9600	10792.070	18.00000	0.0	0.0	270.0	2.0000000
6	752.6100	10637.739	18.00000	0.0	0.0	285.0	2.0000000
95	959.2899	10648.189	24.00000	0.0	0.0	45.0	0.8000000
49	1262.2900	10206.499	29.68162	0.0	0.0	-45.0	0.6100000
130	1103.0000	10142.000	24.00000	0.0	0.0	120.0	1.1000000
104	1049.5100	10252.739	25.85000	0.0	0.0	45.0	0.3500000
112	763.5699	10511.890	24.00000	0.0	0.0	272.0	2.0000000
85	917.3400	10236.350	24.00000	0.0	0.0	0.0	1.0000000
102	1058.9200	10090.930	36.75491	0.0	0.0	135.0	0.9000000
120	1088.4800	10217.800	24.00000	0.0	0.0	315.0	0.6000000
6	816.3900	10470.479	18.00000	0.0	0.0	295.0	2.0000000
6	909.8900	10339.930	18.00000	0.0	0.0	315.0	2.0000000
6	1042.3599	10210.540	18.00000	0.0	0.0	315.0	2.0000000
49	947.6100	10448.000	28.22811	0.0	0.0	-90.0	0.5100000
49	928.4100	10332.560	27.80411	0.0	0.0	-45.0	0.5100000
131	952.1600	10450.309	29.60403	0.0	0.0	-600.0	2.0000000
102	1219.0000	10088.000	24.00000	0.0	0.0	160.0	0.7000000
71	1347.7899	10043.720	24.00000	10.0	0.0	45.0	0.5000000
77	1275.1898	9957.510	24.00000	0.0	0.0	-210.0	0.5500000
77	1392.1200	9796.300	24.00000	0.0	0.0	-210.0	0.4500000
80	1534.4999	9688.330	24.00000	0.0	0.0	-45.0	0.6000000
80	1473.6899	9849.409	24.00000	0.0	0.0	-135.0	0.4000000
6	1170.5298	10079.989	18.00000	0.0	0.0	315.0	2.0000000
6	1301.8700	9969.479	18.00000	0.0	0.0	325.0	2.0000000
6	1437.6598	9826.880	18.00000	0.0	0.0	305.0	2.0000000
57	814.0001	9836.000	388.00000	0.0	0.0	0.0	3.0000000
85	724.5000	9691.150	88.00000	0.0	0.0	0.0	1.0000000
77	1354.0000	9523.000	24.00000	0.0	0.0	-120.0	0.5500000
77	1410.7999	9641.260	24.00000	0.0	0.0	-300.0	0.3500000
77	1262.7300	9348.130	24.00000	0.0	0.0	-300.0	0.3000000
115	1337.3300	9289.988	24.00000	0.0	0.0	0.0	1.5000000
120	1452.5499	9475.040	24.00000	0.0	0.0	-45.0	0.6000000
6	1456.5699	9610.929	18.00000	0.0	0.0	245.0	2.0000000
6	1364.2798	9441.489	18.00000	0.0	0.0	245.0	2.0000000
6	1311.7600	9276.990	18.00000	0.0	0.0	-100.0	2.0000000
57	888.1200	9493.520	388.00000	0.0	0.0	0.0	3.0000000
85	739.3700	9525.720	88.00000	0.0	0.0	0.0	1.0000000
9	712.4800	9547.970	315.00000	0.0	0.0	90.0	2.0000000
60	1008.9115	9632.000	84.00000	0.0	0.0	0.0	1.0000000
57	373.3600	10644.580	381.00000	0.0	0.0	0.0	3.0000000
77	675.2400	10870.499	24.00000	0.0	0.0	-270.0	0.3500000
77	634.0699	10812.870	24.00000	15.0	0.0	-405.0	0.2500000
76	644.2499	10711.270	24.00000	0.0	0.0	275.0	0.1700000
60	438.2121	10801.920	24.00000	0.0	0.0	0.0	1.0000000
85	19.6504	10531.559	324.00000	0.0	0.0	-0.0	1.0000000
85	97.0000	10732.999	324.00000	0.0	0.0	0.0	1.0000000
85	261.4100	10782.350	88.00000	0.0	0.0	-45.0	1.0000000
85	263.7323	10585.910	88.00000	0.0	0.0	-45.0	1.0000000
9	199.6400	10784.460	315.00000	0.0	0.0	90.0	2.0000000
9	211.0600	10577.020	315.00000	0.0	0.0	100.0	2.0000000
85	211.8782	10867.167	88.00000	0.0	0.0	0.0	1.0000000
85	168.3700	10735.720	250.00000	0.0	0.0	-270.0	1.0000000
57	472.2899	10385.070	461.21997	0.0	0.0	0.0	3.0000000
85	452.5400	10123.589	88.00000	0.0	0.0	0.0	1.0000000
85	346.9700	10292.130	88.00000	0.0	0.0	0.0	1.0000000
85	315.0298	10383.519	88.00000	0.0	0.0	-45.0	1.0000000
9	347.9300	10183.658	315.00000	0.0	0.0	120.0	2.0000000
60	607.7711	10283.749	24.00000	0.0	0.0	0.0	1.0000000
85	35.0142	10308.120	324.00000	0.0	0.0	-0.0	1.0000000
85	277.8900	10178.830	250.00000	0.0	0.0	0.0	1.0000000
85	183.8800	10357.109	250.00000	0.0	0.0	0.0	1.0000000
85	213.5800	10473.421	250.00000	0.0	0.0	-270.0	1.0000000
9	258.2300	10379.660	315.00000	0.0	0.0	110.0	2.0000000
85	456.2300	9976.069	77.70599	0.0	0.0	-0.0	1.0000000
85	344.8200	9755.390	324.00000	0.0	0.0	-0.0	1.0000000
85	706.1800	9845.439	88.00000	0.0	0.0	0.0	1.0000000
85	556.0500	10011.600	88.00000	0.0	0.0	0.0	1.0000000
85	475.4000	9880.149	250.00000	0.0	0.0	0.0	1.0000000
85	675.4800	9753.130	250.00000	0.0	0.0	-135.0	1.0000000
85	409.7000	10015.760	250.00000	0.0	0.0	0.0	1.0000000
9	604.0000	9857.000	315.00000	0.0	0.0	130.0	2.0000000
9	684.9000	9718.069	315.00000	0.0	0.0	105.0	2.0000000
9	475.0000	10007.999	315.00000	0.0	0.0	130.0	2.0000000
85	75.9700	10088.111	324.00000	0.0	0.0	-0.0	1.0000000
85	231.2866	9917.559	324.00000	0.0	0.0	-0.0	1.0000000
85	61.1700	9731.521	324.00000	0.0	0.0	-0.0	1.0000000
85	373.8400	9501.303	324.00000	0.0	0.0	-0.0	1.0000000
85	693.5300	9544.819	250.00000	0.0	0.0	-135.0	1.0000000
85	657.0200	9317.760	250.00000	0.0	0.0	-135.0	1.0000000
85	697.7000	9336.819	88.00000	0.0	0.0	0.0	1.0000000
9	685.9999	9397.000	315.00000	0.0	0.0	65.0	2.0000000
85	253.4200	9314.629	324.00000	0.0	0.0	-0.0	1.0000000
85	41.3400	9409.070	324.00000	0.0	0.0	-0.0	1.0000000
85	172.0500	9589.820	324.00000	0.0	0.0	-0.0	1.0000000
120	5450.3599	9157.439	324.00000	0.0	0.0	-45.0	0.6000000
70	5488.6567	9015.237	317.71683	0.0	0.0	0.0	0.8000000
71	5421.8794	8824.521	313.25000	0.0	0.0	0.0	1.0000000
123	5250.0000	8850.000	324.00000	0.0	0.0	60.0	0.5000000
123	5350.0000	8950.000	324.00000	0.0	0.0	15.0	0.4000000
122	5350.0000	9150.000	324.00000	0.0	0.0	135.0	2.4000001
123	5150.0000	9150.000	324.00000	0.0	0.0	60.0	0.6000000
122	5250.0000	9050.000	330.00000	0.0	0.0	135.0	1.7000000
122	5150.0000	8950.000	324.00000	0.0	0.0	135.0	2.7000000
80	5335.8701	9053.849	322.35001	0.0	0.0	135.0	0.4000000
75	5267.4902	9165.170	324.00000	0.0	0.0	90.0	1.0000000
75	5144.0454	9053.753	329.75214	0.0	0.0	90.0	0.9000000
9	5261.9199	8846.409	315.00000	0.0	0.0	280.0	2.0000000
9	5245.1094	9021.960	315.00000	0.0	0.0	280.0	2.0000000
9	5215.9692	9209.900	315.00000	0.0	0.0	280.0	2.0000000
123	5250.9092	8966.780	50.03000	0.0	0.0	60.0	0.5000000
71	5773.6797	8681.319	324.00000	0.0	0.0	0.0	0.9000000
84	5789.2100	8486.760	324.00000	0.0	0.0	0.0	1.3000000
9	5442.0000	8687.000	315.00000	0.0	0.0	345.0	2.0000000
69	5627.0000	8614.000	270.57013	0.0	0.0	-40.0	1.6000000
120	5628.5200	8750.450	324.00000	0.0	0.0	60.0	0.6000000
75	5593.2900	8719.620	324.00000	0.0	0.0	0.0	1.0000000
9	5771.8096	8475.310	315.00000	0.0	0.0	300.0	2.0000000
9	5623.1191	8610.479	315.00000	0.0	0.0	335.0	2.0000000
80	5642.2300	8492.420	335.95743	0.0	0.0	405.0	0.3000000
80	5518.9097	8614.351	329.63068	0.0	0.0	495.0	0.4000000
48	5364.4800	8640.920	267.64999	0.0	0.0	45.0	1.1000000
122	5185.4902	8740.860	330.11002	0.0	0.0	90.0	2.0000000
9	5321.9497	8750.570	315.00000	0.0	0.0	315.0	2.0000000
80	5290.3901	8743.560	324.00000	0.0	0.0	225.0	0.3000000
77	4541.5601	8507.020	24.00000	20.0	0.0	130.0	0.4000000
77	4445.1797	8473.289	24.00000	20.0	0.0	175.0	0.5000000
77	4474.9600	8637.490	24.00000	20.0	0.0	175.0	0.3000000
77	4329.7300	8407.399	24.00000	20.0	0.0	175.0	0.2500000
77	4364.4897	8592.698	24.00000	20.0	0.0	175.0	0.4000000
77	4264.3101	8533.200	24.00000	20.0	0.0	175.0	0.2000000
77	4182.0000	8767.000	24.00000	10.0	0.0	-180.0	0.3500000
77	4315.7202	8729.850	24.00000	10.0	0.0	-225.0	0.3000000
115	4218.8999	8643.989	24.00000	0.0	0.0	45.0	1.5000000
120	4121.8799	8592.869	24.00000	0.0	0.0	45.0	0.6000000
6	4449.9834	8512.941	18.00000	0.0	0.0	105.0	2.0000000
6	4371.7798	8606.330	18.00000	0.0	0.0	145.0	2.0000000
6	4230.9897	8671.340	18.00000	0.0	0.0	163.0	2.0000000
77	5515.9502	7868.950	324.00000	-15.0	0.0	-50.0	0.5000000
76	5449.4399	7751.380	324.00000	0.0	0.0	0.0	0.2500000
75	5433.1499	7862.969	325.92996	0.0	0.0	45.0	1.2000000
9	5471.2393	7763.779	315.00000	0.0	0.0	-135.0	2.0000000
9	5573.9702	7838.950	315.00000	0.0	0.0	-160.0	2.0000000
9	5749.0000	7933.000	315.00000	0.0	0.0	-135.0	2.0000000
70	5654.5801	7728.799	316.58405	0.0	0.0	0.0	0.8000000
80	5515.7603	7646.170	324.00000	0.0	0.0	450.0	0.4000000
101	5726.7598	7823.769	327.17410	0.0	0.0	25.0	0.8000000
84	5148.1191	7569.795	332.62454	0.0	0.0	-45.0	1.5000000
77	5354.3101	7668.910	324.00000	0.0	0.0	-205.0	0.5000000
9	5393.7300	7662.880	315.00000	0.0	0.0	-115.0	2.0000000
77	4421.9995	8347.000	24.00000	20.0	0.0	130.0	0.1800000
115	4334.0000	8298.000	24.00000	0.0	0.0	45.0	1.2000000
77	4540.0000	8354.000	24.00000	20.0	0.0	175.0	0.3000000
80	4443.0898	8102.360	31.99921	0.0	0.0	-225.0	0.5000000
77	4399.2300	7988.450	24.00000	0.0	0.0	-135.0	0.2000000
6	4356.8501	8043.069	18.00000	0.0	0.0	65.0	2.0000000
6	4426.6299	8214.170	18.00000	0.0	0.0	70.0	2.0000000
6	4463.6460	8360.470	18.00000	0.0	0.0	85.0	2.0000000
80	4378.2095	8177.109	21.00000	0.0	0.0	-405.0	0.4000000
80	4472.1494	8273.700	33.47618	0.0	0.0	-180.0	0.4000000
77	4213.4302	7684.810	24.00000	0.0	0.0	45.0	0.3000000
77	4281.0693	7798.809	24.00000	0.0	0.0	-90.0	0.4000000
77	4377.9697	7923.790	24.00000	0.0	0.0	-135.0	0.3000000
120	4222.9795	7929.410	24.00000	0.0	0.0	-45.0	0.6000000
6	4280.5698	7882.350	18.00000	0.0	0.0	65.0	2.0000000
6	4196.9702	7772.979	18.00000	0.0	0.0	40.0	2.0000000
80	4321.3599	7842.160	30.48896	0.0	0.0	-135.0	0.4000000
77	3993.1001	8816.450	24.00000	20.0	0.0	-135.0	0.2500000
77	3882.4600	8841.140	24.00000	20.0	0.0	-180.0	0.3500000
77	3744.3298	8829.550	24.00000	20.0	0.0	-135.0	0.3500000
6	3863.8198	8741.910	18.00000	0.0	0.0	175.0	2.0000000
80	4058.2200	8741.990	24.00000	0.0	0.0	-405.0	0.4000000
6	3695.7952	8742.489	18.00000	0.0	0.0	185.0	2.0000000
6	4050.0000	8716.000	18.00000	0.0	0.0	170.0	2.0000000
80	3937.1597	8722.470	24.00000	0.0	0.0	-270.0	0.4000000
77	3609.0000	8802.000	24.00000	20.0	0.0	-135.0	0.2500000
77	3512.6399	8754.270	24.00000	20.0	0.0	-135.0	0.2000000
120	3683.0002	8679.000	24.00000	0.0	0.0	255.0	0.6000000
6	3568.9133	8701.010	18.00000	0.0	0.0	210.0	2.0000000
6	3417.0898	8604.839	18.00000	0.0	0.0	215.0	2.0000000
6	3283.1799	8510.229	18.00000	0.0	0.0	220.0	2.0000000
76	3397.7500	8683.680	24.00000	0.0	0.0	205.0	0.3000000
76	3506.0696	8667.130	24.00000	0.0	0.0	115.0	0.2000000
76	3475.7595	8588.760	24.00000	0.0	0.0	70.0	0.1000000
123	3315.5801	8614.849	24.00000	0.0	0.0	-135.0	0.4000000
123	3324.3999	8527.850	24.00000	0.0	0.0	-45.0	0.3000000
122	3309.1697	8451.290	24.00000	0.0	0.0	45.0	2.0000000
130	2857.6199	8866.060	23.96000	0.0	0.0	-15.0	1.1000000
77	2938.8699	9011.759	24.00000	20.0	0.0	-225.0	0.3500000
77	2944.1799	8868.840	24.00000	20.0	0.0	-225.0	0.2500000
6	2874.0701	8955.710	18.00000	0.0	0.0	90.0	2.0000000
76	2885.3799	9165.050	24.00000	20.0	0.0	160.0	0.2000000
6	2858.9600	8812.430	18.00000	0.0	0.0	80.0	2.0000000
131	2620.4497	9215.229	25.06880	0.0	0.0	-780.0	2.0000000
76	2828.4600	8946.080	24.00000	20.0	0.0	115.0	0.3000000
77	2836.0300	9062.700	24.00000	20.0	0.0	-225.0	0.2000000
6	2837.7297	9081.750	18.00000	0.0	0.0	120.0	2.0000000
6	2740.1499	9204.770	18.00000	0.0	0.0	135.0	2.0000000
77	2941.2898	8774.569	24.00000	10.0	0.0	-180.0	0.2000000
20	2913.1199	8669.040	24.00000	10.0	0.0	-245.0	1.0000000
123	3237.0000	8486.000	9.74360	0.0	0.0	-135.0	0.2500000
71	3035.9197	8391.069	24.00000	0.0	0.0	0.0	0.5000000
104	2854.3896	8452.119	25.42000	0.0	0.0	-45.0	0.2500000
6	2882.7178	8587.314	18.00000	0.0	0.0	115.0	2.0000000
6	3070.2588	8457.970	18.00000	0.0	0.0	180.0	2.0000000
123	3175.0000	8527.000	24.00000	0.0	0.0	-45.0	0.3000000
122	3153.5100	8438.290	24.00000	0.0	0.0	0.0	2.5000000
71	3076.8699	8525.800	24.00000	0.0	0.0	0.0	0.8000000
71	2944.9299	8552.340	24.00000	0.0	0.0	0.0	0.9000000
80	2892.1299	8608.790	24.00000	0.0	0.0	-450.0	0.3000000
120	2496.9600	8448.311	24.00000	0.0	0.0	315.0	0.6000000
115	2500.4299	8426.880	27.59000	0.0	0.0	0.0	1.5000000
80	2805.6399	8630.160	24.00000	0.0	0.0	-270.0	0.3000000
80	2783.7798	8541.350	24.00000	0.0	0.0	-315.0	0.3000000
71	2808.3899	8691.400	24.00000	0.0	0.0	0.0	0.7000000
120	2774.9600	8791.040	24.00000	0.0	0.0	0.0	0.6000000
120	3887.8201	8238.320	24.00000	0.0	0.0	-310.0	0.6000000
80	3472.8000	8031.749	19.49115	0.0	0.0	-315.0	0.4000000
120	3281.7898	7962.839	23.93000	0.0	0.0	315.0	0.6000000
86	4009.0000	7559.000	24.00000	0.0	0.0	0.0	1.3000000
71	4098.0000	7619.000	24.00000	0.0	0.0	0.0	0.9000000
80	4035.8298	7751.100	24.00000	0.0	0.0	-135.0	0.4000000
6	4066.4800	7648.820	18.00000	0.0	0.0	50.0	2.0000000
71	3959.5798	7671.570	24.00000	0.0	0.0	0.0	0.6000000
0	3284.2346	7791.352	0.00000	0.0	0.0	0.0	1.0000000
120	3375.1348	7647.807	24.00000	0.0	0.0	315.0	0.6000000
80	3491.0000	7855.000	24.00000	0.0	0.0	-405.0	0.3000000
120	3159.4099	8344.880	24.00000	0.0	0.0	90.0	0.6000000
0	2908.4546	7556.221	0.00000	0.0	0.0	0.0	1.0000000
0	3119.7878	7696.907	0.00000	0.0	0.0	0.0	1.0000000
120	2913.2815	7727.547	6.61138	0.0	0.0	270.0	0.6000000
80	3110.0403	7881.755	24.00000	0.0	0.0	-405.0	0.3000000
80	2949.0100	7810.850	24.00000	0.0	0.0	-450.0	0.2000000
131	2426.2200	7542.250	24.00000	0.0	0.0	-825.0	2.0000000
80	2595.8198	7919.150	20.02466	0.0	0.0	-495.0	0.3000000
0	2430.4712	7787.917	2.89986	0.0	0.0	0.0	1.0000000
0	2754.4746	7534.519	0.00000	0.0	0.0	0.0	1.0000000
80	2457.6399	7604.430	24.00000	0.0	0.0	-450.0	0.2000000
90	5787.0000	7374.178	323.00000	0.0	0.0	-100.0	1.5000000
46	5822.2422	7422.911	322.67490	0.0	0.0	-180.0	0.7000000
90	5534.4595	7181.800	325.00000	0.0	0.0	-50.0	1.4000000
80	5634.4800	7296.590	322.50000	0.0	0.0	-45.0	0.3000000
59	5760.0630	7205.640	324.00000	0.0	0.0	45.0	0.7000000
124	5050.0000	7350.000	324.00000	0.0	0.0	315.0	0.8000000
70	5106.6597	7197.750	324.00000	0.0	0.0	0.0	0.9000000
120	5266.5601	7440.709	325.88565	0.0	0.0	-45.0	0.6000000
75	5387.4897	7490.679	324.00000	0.0	0.0	90.0	1.0000000
9	5101.0200	7441.930	324.00000	0.0	0.0	-160.0	2.0000000
9	4974.3101	7373.080	315.00000	0.0	0.0	-145.0	2.0000000
9	5271.9995	7514.000	315.00000	0.0	0.0	-145.0	2.0000000
124	5150.0000	7350.000	324.00000	0.0	0.0	315.0	0.6000000
90	5621.9995	6876.218	326.00000	0.0	0.0	-275.0	1.4999999
59	5815.0293	6969.820	322.50000	0.0	0.0	45.0	0.7000000
46	5417.6802	6731.050	322.60376	0.0	0.0	-225.0	0.7000000
120	5456.7603	7093.220	322.00000	0.0	0.0	120.0	0.6000000
59	5491.8501	7035.660	322.50000	0.0	0.0	45.0	0.7000000
59	5521.3599	6784.490	322.50000	0.0	0.0	45.0	0.7000000
59	5646.3999	6922.700	324.00000	0.0	0.0	45.0	0.7000000
90	5337.0000	6924.741	325.00000	0.0	0.0	-350.0	1.7000000
80	5250.0000	6920.000	322.00000	0.0	0.0	0.0	0.2000000
92	4848.0200	7346.020	324.00000	0.0	0.0	-45.0	0.6000000
75	4823.7803	7105.180	324.00000	0.0	0.0	45.0	1.0000000
105	4644.9399	7278.862	332.77145	10.0	0.0	-180.0	1.8000000
75	4571.5098	7231.859	333.09000	0.0	0.0	45.0	1.0000000
9	4631.4600	7105.070	315.00000	0.0	0.0	260.0	2.0000000
9	4667.5098	7174.319	315.00000	0.0	0.0	-150.0	2.0000000
9	4838.5200	7272.359	315.00000	0.0	0.0	-140.0	2.0000000
9	4703.8428	6860.290	315.00000	0.0	0.0	-45.0	2.0000000
92	4730.5498	6749.129	329.19153	0.0	0.0	45.0	0.6000000
80	4971.7598	6696.210	324.00000	0.0	0.0	540.0	0.3000000
105	4599.5098	6822.149	334.01373	10.0	0.0	-45.0	1.6000000
92	4570.9028	7079.000	329.17584	0.0	0.0	0.0	0.6000000
9	4825.8599	6747.899	315.00000	0.0	0.0	-40.0	2.0000000
9	4638.3101	6968.090	315.00000	0.0	0.0	-80.0	2.0000000
90	5576.0000	6564.000	325.00000	0.0	0.0	-280.0	1.8000000
80	5795.8696	6616.930	322.00000	0.0	0.0	-75.0	0.2500000
80	5494.0000	6539.000	323.00000	0.0	0.0	-180.0	0.2000000
80	5564.0000	6453.000	323.00000	0.0	0.0	-270.0	0.2500000
59	5607.0298	6597.640	322.50000	0.0	0.0	45.0	0.7000000
75	5335.2598	6306.190	324.00000	0.0	0.0	45.0	1.0000000
120	5136.0000	6619.604	324.00000	0.0	0.0	55.0	0.6000000
75	5042.8198	6598.670	324.00000	0.0	0.0	45.0	1.0000000
112	5016.9897	6450.160	325.75531	0.0	0.0	-250.0	1.8000000
112	5229.2192	6537.930	255.00000	0.0	0.0	-205.0	1.8000000
75	5257.1001	6589.820	324.00000	0.0	0.0	45.0	1.0000000
77	5237.2998	6302.892	251.45000	-15.0	0.0	-160.0	0.3000000
9	5179.7598	6334.430	315.00000	0.0	0.0	-60.0	2.0000000
9	5099.1797	6479.149	315.00000	0.0	0.0	-60.0	2.0000000
70	5221.8398	6413.863	316.10037	0.0	0.0	0.0	0.8000000
80	5170.0698	6332.941	324.00000	0.0	0.0	540.0	0.3000000
75	5765.5400	5861.050	324.73859	0.0	0.0	0.0	0.7000000
76	5674.0991	5890.270	324.00000	0.0	0.0	180.0	0.2000000
105	5454.9395	5955.720	333.25995	10.0	0.0	0.0	1.8000000
75	5683.5801	6078.700	329.32571	0.0	0.0	45.0	1.0000000
120	5523.0000	6201.000	324.00000	0.0	0.0	50.0	0.6000000
20	5754.6475	5944.371	303.00000	15.0	0.0	-360.0	1.1000000
48	5571.1196	5940.220	282.44000	0.0	0.0	45.0	1.3000000
48	5810.4502	6017.809	280.37997	0.0	0.0	45.0	1.1000000
77	5400.2598	6201.460	228.00000	-15.0	0.0	-205.0	0.4000000
9	5761.1001	5977.480	315.00000	0.0	0.0	5.0	2.0000000
9	5495.1763	6062.459	315.00000	0.0	0.0	-35.0	2.0000000
9	5622.6201	5989.000	315.00000	0.0	0.0	-20.0	2.0000000
71	5529.5000	6137.910	324.00000	0.0	0.0	0.0	1.0000000
75	5562.3701	5874.520	324.00000	0.0	0.0	0.0	0.7000000
75	5778.3979	6142.162	324.00000	0.0	0.0	0.0	0.7000000
130	5314.9194	6212.660	324.00000	0.0	0.0	135.0	1.0000000
77	5268.5103	6159.030	324.00000	0.0	0.0	-205.0	0.5000000
77	5156.2900	6237.900	324.00000	-15.0	0.0	-250.0	0.3000000
77	5383.3296	6068.520	324.00000	-15.0	0.0	-160.0	0.4000000
9	5342.5195	6169.490	315.00000	0.0	0.0	-25.0	2.0000000
9	5239.0894	6243.260	315.00000	0.0	0.0	-45.0	2.0000000
9	4957.8101	6641.080	315.00000	0.0	0.0	-35.0	2.0000000
77	4409.5298	6281.870	24.00000	0.0	0.0	0.0	0.3000000
77	4313.7798	6356.420	24.00000	0.0	0.0	0.0	0.5000000
71	4225.1299	6252.810	24.00000	0.0	0.0	0.0	0.7000000
120	4157.9492	6339.799	24.00000	0.0	0.0	45.0	0.6000000
6	4287.9399	6343.540	18.00000	0.0	0.0	130.0	2.0000000
6	4176.0098	6421.370	18.00000	0.0	0.0	155.0	2.0000000
77	4275.3496	6455.560	43.00000	0.0	0.0	0.0	0.2600000
77	4180.2998	6438.180	24.00000	0.0	0.0	0.0	0.1600000
6	4516.8599	5839.640	18.00000	0.0	0.0	125.0	2.0000000
105	4448.0000	5860.000	24.00000	0.0	0.0	0.0	1.5000000
105	4459.7002	6200.700	35.10761	0.0	0.0	0.0	2.0999999
115	4345.0396	6172.550	24.00000	0.0	0.0	45.0	1.0000000
77	4520.7197	5945.740	24.00000	0.0	0.0	-45.0	0.4000000
6	4371.0000	6208.000	18.00000	0.0	0.0	110.0	2.0000000
105	4492.0801	6094.070	24.00000	0.0	0.0	0.0	2.5000000
6	4435.6899	6026.110	18.00000	0.0	0.0	110.0	2.0000000
105	4457.9302	5968.529	24.00000	0.0	0.0	0.0	1.8000000
105	4410.2598	6135.250	24.00000	0.0	0.0	0.0	1.6000000
105	4409.6494	6041.829	24.00000	0.0	0.0	0.0	1.3000000
80	4346.5796	6040.840	24.00000	0.0	0.0	0.0	0.5000000
80	4278.1299	5942.930	24.00000	0.0	0.0	-45.0	0.3000000
80	4251.9502	6155.660	24.00000	0.0	0.0	90.0	0.3000000
6	3809.3201	7354.979	18.00000	0.0	0.0	50.0	2.0000000
77	3751.1135	7147.951	24.00000	0.0	0.0	-90.0	0.5000000
115	3892.7600	7517.630	24.00000	0.0	0.0	45.0	1.4999999
104	3751.7498	7295.380	24.00000	0.0	0.0	-45.0	0.3500000
6	3714.8799	7167.509	18.00000	0.0	0.0	80.0	2.0000000
6	3940.4302	7505.089	18.00000	0.0	0.0	50.0	2.0000000
123	3850.0000	7284.000	24.00000	0.0	0.0	-135.0	0.5000000
123	3869.7197	7386.990	24.00000	0.0	0.0	-90.0	0.4000000
123	3796.9597	7347.510	24.00000	0.0	0.0	-90.0	0.2500000
123	3788.0698	7425.280	24.00000	0.0	0.0	-90.0	0.3000000
71	4017.9600	7465.530	43.41000	0.0	0.0	0.0	0.5000000
80	3291.2800	7456.440	24.00000	0.0	0.0	-405.0	0.3000000
115	3654.1499	7252.489	24.00000	0.0	0.0	45.0	1.3000000
76	3815.1299	6765.090	24.00000	0.0	0.0	135.0	0.4000000
77	3765.9797	7022.140	24.00000	0.0	0.0	-45.0	0.4000000
77	3761.4399	6897.330	24.00000	0.0	0.0	0.0	0.4000000
6	3765.7700	6779.400	18.00000	0.0	0.0	110.0	2.0000000
6	3712.3896	6966.270	18.00000	0.0	0.0	100.0	2.0000000
120	3807.9998	6861.380	42.04140	0.0	0.0	0.0	0.6000000
77	3657.8499	6835.050	24.00000	0.0	0.0	0.0	0.3000000
115	3673.5901	6733.710	24.00000	0.0	0.0	45.0	1.3000000
80	3643.4299	7005.729	24.00000	0.0	0.0	-135.0	0.4000000
120	3628.7097	7006.399	24.00000	0.0	0.0	0.0	0.6000000
120	3147.7512	7326.078	24.00000	0.0	0.0	-45.0	0.6000000
0	3095.4990	7523.485	0.00000	0.0	0.0	0.0	1.0000000
0	3030.9055	7400.518	0.00000	0.0	0.0	0.0	1.0000000
0	2983.2932	7114.628	0.00000	0.0	0.0	0.0	1.0000000
128	2486.8191	7468.998	24.00000	0.0	0.0	-45.0	1.0000000
127	2634.8899	7235.910	24.00000	0.0	0.0	-45.0	2.0000000
80	2786.2900	7293.439	24.00000	0.0	0.0	-315.0	0.3000000
120	2582.7737	7493.880	24.00000	0.0	0.0	0.0	0.6000000
120	2792.8328	7169.176	24.00000	0.0	0.0	-45.0	0.6000000
80	2758.4856	7359.828	24.00000	0.0	0.0	-450.0	0.2000000
131	2554.5918	7356.830	24.00000	0.0	0.0	-780.0	2.0000000
80	3126.9624	7060.650	21.28104	0.0	0.0	-540.0	0.3000000
120	3077.7800	6853.500	3.07406	0.0	0.0	-45.0	0.6000000
0	3105.4229	6709.275	1.30149	0.0	0.0	0.0	1.0000000
0	2972.9399	6973.379	6.38892	0.0	0.0	0.0	1.0000000
80	2917.4700	6763.680	17.73373	0.0	0.0	-315.0	0.3000000
80	3217.2676	6817.489	24.00000	0.0	0.0	45.0	0.2000000
127	2799.6299	6710.229	24.14000	0.0	0.0	-0.0	1.6000000
80	2785.7695	6877.730	24.00000	0.0	0.0	45.0	0.2000000
131	2750.5898	6965.640	24.00000	0.0	0.0	-465.0	2.0000000
84	4090.5898	6558.410	24.00000	0.0	0.0	-24.9	1.5000000
84	3959.2300	6561.880	5.74000	0.0	0.0	-69.9	1.0000000
84	3958.3630	6669.982	24.00000	0.0	0.0	-69.9	1.2000000
6	4014.8098	6479.080	18.00000	0.0	0.0	165.0	2.0000000
6	3852.7698	6602.100	18.00000	0.0	0.0	120.0	2.0000000
104	3863.2454	6385.684	25.86022	0.0	0.0	-45.0	0.3500000
104	3957.1194	6347.840	24.14000	0.0	0.0	-45.0	0.2500000
80	3594.9497	6572.840	24.00000	0.0	0.0	-90.0	0.4000000
128	2914.0601	6570.690	24.00000	0.0	0.0	-135.0	0.9000000
128	3251.7876	6529.000	24.00000	0.0	0.0	0.0	0.8000000
127	3084.0398	6504.120	16.00000	0.0	0.0	15.0	1.0000000
120	3176.3301	6658.470	24.00000	0.0	0.0	-45.0	0.6000000
80	3016.0999	6592.090	24.00000	0.0	0.0	45.0	0.2000000
131	2999.7000	6506.190	24.00000	0.0	0.0	-1095.0	2.0000000
127	2696.4565	6260.975	24.00000	0.0	0.0	180.0	1.6000000
80	2428.2700	6296.370	17.16622	0.0	0.0	0.0	0.3000000
131	2470.3198	6368.110	24.00000	0.0	0.0	-960.0	2.0000000
128	2818.6597	6128.560	24.00000	0.0	0.0	-0.0	0.9000000
80	2599.7500	6202.850	23.65000	0.0	0.0	45.0	0.2500000
0	2481.0000	6100.998	0.23956	0.0	0.0	0.0	1.0000000
120	2651.7500	6051.140	24.00000	0.0	0.0	-45.0	0.6000000
80	2486.7300	5965.540	20.07995	0.0	0.0	45.0	0.3000000
80	1315.8600	9139.849	24.00000	0.0	0.0	-45.0	0.4000000
122	1238.2999	9215.635	24.00000	0.0	0.0	135.0	1.7000000
123	1190.8199	8884.710	24.00000	0.0	0.0	60.0	0.6000000
80	1412.0498	8835.489	24.00000	0.0	0.0	0.0	0.4000000
6	1275.6498	9106.354	18.00000	0.0	0.0	-100.0	2.0000000
6	1240.0499	8917.029	18.00000	0.0	0.0	-100.0	2.0000000
123	1200.7800	9013.460	24.00000	0.0	0.0	-120.0	0.4000000
122	1257.9700	8936.890	24.00000	0.0	0.0	90.0	2.0000000
122	1308.7899	9033.449	24.00000	0.0	0.0	45.0	1.5000000
123	1216.0100	9134.340	24.00000	0.0	0.0	-165.0	0.3000000
60	814.5962	8910.779	24.00000	0.0	0.0	0.0	1.0000000
123	1151.5599	8733.829	24.00000	0.0	0.0	-75.0	0.4000000
120	1195.1899	8578.189	24.00000	0.0	0.0	315.0	0.6000000
6	1201.2700	8728.310	18.00000	0.0	0.0	-100.0	2.0000000
77	923.1700	8424.330	24.00000	0.0	0.0	-345.0	0.3000000
76	1030.0000	8540.000	2.11185	0.0	0.0	45.0	0.2500000
123	1113.0000	8634.000	24.00000	0.0	0.0	60.0	0.2800000
6	1118.4000	8541.809	18.00000	0.0	0.0	-120.0	2.0000000
6	965.1299	8389.750	18.00000	0.0	0.0	-140.0	2.0000000
80	2325.0056	7996.616	24.00000	0.0	0.0	-450.0	0.2000000
120	2308.9099	7716.270	20.09528	0.0	0.0	45.0	0.6000000
120	2320.6299	7901.459	24.00000	0.0	0.0	90.0	0.6000000
80	2261.6799	7848.189	15.04000	0.0	0.0	90.0	0.2000000
127	2237.0496	7644.326	24.00000	0.0	0.0	-0.0	1.6000000
120	1391.6200	8034.220	24.00000	0.0	0.0	-180.0	0.6000000
104	1362.4301	7983.439	26.40653	0.0	0.0	45.0	0.3500000
6	822.9999	8115.000	18.00000	0.0	0.0	260.0	2.0000000
77	779.2400	8127.725	24.00000	0.0	0.0	-255.0	0.3500000
77	835.6900	8283.180	24.00000	0.0	0.0	-300.0	0.5000000
6	872.9600	8270.729	18.00000	0.0	0.0	-115.0	2.0000000
120	859.7999	8134.810	24.00000	0.0	0.0	315.0	0.6000000
120	1299.9900	7687.830	24.00000	0.0	0.0	-155.0	0.6000000
86	767.6700	7579.100	6.00000	0.0	0.0	10.0	1.3000000
77	742.5963	7830.808	24.00000	0.0	0.0	-120.0	0.3500000
104	885.7200	7578.300	26.07587	0.0	0.0	45.0	0.3500000
6	810.9099	7946.890	18.00000	0.0	0.0	270.0	2.0000000
6	804.2800	7756.920	18.00000	0.0	0.0	270.0	2.0000000
6	821.9299	7580.300	18.00000	0.0	0.0	280.0	2.0000000
80	819.5499	7688.440	24.00000	0.0	0.0	90.0	0.4000000
9	532.9827	8835.325	315.00000	0.0	0.0	65.0	2.0000000
85	542.4600	9206.869	125.02551	0.0	0.0	-0.0	1.0000000
85	652.8500	9139.590	88.00000	0.0	0.0	0.0	1.0000000
85	562.0886	9122.850	250.00000	0.0	0.0	-135.0	1.0000000
85	562.8089	8923.840	250.00000	0.0	0.0	-135.0	1.0000000
85	613.4900	8954.949	87.99000	0.0	0.0	-0.0	1.0000000
9	574.0000	9007.657	315.00000	0.0	0.0	80.0	2.0000000
9	612.9999	9202.150	315.00000	0.0	0.0	75.0	2.0000000
85	241.3400	9027.729	324.00000	0.0	0.0	-0.0	1.0000000
85	112.8500	9165.050	324.00000	0.0	0.0	-0.0	1.0000000
85	32.8000	8908.660	324.00000	0.0	0.0	-0.0	1.0000000
85	559.1863	8754.570	88.00000	0.0	0.0	-0.0	1.0000000
57	581.9572	8579.797	388.00000	0.0	0.0	0.0	3.0000000
85	415.9000	8575.350	250.00000	0.0	0.0	-135.0	1.0000000
85	427.3100	8615.920	88.00000	0.0	0.0	-0.0	1.0000000
85	462.9847	8724.077	250.00000	0.0	0.0	-135.0	1.0000000
85	352.0500	8409.870	88.00000	0.0	0.0	-0.0	1.0000000
9	334.2300	8527.700	315.00000	0.0	0.0	70.0	2.0000000
9	444.3900	8697.030	315.00000	0.0	0.0	45.0	2.0000000
85	25.8100	8524.949	324.00000	0.0	0.0	-0.0	1.0000000
85	120.3200	8770.810	324.00000	0.0	0.0	-0.0	1.0000000
57	401.1200	8117.360	470.56488	0.0	0.0	0.0	3.0000000
85	315.3100	8338.364	250.00000	0.0	0.0	-135.0	1.0000000
85	284.9600	8239.963	250.00000	0.0	0.0	-135.0	1.0000000
85	280.7200	8004.807	88.00000	0.0	0.0	-0.0	1.0000000
85	296.0716	8202.000	88.00000	0.0	0.0	-0.0	1.0000000
9	284.9200	8343.190	315.00000	0.0	0.0	80.0	2.0000000
60	569.5926	8306.854	24.00000	0.0	0.0	0.0	1.0000000
85	-3.1500	8081.630	324.00000	0.0	0.0	0.0	1.0000000
85	262.7600	7962.910	250.00000	0.0	0.0	-135.0	1.0000000
9	245.4700	8167.850	315.00000	0.0	0.0	85.0	2.0000000
9	242.5900	7976.480	315.00000	0.0	0.0	98.0	2.0000000
85	53.7178	8299.536	324.00003	0.0	0.0	-0.0	1.0000000
85	316.9006	7615.221	88.00000	0.0	0.0	-0.0	1.0000000
85	301.3600	7797.917	88.00000	0.0	0.0	-0.0	1.0000000
60	506.9822	7762.469	24.00000	0.0	0.0	0.0	1.0000000
85	275.2800	7783.455	250.00000	0.0	0.0	-135.0	1.0000000
85	267.9200	7596.931	250.00000	0.0	0.0	-135.0	1.0000000
85	180.5700	7572.580	86.09000	0.0	0.0	-0.0	1.0000000
85	162.3400	7778.777	102.75000	0.0	0.0	-0.0	1.0000000
9	264.3500	7825.515	315.00000	0.0	0.0	90.0	2.0000000
9	265.5800	7639.180	315.00000	0.0	0.0	90.0	2.0000000
85	26.0496	7791.682	323.99994	0.0	0.0	0.0	1.0000000
85	21.8906	7543.771	323.99994	0.0	0.0	-135.0	1.0000000
127	2197.1899	7170.620	11.02030	0.0	0.0	170.0	2.0000000
80	2006.9299	7314.790	20.13580	0.0	0.0	-135.0	0.3000000
120	2167.1799	7121.750	24.00000	0.0	0.0	-135.0	0.6000000
131	2140.2090	7239.867	24.00000	0.0	0.0	-1005.0	2.0000000
128	1942.8297	7396.790	24.00000	0.0	0.0	90.0	1.0000000
120	1729.3400	7157.870	16.95000	0.0	0.0	-135.0	0.6000000
0	1851.5358	7177.414	0.00000	0.0	0.0	0.0	1.0000000
80	1784.8500	7359.060	15.14000	0.0	0.0	-225.0	0.4000000
80	1637.9299	7268.970	24.00000	0.0	0.0	-90.0	0.3000000
131	1860.7300	7466.620	24.00000	0.0	0.0	-915.0	2.0000000
131	2340.2400	6708.850	24.00000	0.0	0.0	-600.0	2.0000000
127	2287.0200	6861.629	20.88478	0.0	0.0	125.0	1.0000000
120	2302.5500	6750.490	24.00000	0.0	0.0	135.0	0.6000000
0	1998.1968	6793.254	0.43274	0.0	0.0	0.0	1.0000000
0	2119.2290	6860.279	0.00000	0.0	0.0	0.0	1.0000000
0	2008.6697	7010.349	2.08073	0.0	0.0	0.0	1.0000000
80	2324.6001	6992.660	22.51953	0.0	0.0	-180.0	0.3000000
120	1925.6699	6825.529	17.83923	0.0	0.0	-180.0	0.6000000
80	1787.5765	6975.439	18.31782	0.0	0.0	-90.0	0.3000000
77	910.9999	7132.000	24.00000	0.0	0.0	-30.0	0.5500000
77	774.1200	7316.920	24.00000	0.0	0.0	-55.0	0.3500000
115	1112.4900	7287.370	24.00000	0.0	0.0	0.0	1.5000000
6	845.0000	7400.000	18.00000	0.0	0.0	280.0	2.0000000
6	904.7800	7275.390	18.00000	0.0	0.0	310.0	2.0000000
6	1027.8000	7149.600	18.00000	0.0	0.0	320.0	2.0000000
120	980.7300	7257.290	24.00000	0.0	0.0	405.0	0.6000000
80	866.0700	7424.520	24.00000	0.0	0.0	0.0	0.4000000
84	1158.2500	6759.750	24.00000	0.0	0.0	65.1	1.1000000
120	1196.5701	6965.790	24.00000	0.0	0.0	315.0	0.6000000
120	1260.0000	6773.360	24.00000	0.0	0.0	405.0	0.6000000
6	1149.5498	6999.220	18.00000	0.0	0.0	300.0	2.0000000
6	1234.2100	6823.479	18.00000	0.0	0.0	290.0	2.0000000
77	1055.1799	6971.550	24.00000	0.0	0.0	-30.0	0.3500000
80	1112.7200	7101.490	24.00000	0.0	0.0	-90.0	0.5000000
60	788.2628	6730.620	12.73444	0.0	0.0	0.0	1.0000000
128	2382.4500	6592.050	24.00000	0.0	0.0	45.0	1.0000000
127	2356.4900	6480.200	23.99000	0.0	0.0	135.0	2.0000000
0	2080.5930	6301.799	0.43175	0.0	0.0	0.0	1.0000000
0	2078.8770	6654.530	0.00000	0.0	0.0	0.0	1.0000000
120	2153.0400	6413.115	24.00000	0.0	0.0	45.0	0.6000000
80	2222.7324	6529.818	22.59353	0.0	0.0	45.0	0.2500000
80	2336.8298	6331.510	24.00000	0.0	0.0	45.0	0.2500000
80	1839.9099	6635.100	17.60962	0.0	0.0	-180.0	0.4000000
120	1723.7299	6265.810	24.00000	0.0	0.0	-225.0	0.6000000
0	1953.7150	6327.934	0.00000	0.0	0.0	0.0	1.0000000
0	1944.9917	6510.850	0.00000	0.0	0.0	0.0	1.0000000
80	1784.9600	6493.169	19.87539	0.0	0.0	0.0	0.3000000
80	2383.0000	5962.000	22.00000	0.0	0.0	-90.0	0.2000000
0	2243.7329	6100.147	0.00000	0.0	0.0	0.0	1.0000000
0	2241.5923	6185.187	0.00000	0.0	0.0	0.0	1.0000000
0	2107.8320	6151.635	0.00000	0.0	0.0	0.0	1.0000000
120	2138.7000	5944.310	22.65358	0.0	0.0	-90.0	0.6000000
80	1598.0399	5895.470	24.00000	0.0	0.0	45.0	0.2500000
80	1948.0000	5923.000	20.50017	0.0	0.0	-45.0	0.3500000
120	1733.0400	5915.340	20.31848	0.0	0.0	-135.0	0.6000000
0	1927.8118	6159.637	0.00000	0.0	0.0	0.0	1.0000000
0	1814.8627	6062.197	0.00000	0.0	0.0	0.0	1.0000000
80	1659.6599	6050.689	24.00000	0.0	0.0	-45.0	0.2500000
57	769.0400	6624.650	514.62738	0.0	0.0	0.0	3.0000000
84	1180.0099	6594.649	24.00000	0.0	0.0	20.1	1.5000000
6	1268.7000	6634.660	18.00000	0.0	0.0	270.0	2.0000000
6	1188.5601	6433.290	18.00000	0.0	0.0	230.0	2.0000000
77	983.3600	6277.440	24.00000	0.0	0.0	195.0	0.3000000
84	1096.1599	6454.000	24.00000	0.0	0.0	-24.9	1.2000000
60	729.6664	6309.255	94.86249	0.0	0.0	0.0	1.0000000
120	1112.9900	6313.800	24.00000	0.0	0.0	315.0	0.6000000
6	1062.1000	6287.400	18.00000	0.0	0.0	230.0	2.0000000
120	1359.1100	5932.020	24.00000	0.0	0.0	360.0	0.5000000
77	826.6800	5853.209	24.00000	0.0	0.0	105.0	0.2000000
6	908.7499	5987.260	18.00000	0.0	0.0	260.0	2.0000000
20	843.9999	5961.000	24.00000	10.0	0.0	90.0	1.0000000
77	955.1800	6208.970	24.00000	45.0	0.0	195.0	0.3000000
77	894.0599	6073.680	24.00000	25.0	0.0	285.0	0.3000000
6	959.4299	6140.240	18.00000	0.0	0.0	240.0	2.0000000
80	924.1299	5893.270	24.00000	0.0	0.0	-45.0	0.3000000
104	1017.0000	6005.000	25.42648	0.0	0.0	45.0	0.3500000
57	550.6000	7199.010	357.33386	0.0	0.0	0.0	3.0000000
85	282.9300	7269.000	250.00000	0.0	0.0	-0.0	1.0000000
85	316.9600	7411.709	88.00000	0.0	0.0	-0.0	1.0000000
60	636.0400	7117.580	24.00000	0.0	0.0	0.0	1.0000000
85	394.9453	7210.879	88.00000	0.0	0.0	-0.0	1.0000000
9	281.0300	7419.230	315.00000	0.0	0.0	100.0	2.0000000
9	338.5400	7205.070	315.00000	0.0	0.0	110.0	2.0000000
85	257.4200	7441.140	250.00000	0.0	0.0	-0.0	1.0000000
85	56.9008	7235.264	324.00000	0.0	0.0	0.0	1.0000000
9	533.4360	6821.970	315.00000	0.0	0.0	120.0	2.0000000
85	561.0800	6876.610	88.00000	0.0	0.0	-0.0	1.0000000
85	474.1328	7045.930	88.00000	0.0	0.0	-0.0	1.0000000
85	631.5042	6734.780	88.00000	0.0	0.0	-0.0	1.0000000
85	496.5720	6737.180	250.00000	0.0	0.0	-0.0	1.0000000
85	398.4879	6899.000	250.00000	0.0	0.0	-0.0	1.0000000
85	349.9600	7089.022	250.00000	0.0	0.0	-0.0	1.0000000
9	433.6400	6996.580	315.00000	0.0	0.0	120.0	2.0000000
9	577.2100	6688.320	315.00000	0.0	0.0	90.0	2.0000000
85	28.1800	6880.290	324.00000	0.0	0.0	0.0	1.0000000
85	67.5416	7016.594	324.00000	0.0	0.0	0.0	1.0000000
85	212.8504	6768.523	324.00000	0.0	0.0	0.0	1.0000000
85	476.6600	6595.810	250.00000	0.0	0.0	-0.0	1.0000000
85	471.3523	6450.289	250.00000	0.0	0.0	-0.0	1.0000000
85	553.9900	6401.590	88.00000	0.0	0.0	-0.0	1.0000000
85	609.9800	6560.840	88.00000	0.0	0.0	-0.0	1.0000000
85	482.1000	6277.040	88.00000	0.0	0.0	-0.0	1.0000000
9	552.1700	6546.750	315.00000	0.0	0.0	70.0	2.0000000
9	471.0700	6369.140	315.00000	0.0	0.0	60.0	2.0000000
85	227.1000	6595.920	324.00000	0.0	0.0	0.0	1.0000000
85	50.5900	6670.399	324.00000	0.0	0.0	0.0	1.0000000
85	152.7600	6356.170	324.00000	0.0	0.0	0.0	1.0000000
85	74.8529	6453.469	324.00000	0.0	0.0	0.0	1.0000000
9	402.1800	6187.980	315.00000	0.0	0.0	70.0	2.0000000
85	349.5000	5963.990	250.00000	0.0	0.0	-0.0	1.0000000
85	384.7330	6227.660	250.00000	0.0	0.0	-0.0	1.0000000
85	368.8800	5948.470	88.00000	0.0	0.0	-0.0	1.0000000
85	404.6500	6123.580	88.00000	0.0	0.0	-0.0	1.0000000
9	321.1500	5972.859	315.00000	0.0	0.0	80.0	2.0000000
60	554.1834	5887.490	31.36147	0.0	0.0	0.0	1.0000000
85	0.8100	5859.880	324.00000	0.0	0.0	0.0	1.0000000
85	93.5500	6075.609	324.00000	0.0	0.0	0.0	1.0000000
85	275.9900	6142.690	77.71000	0.0	0.0	-0.0	1.0000000
85	59.6395	6202.335	324.00000	0.0	0.0	0.0	1.0000000
77	12281.4404	5475.270	263.57001	-15.0	0.0	170.0	0.2500000
104	12260.6797	5748.170	325.67624	0.0	0.0	0.0	0.3000000
77	12515.9688	5439.949	324.00000	-15.0	0.0	-65.0	0.4000000
77	12373.9199	5771.180	324.00000	-15.0	0.0	125.0	0.3000000
77	12397.6602	5670.050	324.00000	-15.0	0.0	-65.0	0.4000000
77	12497.8496	5519.560	324.00000	-15.0	0.0	115.0	0.5000000
77	12370.9199	5545.650	324.00000	-15.0	0.0	125.0	0.3000000
77	12446.9990	5429.000	324.00000	-15.0	0.0	125.0	0.2000000
77	12343.9990	5667.000	324.00000	-15.0	0.0	125.0	0.2500000
104	12250.0000	5550.000	325.00000	0.0	0.0	0.0	0.4000000
11	12496.7227	5414.103	291.99997	0.0	0.0	55.0	2.0000000
9	12441.2578	5410.195	279.00000	0.0	0.0	-0.0	2.0000000
9	12242.6699	5412.310	279.00000	0.0	0.0	-0.0	2.0000000
9	12470.9590	5420.149	315.00000	0.0	0.0	120.0	2.0000000
9	12377.1367	5557.109	315.00000	0.0	0.0	120.0	2.0000000
9	12311.9854	5738.960	315.00000	0.0	0.0	100.0	2.0000000
71	12002.7393	5794.010	316.00870	0.0	0.0	0.0	1.0000000
80	11852.8096	5759.800	319.25446	0.0	0.0	405.0	0.3000000
9	12050.6797	5411.449	279.00000	0.0	0.0	-0.0	2.0000000
9	11871.1299	5411.850	279.00000	0.0	0.0	-0.0	2.0000000
120	12070.4082	5547.480	324.00000	0.0	0.0	45.0	0.6000000
128	12166.1709	5724.050	324.23999	0.0	0.0	-360.0	0.8000000
128	12152.4619	5674.800	324.23999	0.0	0.0	-90.0	0.8000000
128	12107.0420	5719.160	324.23999	0.0	0.0	-180.0	0.8000000
128	12143.2422	5747.709	324.23999	0.0	0.0	-270.0	0.8000000
75	12145.7295	5585.710	324.00000	0.0	0.0	45.0	0.6000000
75	12016.8682	5647.329	324.00000	0.0	0.0	45.0	0.6000000
75	12038.9795	5544.980	324.00000	0.0	0.0	90.0	0.6000000
71	12316.1992	5317.760	314.12000	0.0	0.0	0.0	1.0000000
77	12573.3447	5335.502	324.00000	-15.0	0.0	-30.0	0.3000000
105	12628.6797	5253.040	332.02271	0.0	0.0	-630.0	1.7000000
105	12627.0000	5043.000	331.68307	0.0	0.0	-630.0	1.5000000
75	12647.5430	5146.230	329.69131	0.0	0.0	90.0	0.8000000
101	12455.0801	5052.480	320.62433	0.0	0.0	0.0	1.0000000
105	12550.0293	5155.440	325.99435	0.0	0.0	-630.0	2.0999999
124	12450.0000	5350.000	324.00000	0.0	0.0	-405.0	0.8000000
65	12437.6670	5103.020	24.00000	0.0	0.0	45.0	0.8000000
19	12635.5049	5150.320	226.78802	0.0	0.0	-135.0	0.5000000
5	12597.3301	5094.820	327.00000	0.0	0.0	85.0	2.0000000
5	12587.6201	5239.239	324.00000	0.0	0.0	100.0	2.0000000
5	12581.7803	5287.000	327.00000	0.0	0.0	99.0	2.0000000
19	12623.7393	5242.140	179.00000	0.0	0.0	-180.0	0.4000000
19	12620.0000	5054.000	198.85898	0.0	0.0	-135.0	0.3000000
124	12527.5762	5294.330	330.01868	-45.0	0.0	-360.0	0.6000000
120	12339.0498	5127.379	324.00000	0.0	0.0	195.0	0.6000000
80	12451.1387	5243.980	324.00000	0.0	0.0	135.0	0.3000000
76	12547.4199	5243.810	324.00000	0.0	0.0	45.0	0.1000000
128	12532.6191	5055.010	324.00000	0.0	0.0	-0.0	0.8000000
80	11746.8203	5816.110	322.02545	0.0	0.0	360.0	0.4000000
129	11721.8066	5393.180	24.41444	-35.0	0.0	-90.0	2.0999999
129	11721.0488	5126.872	48.00000	-35.0	0.0	-90.0	2.0999999
89	11664.9912	5127.000	133.46486	-45.0	0.0	-90.0	2.0000000
128	12455.2295	4942.010	324.00000	0.0	0.0	-45.0	0.8000000
105	12612.9297	4845.489	335.57587	0.0	0.0	-675.0	1.2000000
75	12641.2793	4939.860	332.00000	0.0	0.0	90.0	0.8000000
105	12551.7900	4956.390	324.72745	0.0	0.0	-630.0	1.7000000
75	12392.0098	4919.770	324.00000	0.0	0.0	45.0	0.8000000
80	12257.0088	4619.200	324.00000	0.0	0.0	315.0	0.3000000
86	12350.0000	4950.000	324.00000	0.0	0.0	45.0	1.3000000
9	12433.3896	4647.160	315.00000	0.0	0.0	65.0	2.0000000
77	12483.0957	4646.380	324.00000	-15.0	0.0	-65.0	0.4000000
77	12395.1289	4606.329	323.98999	-15.0	0.0	70.0	0.3000000
76	12565.8496	4760.910	324.00000	0.0	0.0	225.0	0.2000000
105	12498.0000	4547.000	333.51266	0.0	0.0	-630.0	1.7000000
11	12506.6494	4821.490	291.22021	0.0	0.0	110.0	2.0000000
9	12400.9600	4806.150	279.00000	0.0	0.0	180.0	2.0000000
19	12618.0156	4969.439	179.00000	0.0	0.0	-135.0	0.5000000
5	12582.1201	4944.410	327.00000	0.0	0.0	85.0	2.0000000
120	12344.4492	4561.730	324.00000	0.0	0.0	130.0	0.6000000
9	12497.1797	4808.150	315.00000	0.0	0.0	70.0	2.0000000
101	12458.1299	4844.530	325.47000	0.0	0.0	0.0	0.7000000
130	12462.0195	4695.070	324.00000	0.0	0.0	225.0	1.0000000
124	12350.0000	4750.000	324.00000	0.0	0.0	315.0	0.6000000
124	12285.3799	4794.260	342.85999	90.0	0.0	0.0	0.6000000
76	12346.9287	4850.420	324.00000	0.0	0.0	90.0	0.1000000
128	12530.3105	4869.680	324.00000	0.0	0.0	-135.0	0.6000000
75	12299.7422	4907.640	324.00000	0.0	0.0	0.0	0.6000000
101	12218.7900	4874.970	324.00000	0.0	0.0	0.0	0.9000000
9	11994.4297	4805.210	279.00000	0.0	0.0	180.0	2.0000000
9	12201.0859	4801.670	279.00000	0.0	0.0	180.0	2.0000000
9	11818.1797	4804.280	279.00000	0.0	0.0	180.0	2.0000000
77	12360.5586	4512.090	324.00000	-15.0	0.0	-110.0	0.5000000
77	12290.3496	4383.470	324.00000	-15.0	0.0	-155.0	0.4000000
9	12262.0000	4444.000	315.00000	0.0	0.0	22.0	2.0000000
9	12353.3604	4519.530	315.00000	0.0	0.0	50.0	2.0000000
105	12474.4893	4473.850	337.44327	0.0	0.0	-675.0	1.3000000
75	12407.2598	4391.460	331.81000	0.0	0.0	45.0	0.6000000
75	12209.3994	4544.690	324.00000	0.0	0.0	45.0	0.8000000
80	12222.6494	4434.840	324.00000	0.0	0.0	450.0	0.4000000
27	11950.0000	4212.000	287.00000	0.0	0.0	360.0	3.5000000
7	12209.0000	4304.000	337.00000	0.0	0.0	-90.0	8.3299999
37	12205.0000	4184.000	273.00000	0.0	0.0	-90.0	8.0000000
26	11950.0000	4319.670	324.00000	0.0	0.0	90.0	4.2500000
35	11950.0352	4404.089	324.00000	0.0	0.0	-900.0	3.5999999
9	11967.4883	4426.397	295.92743	0.0	0.0	0.0	2.0000000
9	12112.8594	4412.850	295.92743	0.0	0.0	0.0	2.0000000
104	11543.0000	4583.000	324.00000	0.0	0.0	45.0	0.2500000
20	11458.2695	4556.320	305.51999	10.0	0.0	-1125.0	1.1000000
129	11718.4619	4875.599	48.00000	-35.0	0.0	-90.0	2.0999999
104	11450.0693	4653.760	326.54642	0.0	0.0	0.0	0.4000000
101	10994.5098	4951.080	324.00000	0.0	0.0	135.0	0.7000000
101	11138.2900	4719.359	320.29736	15.0	0.0	225.0	0.9000000
120	11295.2402	4741.230	324.00000	0.0	0.0	90.0	0.6000000
101	10965.4756	4839.794	323.75003	15.0	0.0	225.0	0.9000000
101	11022.1543	4748.934	323.75003	15.0	0.0	225.0	1.7000000
9	11322.1553	4591.679	315.00000	0.0	0.0	0.0	2.0000000
80	11288.4502	4657.960	321.96820	0.0	0.0	-450.0	0.3500000
101	11726.6201	4374.091	324.00000	0.0	0.0	-45.0	0.9000000
120	11613.4297	4542.930	324.00000	0.0	0.0	30.0	0.6000000
77	11574.7295	4372.840	324.00000	-15.0	0.0	-200.0	0.5000000
77	11459.6104	4418.740	324.00000	-15.0	0.0	-245.0	0.3500000
77	11633.2891	4437.830	301.77505	-15.0	0.0	-380.0	0.2500000
77	11387.0098	4487.750	324.00000	-15.0	0.0	-290.0	0.2500000
76	11535.5195	4491.320	324.00000	0.0	0.0	135.0	0.2000000
37	11704.0000	4184.000	273.00000	0.0	0.0	-90.0	8.0000000
7	11689.0000	4306.000	337.00000	0.0	0.0	90.0	8.3299999
9	11604.8711	4425.925	315.00000	0.0	0.0	-5.0	2.0000000
9	11514.7900	4464.009	315.00000	0.0	0.0	-50.0	2.0000000
9	11781.1191	4426.530	295.92743	0.0	0.0	0.0	2.0000000
84	11161.0791	4407.270	324.00000	0.0	0.0	170.0	1.6999999
84	11048.8701	4269.710	324.00000	0.0	0.0	215.0	1.4000000
84	11274.6201	4476.460	324.00000	0.0	0.0	125.0	1.5000000
9	11121.5801	4511.980	315.00000	0.0	0.0	45.0	2.0000000
9	10992.7783	4376.650	315.00000	0.0	0.0	50.0	2.0000000
76	11097.8799	4347.050	324.00000	0.0	0.0	315.0	0.1300000
76	11214.0293	4444.170	294.43439	0.0	0.0	225.0	0.1300000
75	11038.0000	4205.353	329.00000	0.0	0.0	65.0	0.7000000
74	10384.1885	5634.750	597.00000	0.0	0.0	-90.0	0.1500000
77	10629.8496	5740.720	357.00000	-15.0	0.0	-15.0	0.3000000
70	10761.9893	5811.109	311.97406	0.0	0.0	0.0	0.8000000
101	10566.6299	5636.000	352.16150	0.0	0.0	0.0	0.9000000
120	10630.3105	5577.170	324.00000	0.0	0.0	135.0	0.6000000
75	10564.4902	5760.040	366.00000	0.0	0.0	45.0	0.7000000
75	10523.0000	5481.000	340.00000	0.0	0.0	45.0	0.6000000
75	10711.9297	5680.375	327.07993	0.0	0.0	0.0	0.7000000
120	10284.3994	5747.709	326.65582	0.0	0.0	45.0	0.6000000
77	10445.7793	5579.899	371.40997	-15.0	0.0	75.0	0.4000000
104	10220.7900	5692.670	328.80505	0.0	0.0	0.0	0.5000000
122	10447.7588	5759.260	338.41943	0.0	0.0	0.0	2.5000000
77	10489.9395	5593.829	188.90999	-15.0	0.0	-105.0	0.4000000
71	10397.0000	5449.000	316.99997	0.0	0.0	0.0	0.8000000
75	10323.0244	5578.926	334.95239	0.0	0.0	45.0	0.7000000
71	9380.7998	5791.490	324.00000	0.0	0.0	0.0	0.7500000
77	9240.8799	5729.409	324.00000	-15.0	0.0	45.0	0.3000000
77	9251.2793	5702.480	232.43001	-15.0	0.0	-180.0	0.2000000
80	9247.8896	5573.230	324.00000	0.0	0.0	315.0	0.3000000
75	9254.4199	5455.210	324.00000	0.0	0.0	45.0	0.9000000
9	9285.4600	5783.280	315.00000	0.0	0.0	250.0	2.0000000
101	9331.3096	5670.590	324.00000	0.0	0.0	0.0	0.7000000
105	9724.7783	5149.810	346.95624	15.0	0.0	-585.0	1.3000000
80	9763.7988	5239.610	326.80145	0.0	0.0	225.0	0.2500000
48	9657.0000	5048.000	300.43600	0.0	0.0	90.0	1.2000000
120	9527.8301	5115.510	329.03152	0.0	0.0	135.0	0.6000000
80	9330.0000	5088.000	328.00000	0.0	0.0	290.0	0.3500000
101	9585.4893	5134.170	337.08655	0.0	0.0	0.0	0.7000000
70	10942.0000	4591.000	327.17728	0.0	0.0	0.0	1.0000000
101	10933.0156	4756.195	324.75003	-20.0	0.0	135.0	1.3000000
120	10789.1494	4623.740	324.00000	0.0	0.0	135.0	0.6000000
104	10714.3291	4681.790	325.88562	0.0	0.0	0.0	0.2000000
71	10762.8193	4478.780	309.62997	0.0	0.0	0.0	1.0000000
77	10919.0898	4308.950	107.93999	-10.0	0.0	90.0	0.6000000
77	10764.4541	4321.690	184.80487	-10.0	0.0	225.0	0.6000000
70	10720.2197	4121.190	337.15182	0.0	0.0	0.0	0.8000000
9	10916.2998	4162.258	315.00000	0.0	0.0	90.0	2.0000000
77	10845.7793	4285.930	235.99998	-10.0	0.0	240.0	0.3000000
0	9750.0000	4650.000	501.94946	0.0	0.0	0.0	1.0000000
34	9395.1699	4641.660	636.40997	0.0	0.0	45.0	1.7000000
120	9789.4795	4945.640	324.00000	0.0	0.0	135.0	0.6000000
75	9741.2793	4961.080	333.28339	0.0	0.0	45.0	0.9000000
132	9750.0000	4650.000	257.00000	0.0	0.0	0.0	1.1000000
128	9764.9883	4547.890	324.00000	0.0	0.0	-90.0	0.9000000
128	9872.0000	4695.000	324.00000	0.0	0.0	-45.0	0.9000000
128	9748.1396	4757.630	324.00000	0.0	0.0	90.0	0.9000000
69	9349.4229	4933.453	303.07394	20.0	0.0	-540.0	1.4000000
70	9325.9990	4795.000	374.00000	-15.0	0.0	0.0	0.8000000
71	9547.3896	4926.570	341.52603	-15.0	0.0	-90.0	1.0000000
120	9633.9092	4629.710	323.00000	0.0	0.0	170.0	0.6000000
105	9661.0000	4852.000	341.34332	15.0	0.0	-630.0	1.5000000
105	9497.0000	4783.000	367.99997	0.0	0.0	-630.0	1.8000001
20	9439.2627	4841.034	324.00000	10.0	0.0	-945.0	1.1000000
100	9303.2744	4579.000	311.00000	0.0	0.0	35.0	5.0000000
101	9617.4600	4789.440	339.11575	0.0	0.0	0.0	0.7000000
101	9556.0195	4629.420	324.01999	0.0	0.0	0.0	0.7000000
71	9338.7002	4421.870	368.73001	0.0	0.0	0.0	1.0000000
48	9343.4199	4251.390	299.10999	15.0	0.0	-360.0	1.2000000
75	9437.4004	4170.560	339.00000	0.0	0.0	45.0	0.8000000
69	9546.0293	4453.000	296.00000	20.0	0.0	-630.0	1.2000000
80	9652.5303	4427.240	324.00000	0.0	0.0	315.0	0.2500000
101	9497.1797	4271.570	356.06247	0.0	0.0	0.0	0.7000000
75	9470.7295	4448.300	363.12714	0.0	0.0	45.0	0.8000000
105	9587.0000	4301.000	331.00000	15.0	0.0	-630.0	1.6999999
20	9450.0000	4369.786	324.00000	15.0	0.0	0.0	1.1000000
70	9546.7500	4151.739	332.97000	10.0	0.0	70.0	0.8000000
57	12158.5596	4088.105	213.52530	0.0	0.0	45.0	5.0000000
27	11950.0000	4055.000	247.00000	0.0	0.0	360.0	3.5000000
7	12209.0000	4060.000	281.00000	0.0	0.0	-90.0	8.3299999
7	12209.0000	3813.000	219.00000	0.0	0.0	-90.0	8.3299999
27	11950.0000	3897.845	208.06723	0.0	0.0	360.0	3.5000000
27	11950.0000	3740.629	168.20729	0.0	0.0	360.0	3.5000000
37	12205.0000	3938.000	209.99998	0.0	0.0	-90.0	8.0000000
76	12637.8398	3542.350	3.57639	0.0	0.0	70.0	0.2000000
84	12549.0000	3402.000	24.00000	0.0	0.0	15.0	1.5000000
6	12588.9004	3298.030	18.00000	0.0	0.0	-130.0	2.0000000
57	12190.5771	3657.027	90.79738	0.0	0.0	45.0	2.0000000
57	12193.1660	3413.727	43.33244	0.0	0.0	45.0	3.0000000
37	12205.0000	3444.000	79.99999	0.0	0.0	-90.0	8.0000000
7	12209.0000	3320.027	93.00000	0.0	0.0	-90.0	8.3299999
27	11950.0000	3584.000	130.00000	0.0	0.0	360.0	3.5000000
37	12205.0000	3691.549	146.69792	0.0	0.0	-90.0	8.0000000
7	12209.0000	3566.000	155.00000	0.0	0.0	-90.0	8.3299999
27	11950.0000	3426.788	89.85161	0.0	0.0	360.0	3.5000000
27	11950.0000	3269.421	50.91856	0.0	0.0	360.0	3.5000000
7	11689.0000	4060.000	281.00000	0.0	0.0	90.0	8.3299999
37	11704.0000	3939.000	209.99998	0.0	0.0	-90.0	8.0000000
7	11689.0000	3813.000	219.00000	0.0	0.0	90.0	8.3299999
76	11009.0293	4114.446	297.40854	0.0	0.0	270.0	0.1300000
86	10957.9395	3856.969	324.00000	0.0	0.0	0.0	1.3000000
124	10949.0283	3745.150	321.24954	0.0	0.0	315.0	0.6000000
75	11067.4600	3732.700	328.49426	0.0	0.0	65.0	0.7000000
9	10978.1318	3808.000	315.00000	0.0	0.0	80.0	2.0000000
9	10957.0293	3956.290	315.00000	0.0	0.0	110.0	2.0000000
80	11068.0000	3844.000	334.13800	0.0	0.0	-360.0	0.3500000
101	11055.6904	3981.920	329.73355	0.0	0.0	0.0	0.7000000
60	11385.1494	3624.990	24.00000	0.0	0.0	0.0	1.0000000
37	11704.0000	3444.000	79.99999	0.0	0.0	-90.0	8.0000000
7	11689.0000	3318.739	93.00000	0.0	0.0	90.0	8.3299999
37	11704.0000	3691.543	144.66896	0.0	0.0	-90.0	8.0000000
7	11689.0000	3566.000	155.00000	0.0	0.0	90.0	8.3299999
48	11005.8594	3654.230	270.06000	0.0	0.0	45.0	1.2000000
60	11196.9990	3328.080	58.14478	0.0	0.0	0.0	1.0000000
75	11014.0596	3579.090	327.01517	0.0	0.0	65.0	0.7000000
104	12611.2197	3130.700	24.00000	0.0	0.0	0.0	0.3500000
84	12426.4297	3249.200	24.00000	0.0	0.0	5.0	1.0000000
6	12329.9023	3060.212	15.65163	0.0	0.0	-150.0	2.0000000
6	12467.2803	3163.390	18.00000	0.0	0.0	-135.0	2.0000000
84	12290.6582	3149.670	38.00000	0.0	0.0	0.0	0.8000000
104	12313.0000	2999.000	24.98346	0.0	0.0	0.0	0.2500000
120	12469.3398	3042.050	24.00000	0.0	0.0	495.0	0.6000000
104	12485.7500	2933.160	27.68000	0.0	0.0	0.0	0.2000000
7	12209.0000	3073.000	34.00000	0.0	0.0	-90.0	8.3299999
37	12205.0000	3196.629	17.00000	0.0	0.0	-90.0	8.0000000
27	11950.0020	3111.949	10.53317	0.0	0.0	360.0	3.5000000
26	11950.0000	3043.135	24.00000	0.0	0.0	-90.0	4.2500000
35	11950.1201	2958.911	24.00000	0.0	0.0	-720.0	3.5999999
104	11495.7402	2848.540	27.87000	0.0	0.0	0.0	0.3500000
84	11429.0000	3068.000	24.00000	0.0	0.0	-35.0	1.1000000
7	11689.0000	3073.000	34.00000	0.0	0.0	90.0	8.3299999
37	11704.0000	3197.000	17.00000	0.0	0.0	-90.0	8.0000000
6	11579.2393	2994.710	16.67877	0.0	0.0	-180.0	2.0000000
6	11442.4785	2969.180	18.00000	0.0	0.0	-165.0	2.0000000
120	11526.9502	2943.020	24.00000	0.0	0.0	90.0	0.6000000
84	11598.0400	3098.120	24.00000	0.0	0.0	-45.0	0.8000000
80	11597.2393	2889.610	24.00000	0.0	0.0	225.0	0.2000000
104	11658.9502	2932.810	26.00603	0.0	0.0	0.0	0.2000000
84	11210.9600	2952.460	24.00000	0.0	0.0	0.0	1.5000000
80	11338.7188	2860.420	24.00000	0.0	0.0	135.0	0.3000000
6	11292.2998	2896.370	18.00000	0.0	0.0	-145.0	2.0000000
60	10991.4600	3144.190	59.57000	0.0	0.0	0.0	1.0000000
80	11541.4697	2461.960	24.00000	0.0	0.0	135.0	0.2500000
80	11600.0000	2521.000	24.00000	0.0	0.0	225.0	0.3000000
77	11086.8096	2809.480	24.00000	0.0	0.0	225.0	0.3500000
77	10988.8301	2662.436	24.00000	0.0	0.0	405.0	0.4500000
76	10980.6904	2574.570	24.00000	0.0	0.0	160.0	0.2000000
6	11172.7100	2782.320	18.00000	0.0	0.0	-130.0	2.0000000
6	11046.8203	2646.650	18.00000	0.0	0.0	-135.0	2.0000000
120	11199.8398	2669.530	24.00000	0.0	0.0	540.0	0.6000000
80	11063.8496	2661.830	18.89026	0.0	0.0	270.0	0.4000000
104	11270.8584	2761.190	25.33531	0.0	0.0	0.0	0.2500000
80	11081.8096	2557.960	24.00000	0.0	0.0	180.0	0.3000000
95	10877.1992	4008.590	327.06412	0.0	0.0	-90.0	1.0000000
120	10644.7295	4062.859	336.84000	0.0	0.0	180.0	0.6000000
80	10838.9385	3771.840	324.00000	0.0	0.0	-225.0	0.3500000
104	10758.8896	4014.140	332.75461	0.0	0.0	0.0	0.2000000
80	10726.6494	3900.030	323.52997	0.0	0.0	-360.0	0.3000000
9	10144.6299	3826.880	279.00000	0.0	0.0	310.0	2.0000000
9	10841.0693	3497.582	315.00000	0.0	0.0	50.0	2.0000000
124	10932.2900	3526.210	310.86462	-45.0	0.0	315.0	0.4000000
105	10940.8896	3457.160	334.23428	0.0	0.0	-225.0	2.0999999
80	10843.9297	3665.340	324.00000	0.0	0.0	-315.0	0.2500000
77	10650.7500	3327.639	324.00000	-10.0	0.0	360.0	0.3000000
77	10779.3496	3330.520	324.00000	-10.0	0.0	270.0	0.3000000
77	10839.5400	3361.150	324.00000	-10.0	0.0	315.0	0.2000000
105	10651.9600	3445.980	330.36734	0.0	0.0	-90.0	2.5000000
11	10782.5596	3366.900	177.23999	0.0	0.0	45.0	2.0000000
57	10920.0479	3311.260	193.53862	0.0	0.0	45.0	3.0000000
101	10862.7285	3281.870	197.40401	0.0	0.0	-225.0	0.8000000
9	10929.6299	3646.400	315.00000	0.0	0.0	65.0	2.0000000
9	10719.0205	3378.300	315.00000	0.0	0.0	40.0	2.0000000
77	10746.6602	3418.730	229.51999	-10.0	0.0	405.0	0.3000000
102	10806.0000	3550.000	324.00000	0.0	0.0	180.0	0.9000000
130	10796.7598	3489.666	324.00000	0.0	0.0	0.0	1.0000000
75	10862.4492	3432.650	324.00000	0.0	0.0	65.0	0.7000000
80	10893.5801	3397.400	334.00000	0.0	0.0	-315.0	0.1500000
80	10244.1982	3296.200	322.64008	0.0	0.0	-135.0	0.3500000
101	10499.5801	3373.880	333.62186	0.0	0.0	0.0	1.0000000
111	10163.4131	3491.450	324.00000	0.0	0.0	0.0	0.7000000
9	10496.8408	3327.970	279.00000	0.0	0.0	300.0	2.0000000
9	10397.8398	3493.129	279.00000	0.0	0.0	300.0	2.0000000
9	10281.0000	3661.000	279.00000	0.0	0.0	310.0	2.0000000
129	9822.1699	3972.040	264.00000	-35.0	0.0	-145.0	2.0999999
9	10003.9795	3994.000	279.00000	0.0	0.0	310.0	2.0000000
120	9455.6299	4051.699	331.25000	0.0	0.0	45.0	0.6000000
129	9472.4902	3702.630	264.00000	-35.0	0.0	-145.0	2.0999999
129	9632.8398	3834.610	264.00000	-35.0	0.0	-145.0	2.0999999
104	9690.0400	3300.030	334.81000	15.0	0.0	100.0	0.3000000
89	9745.0000	3691.000	138.49330	-36.0	0.0	-141.2	2.4000001
120	9673.1797	3340.580	324.00000	0.0	0.0	40.0	0.6000000
120	9310.4404	3317.790	337.65329	0.0	0.0	90.0	0.6000000
9	9522.8701	3338.490	279.00000	0.0	0.0	125.0	2.0000000
9	9394.4102	3514.450	279.00000	0.0	0.0	125.0	2.0000000
80	9514.7793	3419.750	324.00000	0.0	0.0	-135.0	0.3000000
75	9406.8398	3403.600	324.00000	0.0	0.0	20.0	0.7000000
77	10622.4199	3190.180	324.00000	-10.0	0.0	225.0	0.3000000
77	10677.1992	3265.130	324.00000	-10.0	0.0	225.0	0.4000000
80	10550.6299	3237.210	318.99997	0.0	0.0	-45.0	0.3000000
77	10564.2002	3136.740	324.00000	-10.0	0.0	180.0	0.2000000
105	10521.0000	3059.000	340.00000	0.0	0.0	-315.0	1.6000000
57	10850.5518	3230.168	190.18762	0.0	0.0	45.0	4.0000000
11	10535.7598	3239.380	287.00000	0.0	0.0	350.0	2.0000000
9	10580.9600	3256.720	315.00000	0.0	0.0	40.0	2.0000000
60	10726.1299	2907.470	24.00000	0.0	0.0	0.0	1.0000000
120	10426.6895	3258.260	329.57999	0.0	0.0	85.0	0.6000000
101	10304.6504	2899.810	330.17517	0.0	0.0	0.0	0.8000000
80	10190.9199	3210.790	330.56995	0.0	0.0	-45.0	0.3000000
112	10161.9502	2955.070	328.95630	0.0	0.0	65.0	2.0000000
5	10464.1299	3073.480	332.00000	0.0	0.0	45.0	2.0000000
5	10187.5430	2858.447	332.00000	0.0	0.0	35.0	2.0000000
5	10342.9707	2968.380	332.00000	0.0	0.0	35.0	2.0000000
19	10367.0000	2953.000	184.00348	0.0	0.0	-45.0	0.3000000
19	10209.1191	2885.220	180.76155	0.0	0.0	0.0	0.6000000
19	10432.9990	3058.000	179.00000	0.0	0.0	-180.0	0.4000000
80	10413.2402	2991.770	335.29996	0.0	0.0	-45.0	0.3000000
104	10453.0000	3183.000	326.30969	0.0	0.0	0.0	0.3000000
104	10316.1797	3039.380	327.06091	0.0	0.0	0.0	0.4000000
75	10270.5195	3182.050	327.97977	0.0	0.0	65.0	0.7000000
103	10350.0000	3150.000	323.00000	0.0	0.0	-317.0	0.6800000
77	10867.7783	2567.930	24.00000	0.0	0.0	450.0	0.3000000
77	10689.6191	2426.544	24.00000	0.0	0.0	405.0	0.3500000
120	10915.7002	2446.330	24.00000	0.0	0.0	135.0	0.6000000
6	10907.0000	2526.000	18.00000	0.0	0.0	-140.0	2.0000000
60	10295.4121	2449.995	24.00000	0.0	0.0	0.0	1.0000000
104	10017.0000	2885.000	326.00000	0.0	0.0	0.0	0.3000000
77	9704.7051	3137.342	345.36288	-10.0	0.0	360.0	0.3000000
11	10012.0000	2840.000	287.00000	0.0	0.0	440.0	2.0000000
9	9778.0000	3031.000	279.00000	0.0	0.0	135.0	2.0000000
124	9862.5889	3262.990	288.14191	-45.0	0.0	135.0	0.8000000
88	9885.3398	2930.450	213.93637	-35.0	0.0	120.0	1.7500000
9	9927.7695	2883.760	279.00000	0.0	0.0	140.0	2.0000000
120	9951.1494	2972.540	325.59100	0.0	0.0	130.0	0.6000000
124	9845.3301	3153.950	313.73645	0.0	0.0	315.0	0.8000000
130	9876.7305	2934.300	331.00000	-90.0	0.0	-265.0	1.0000000
130	9873.8105	2944.820	305.58954	45.0	0.0	-45.0	1.0000000
84	9300.9990	2890.000	387.36282	0.0	0.0	-235.0	1.1000000
70	9422.0098	3033.300	375.15536	0.0	0.0	0.0	0.8000000
20	9250.5703	3033.230	324.00000	10.0	0.0	-540.0	1.1000000
20	9536.4600	2846.460	323.98999	10.0	0.0	-585.0	1.1000000
84	9527.4795	3041.060	359.16000	0.0	0.0	45.0	1.2000000
9	9650.9990	3175.000	279.00000	0.0	0.0	125.0	2.0000000
70	9483.6426	3161.489	377.88834	0.0	0.0	0.0	0.8000000
84	9297.6543	3176.649	377.65466	0.0	0.0	45.0	1.2000000
71	9589.5000	3260.252	381.71249	0.0	0.0	0.0	1.0000000
77	9760.0000	2443.000	324.00000	-20.0	0.0	235.0	0.3000000
71	9774.8799	2592.680	334.81534	20.0	0.0	60.0	1.2000000
77	9934.7393	2591.430	324.00000	-20.0	0.0	225.0	0.2000000
105	9953.0801	2681.980	328.38455	0.0	0.0	45.0	2.0999999
76	10061.4600	2717.550	287.39999	0.0	0.0	405.0	0.1500000
9	9735.9395	2540.210	315.00000	0.0	0.0	45.0	2.0000000
9	10004.4102	2786.720	315.00000	0.0	0.0	45.0	2.0000000
9	9869.5693	2663.150	315.00000	0.0	0.0	45.0	2.0000000
20	9641.4102	2459.920	324.00000	10.0	0.0	-675.0	1.1000000
101	9354.9092	2476.560	382.49997	0.0	0.0	0.0	1.2000000
101	9458.5898	2744.070	382.49997	0.0	0.0	0.0	1.2000000
107	9359.1504	2720.740	382.49997	0.0	0.0	90.0	0.7000000
84	9545.7500	2599.650	389.32001	0.0	0.0	0.0	1.5000000
20	9269.4199	2445.770	324.00000	10.0	0.0	-450.0	1.1000000
84	9585.7305	2800.540	386.59335	0.0	0.0	45.0	1.5000000
77	9165.7119	5633.290	315.04880	-15.0	0.0	90.0	0.4000000
77	9042.6201	5553.140	324.00000	-15.0	0.0	-180.0	0.3000000
77	8953.3418	5531.664	324.00000	-15.0	0.0	-270.0	0.2000000
77	8840.6494	5488.200	324.00000	-15.0	0.0	-315.0	0.3000000
77	9082.0000	5596.602	188.00000	-15.0	0.0	100.0	0.4000000
77	8955.0400	5455.140	324.00000	-15.0	0.0	-180.0	0.2000000
77	9155.1602	5550.719	324.00000	-15.0	0.0	-135.0	0.2000000
80	9043.8799	5450.230	324.00000	0.0	0.0	225.0	0.3000000
80	8836.7998	5421.030	324.00000	0.0	0.0	90.0	0.4000000
105	9149.0000	5461.000	327.00000	0.0	0.0	-630.0	1.4999999
9	9175.4902	5615.739	315.00000	0.0	0.0	230.0	2.0000000
9	9009.9590	5494.380	315.00000	0.0	0.0	210.0	2.0000000
9	8835.8105	5409.160	315.00000	0.0	0.0	205.0	2.0000000
92	8677.7695	5409.540	333.76791	0.0	0.0	-70.0	0.5000000
75	8859.0000	5277.452	324.00000	0.0	0.0	20.0	0.9000000
71	9178.9502	5327.680	310.26654	0.0	0.0	0.0	1.0000000
101	8993.7793	5324.840	324.00000	0.0	0.0	0.0	0.7000000
75	8507.4902	5024.889	334.97000	0.0	0.0	45.0	0.9000000
124	8393.0000	5025.000	333.00000	0.0	-45.0	0.0	0.6200000
92	8420.3838	5276.170	330.47720	0.0	0.0	-45.0	0.6000000
9	8652.7002	5337.230	315.00000	0.0	0.0	200.0	2.0000000
9	8483.7002	5270.229	315.00000	0.0	0.0	205.0	2.0000000
9	8399.6494	5183.570	315.00000	0.0	0.0	240.0	2.0000000
80	8621.6699	5153.270	326.10284	0.0	0.0	135.0	0.4000000
80	7861.3296	5763.280	24.00000	0.0	0.0	-45.0	0.5000000
77	7540.0000	5495.000	24.00000	-15.0	0.0	45.0	0.3000000
77	7653.9199	5529.580	24.00000	-15.0	0.0	225.0	0.4000000
76	7564.5195	5442.589	24.00000	0.0	0.0	540.0	0.2000000
80	7597.7998	5646.690	24.00000	0.0	0.0	-45.0	0.5000000
6	7813.5298	5805.380	18.00000	0.0	0.0	40.0	2.0000000
6	7564.2500	5515.010	18.00000	0.0	0.0	60.0	2.0000000
6	7679.1099	5673.350	18.00000	0.0	0.0	50.0	2.0000000
105	7672.7402	5601.130	25.97528	0.0	0.0	-135.0	2.5000000
105	7683.9995	5702.000	24.00000	0.0	0.0	-180.0	1.6000000
105	7768.9995	5667.000	40.00000	-10.0	0.0	-540.0	1.9000000
75	8238.4014	5084.320	329.35736	0.0	0.0	45.0	0.9000000
9	8325.4111	5024.830	315.00000	0.0	0.0	250.0	2.0000000
71	9149.0000	4762.000	370.99997	-15.0	0.0	0.0	1.0000000
105	9213.7695	4902.800	328.07849	15.0	0.0	-855.0	1.5000000
48	8944.4492	4550.956	324.00000	0.0	0.0	-45.0	1.2000000
120	8853.5693	4680.710	323.98999	0.0	0.0	180.0	0.6000000
101	9140.8398	4624.360	380.24130	0.0	0.0	0.0	0.7000000
20	9062.8203	4659.866	324.00000	10.0	0.0	-765.0	1.1000000
70	8949.0000	4746.000	342.99997	15.0	0.0	-135.0	0.8000000
120	9042.1396	4861.650	330.51437	0.0	0.0	90.0	0.6000000
101	8463.3896	4915.819	332.70999	0.0	0.0	0.0	0.7000000
0	9050.0000	4150.000	501.94946	0.0	0.0	0.0	1.0000000
75	9193.0400	4481.190	379.92950	0.0	0.0	45.0	0.8000000
105	9186.0000	4369.000	362.00000	15.0	0.0	-720.0	1.5000000
120	8828.8896	4301.610	324.00000	0.0	0.0	135.0	0.6000000
101	9035.5303	4428.840	363.98920	0.0	0.0	0.0	0.7000000
105	9054.0000	4544.000	385.00000	15.0	0.0	-720.0	1.8000001
71	8891.0000	4380.000	339.00000	15.0	0.0	0.0	0.9000000
132	9050.0000	4150.000	257.00000	0.0	0.0	0.0	1.1000000
128	9156.0596	4156.670	324.00000	0.0	0.0	0.0	0.9000000
128	8937.7910	4148.350	324.00000	0.0	0.0	-180.0	0.9000000
120	9046.1895	4335.600	338.95193	0.0	0.0	135.0	0.6000000
105	8781.9736	4496.443	337.52560	15.0	0.0	-765.0	1.5000000
80	8731.5801	4400.030	324.00000	0.0	0.0	335.0	0.3500000
80	8350.5996	4850.360	324.00000	0.0	0.0	270.0	0.2000000
124	8350.0000	4950.000	324.00000	0.0	0.0	315.0	0.7000000
75	8314.2383	4777.470	324.00000	0.0	0.0	90.0	0.9000000
112	8229.9600	4871.800	324.00000	0.0	0.0	245.0	2.0000000
120	8299.2295	4624.760	324.00000	0.0	0.0	135.0	0.6000000
70	8317.3799	4566.050	325.62000	0.0	0.0	0.0	0.8000000
84	8029.8599	4619.050	324.00000	0.0	0.0	45.0	1.5000000
9	8255.8018	4842.173	315.00000	0.0	0.0	250.0	2.0000000
9	8159.2095	4684.080	315.00000	0.0	0.0	240.0	2.0000000
71	8019.3589	4153.380	324.00000	0.0	0.0	0.0	1.0000000
9	8067.0000	4542.000	315.00000	0.0	0.0	240.0	2.0000000
75	8112.0005	4382.000	324.00000	0.0	0.0	45.0	0.7000000
84	7685.2500	4220.390	332.66525	0.0	0.0	-45.0	1.2500000
84	7862.7603	4413.409	324.00000	0.0	0.0	0.0	1.9999999
9	7950.4297	4384.880	315.00000	0.0	0.0	230.0	2.0000000
9	7823.9800	4242.430	315.00000	0.0	0.0	230.0	2.0000000
122	6699.4795	5574.650	24.00000	0.0	0.0	0.0	2.5000000
77	6725.7500	5626.410	24.00000	0.0	0.0	45.0	0.4500000
76	6867.7695	5777.810	24.00000	0.0	0.0	400.0	0.3000000
80	7104.2803	5809.500	24.00000	0.0	0.0	-225.0	0.5000000
6	7012.3589	5815.230	18.00000	0.0	0.0	225.0	2.0000000
6	6881.5698	5693.529	18.00000	0.0	0.0	225.0	2.0000000
6	6727.2202	5573.460	18.00000	0.0	0.0	210.0	2.0000000
120	6938.1499	5736.160	24.00000	0.0	0.0	-60.0	0.6000000
84	7404.9399	5164.550	24.00000	0.0	0.0	45.0	1.5000000
77	7528.5098	5327.930	24.00000	-15.0	0.0	0.0	0.4000000
120	7470.9702	5368.370	24.00000	0.0	0.0	135.0	0.6000000
80	7270.3799	5050.490	24.00000	0.0	0.0	-45.0	0.5000000
6	7478.6797	5341.590	18.00000	0.0	0.0	70.0	2.0000000
6	7383.3877	4988.772	18.00000	0.0	0.0	65.0	2.0000000
6	7429.1758	5142.315	18.00000	0.0	0.0	80.0	2.0000000
76	6286.9600	5410.080	24.00000	0.0	0.0	30.0	0.4000000
123	6658.1499	5472.280	24.00000	0.0	0.0	90.0	0.3000000
123	6559.6396	5459.390	24.00000	0.0	0.0	45.0	0.4000000
120	6608.4097	5410.260	24.00000	0.0	0.0	90.0	0.6000000
6	6557.2798	5480.420	18.00000	0.0	0.0	205.0	2.0000000
6	6385.8896	5401.990	18.00000	0.0	0.0	205.0	2.0000000
123	6583.5703	5569.000	24.00000	0.0	0.0	0.0	0.5000000
80	6550.6997	5313.840	24.00000	0.0	0.0	45.0	0.4000000
104	6430.0005	5362.000	24.00000	0.0	0.0	0.0	0.3500000
80	6390.4795	5240.680	24.00000	0.0	0.0	0.0	0.5000000
77	6118.5200	5337.959	24.00000	0.0	0.0	45.0	0.4500000
6	5871.5552	5234.696	18.00000	0.0	0.0	190.0	2.0000000
77	5867.0000	5283.724	7.64078	0.0	0.0	45.0	0.4000000
77	5991.0000	5327.000	24.00000	0.0	0.0	225.0	0.2700000
80	6227.6099	5251.330	24.00000	0.0	0.0	90.0	0.5000000
6	6048.7900	5273.520	18.00000	0.0	0.0	195.0	2.0000000
6	6226.1499	5333.200	18.00000	0.0	0.0	205.0	2.0000000
120	6031.7095	5186.000	24.00000	0.0	0.0	90.0	0.6000000
77	7263.9536	4833.727	24.00000	0.0	0.0	45.0	0.5000000
76	7381.8931	4958.757	24.00000	0.0	0.0	450.0	0.3000000
104	7147.9600	4901.500	32.03585	0.0	0.0	0.0	0.4000000
6	7293.4800	4870.390	18.00000	0.0	0.0	40.0	2.0000000
6	7173.4697	4812.250	18.00000	0.0	0.0	10.0	2.0000000
77	6865.6196	4704.360	24.00000	0.0	0.0	-90.0	0.3000000
80	6772.4800	4620.600	24.00000	0.0	0.0	-45.0	0.5000000
6	6992.3394	4741.719	18.00000	0.0	0.0	30.0	2.0000000
6	6846.0195	4608.720	18.00000	0.0	0.0	50.0	2.0000000
120	6897.1899	4744.550	24.00000	0.0	0.0	90.0	0.6000000
123	7007.0098	4757.989	24.00000	0.0	0.0	0.0	0.5000000
123	6967.0195	4842.150	24.00000	0.0	0.0	90.0	0.3000000
76	6691.0098	4355.030	24.00000	0.0	0.0	405.0	0.5000000
6	6739.0703	4463.899	18.00000	0.0	0.0	60.0	2.0000000
80	5827.5776	4702.716	24.00000	0.0	0.0	10.0	0.3000000
80	5832.5918	4584.624	23.99999	0.0	0.0	-35.0	0.3000000
80	5923.0112	4665.420	24.00000	0.0	0.0	-260.0	0.3000000
120	6649.3193	4398.890	24.00000	0.0	0.0	135.0	0.6000000
6	6548.8413	4146.360	18.00000	0.0	0.0	60.0	2.0000000
6	6644.6997	4306.670	18.00000	0.0	0.0	60.0	2.0000000
71	6532.3701	4259.350	24.00000	0.0	0.0	0.0	0.8000000
128	9053.0703	4038.150	324.00000	0.0	0.0	-90.0	0.9000000
71	8884.7598	3331.510	374.00000	0.0	0.0	0.0	0.9000000
75	8934.0303	3473.720	329.91000	0.0	0.0	45.0	0.9000000
77	8771.9697	3288.650	324.00000	-10.0	0.0	90.0	0.4000000
80	8601.0098	3319.990	324.00000	0.0	0.0	-405.0	0.4000000
71	8761.1494	3506.220	318.24277	0.0	0.0	0.0	1.0000000
120	8719.2988	3439.220	326.17999	0.0	0.0	180.0	0.6000000
104	7581.6255	3908.720	324.00000	0.0	0.0	0.0	0.4000000
120	7879.5298	4072.390	324.00000	0.0	0.0	135.0	0.6000000
75	7922.2197	4029.790	324.00000	0.0	0.0	45.0	0.9000000
76	7539.0298	4040.510	324.00000	0.0	0.0	405.0	0.3000000
9	7699.8496	4106.730	315.00000	0.0	0.0	225.0	2.0000000
9	7568.0000	3987.650	315.00000	0.0	0.0	225.0	2.0000000
76	7752.6797	4052.950	241.17999	0.0	0.0	360.0	0.2500000
80	7659.0195	4010.590	324.00000	0.0	0.0	315.0	0.2500000
75	7562.6196	3541.120	324.00000	0.0	0.0	45.0	0.9000000
70	7596.5098	3400.070	365.01633	0.0	0.0	0.0	0.8000000
120	7681.2095	3528.030	330.37000	0.0	0.0	45.0	0.6000000
104	7783.9097	3442.580	330.00000	0.0	0.0	0.0	0.3000000
80	7730.9702	3346.230	326.74680	0.0	0.0	180.0	0.3000000
75	7692.6597	3433.460	324.00000	0.0	0.0	90.0	0.7000000
84	9083.3203	3185.960	362.39279	0.0	0.0	-245.0	1.5000000
84	9020.0293	3089.830	341.07071	0.0	0.0	-110.0	1.5000000
71	8933.1104	2848.350	314.60999	0.0	0.0	0.0	1.0000000
101	9160.0000	3064.000	363.00000	0.0	0.0	0.0	1.2000000
120	8840.9199	3103.980	324.00000	0.0	0.0	225.0	0.6000000
70	8672.1201	3191.160	331.10315	0.0	0.0	0.0	0.8000000
84	9208.0684	2622.130	362.72000	0.0	0.0	-90.0	1.5000000
84	9186.0000	2814.000	375.00000	0.0	0.0	-155.0	1.5000000
120	9039.0898	2584.050	336.89969	0.0	0.0	180.0	0.6000000
0	7650.0000	3250.000	571.00000	0.0	0.0	0.0	1.0000000
92	7715.6997	3035.860	326.72162	0.0	0.0	-135.0	0.5000000
101	7646.6997	2867.840	336.60541	0.0	0.0	0.0	0.7000000
132	7650.0000	3250.000	324.00000	0.0	0.0	0.0	1.1000000
120	7791.1201	2927.240	324.00000	0.0	0.0	135.0	0.6000000
70	7809.1997	3122.640	316.00000	0.0	0.0	0.0	0.6000000
75	7740.0200	3198.430	324.00000	0.0	0.0	90.0	0.7000000
101	8052.5200	2654.290	324.87000	0.0	0.0	0.0	0.7000000
77	8041.0601	2501.460	188.17000	-10.0	0.0	20.0	0.3000000
70	7956.8198	2453.690	326.50903	0.0	0.0	0.0	0.8000000
75	7919.9995	2601.000	325.00000	0.0	0.0	45.0	0.8000000
75	7618.1001	2767.340	324.00000	0.0	0.0	45.0	0.8000000
106	7543.6812	2452.271	325.67020	0.0	0.0	125.0	0.7500000
120	7944.6494	2585.240	323.98999	0.0	0.0	135.0	0.6000000
80	7834.1997	2497.780	329.23404	0.0	0.0	180.0	0.3000000
75	7431.5796	3998.240	333.50891	0.0	0.0	45.0	0.9000000
80	7484.4292	3788.180	324.00000	0.0	0.0	-90.0	0.5000000
77	7369.0894	3860.580	324.00000	-15.0	0.0	0.0	0.4000000
9	7388.8398	3729.670	315.00000	0.0	0.0	260.0	2.0000000
9	7445.0996	3858.710	315.00000	0.0	0.0	235.0	2.0000000
101	7308.3525	3818.419	330.74509	0.0	0.0	0.0	0.7000000
101	7475.8696	3303.990	340.00000	0.0	0.0	0.0	0.9000000
80	7347.3984	3284.618	333.95364	0.0	0.0	-270.0	0.3000000
77	7350.0000	3422.662	336.30212	-15.0	0.0	135.0	0.4000000
104	7465.6099	3668.540	326.63565	0.0	0.0	0.0	0.4000000
77	7304.4800	3656.430	324.00000	0.0	0.0	-90.0	0.5000000
9	7351.9976	3387.320	315.00000	0.0	0.0	260.0	2.0000000
9	7367.1899	3567.660	315.00000	0.0	0.0	270.0	2.0000000
80	7437.9194	3493.830	335.39639	0.0	0.0	-180.0	0.5000000
77	7322.6099	3502.590	221.28358	0.0	0.0	-225.0	0.3000000
77	6427.4893	3886.470	24.00000	0.0	0.0	45.0	0.6000000
77	6550.3701	4111.510	24.00000	-15.0	0.0	0.0	0.4000000
120	6313.3691	3729.370	24.00000	0.0	0.0	-5.0	0.6000000
6	6456.8901	3975.210	18.00000	0.0	0.0	70.0	2.0000000
6	6408.7393	3791.170	18.00000	0.0	0.0	80.0	2.0000000
123	6472.0796	4058.950	24.00000	0.0	0.0	90.0	0.3000000
123	6277.6602	3444.650	24.00000	0.0	0.0	0.0	0.5000000
80	6262.4292	3583.430	24.00000	0.0	0.0	-45.0	0.5000000
77	6379.1792	3678.210	24.00000	0.0	0.0	-90.0	0.3000000
6	6339.6157	3491.520	18.00000	0.0	0.0	55.0	2.0000000
6	6389.1992	3619.560	18.00000	0.0	0.0	80.0	2.0000000
115	6155.4297	3343.210	24.00000	0.0	0.0	45.0	2.0000000
6	6239.1382	3332.258	16.76689	0.0	0.0	65.0	2.0000000
120	6028.5986	3466.590	24.00000	0.0	0.0	-30.0	0.6000000
9	7239.3096	2857.373	315.00000	0.0	0.0	250.0	2.0000000
77	7513.1699	3024.400	312.19510	-10.0	0.0	245.0	0.4000000
71	7497.4199	3159.550	362.10681	0.0	0.0	0.0	1.0000000
84	7229.0000	3231.000	324.00000	0.0	0.0	45.0	1.3000000
84	7202.8101	3056.140	324.00000	0.0	0.0	0.0	1.5000000
75	7414.0298	3008.080	324.00000	0.0	0.0	45.0	0.9000000
70	7409.4702	2862.610	375.01498	0.0	0.0	-45.0	0.8000000
9	7335.4194	3228.023	315.00000	0.0	0.0	270.0	2.0000000
9	7301.4102	3044.350	315.00000	0.0	0.0	260.0	2.0000000
77	7197.0000	2468.000	324.00000	-10.0	0.0	65.0	0.3000000
77	7161.6196	2832.690	321.17072	-10.0	0.0	110.0	0.4000000
77	7166.0498	2695.770	324.00000	-10.0	0.0	110.0	0.3000000
105	7201.3125	2592.305	338.23639	10.0	0.0	-630.0	1.8000000
105	7254.4878	2700.435	338.17264	10.0	0.0	-630.0	2.0000000
105	7207.0000	2786.000	332.23828	10.0	0.0	-810.0	1.6000000
75	7429.2100	2717.330	371.13107	0.0	0.0	45.0	0.9000000
75	7300.6401	2600.260	324.00000	0.0	0.0	90.0	0.9000000
20	7360.0000	2737.000	324.00000	10.0	0.0	-855.0	1.1000000
9	7219.0796	2697.460	315.00000	0.0	0.0	270.0	2.0000000
9	7238.1304	2529.570	315.00000	0.0	0.0	280.0	2.0000000
6	6160.9995	3242.000	15.09538	0.0	0.0	25.0	2.0000000
80	6150.0200	3249.240	24.00000	0.0	0.0	-90.0	0.4000000
7	6108.0000	2933.000	91.00000	0.0	0.0	-90.0	6.9099998
57	6076.0000	2878.000	56.00000	0.0	0.0	45.0	3.4000003
37	6096.0000	3037.412	24.33611	0.0	0.0	-270.0	6.8400002
7	6108.0000	3146.000	34.00000	0.0	0.0	-90.0	8.3299999
26	5850.0000	3156.632	24.00000	0.0	0.0	-270.0	4.2500000
35	5850.0000	3247.495	24.00000	0.0	0.0	-900.0	3.5999999
27	5850.0000	2929.982	50.34800	0.0	0.0	540.0	3.5000000
27	5850.0000	3087.161	10.45304	0.0	0.0	540.0	3.5000000
57	6085.9048	2574.311	115.43679	0.0	0.0	45.0	2.0000000
37	6096.0000	2828.000	76.00000	0.0	0.0	-270.0	6.8400002
27	5850.0000	2457.848	168.01994	0.0	0.0	540.0	3.5000000
27	5850.0000	2615.331	130.18762	0.0	0.0	540.0	3.5000000
27	5850.0000	2772.504	89.52618	0.0	0.0	540.0	3.5000000
7	6108.0000	2517.000	197.99998	0.0	0.0	-90.0	6.9099998
37	6096.0000	2620.000	130.00000	0.0	0.0	-270.0	6.8400002
7	6108.0000	2726.000	145.99998	0.0	0.0	-90.0	6.9099998
131	12584.1992	2402.080	26.91000	0.0	0.0	-465.0	2.0000000
128	12570.1289	2283.104	7.16881	0.0	0.0	-90.0	0.8000000
120	11860.2490	2227.600	24.00000	0.0	0.0	110.0	0.6000000
80	11911.5146	2031.269	24.00000	0.0	0.0	-45.0	0.3500000
80	11867.3389	2130.870	24.00000	0.0	0.0	45.0	0.2500000
46	11810.5801	1814.950	24.00000	0.0	0.0	-135.0	0.7000000
90	12064.4795	1685.679	26.00000	0.0	0.0	180.0	2.0000000
120	12053.6396	1886.430	24.00000	0.0	0.0	65.0	0.6000000
80	12122.8496	1794.550	24.00000	0.0	0.0	270.0	0.2500000
80	12186.8896	1841.070	24.00000	0.0	0.0	360.0	0.2500000
120	11384.0000	2339.000	24.00000	0.0	0.0	110.0	0.6000000
90	11641.5400	2267.320	26.00000	0.0	0.0	-90.0	2.0000000
46	11708.3545	2299.978	24.00000	0.0	0.0	-135.0	0.7000000
46	11379.4277	2241.709	24.00000	0.0	0.0	-135.0	0.7000000
90	11299.3701	2025.860	26.00000	0.0	0.0	-45.0	2.0000000
80	11187.5371	2096.028	24.00000	0.0	0.0	135.0	0.3000000
80	11242.7812	2189.937	24.00000	0.0	0.0	180.0	0.3000000
90	11586.0508	1677.750	26.00000	0.0	0.0	0.0	2.0000000
90	11791.2090	1965.770	26.00000	0.0	0.0	-45.0	2.0000000
90	11183.4385	1672.250	26.00000	0.0	0.0	0.0	2.0000000
46	11222.3457	1917.163	24.00000	0.0	0.0	-135.0	0.7000000
80	11094.1475	1584.681	24.00000	0.0	0.0	0.0	0.3000000
80	11128.5996	1921.060	24.00000	0.0	0.0	90.0	0.2500000
80	11055.0000	1870.000	24.00000	0.0	0.0	45.0	0.3500000
120	10998.2441	1741.296	24.00000	0.0	0.0	180.0	0.6000000
131	12593.3799	1152.150	25.86000	0.0	0.0	-475.0	1.9000000
6	12418.9990	1227.000	0.00000	0.0	0.0	-45.0	2.0000000
6	12266.0000	1380.000	0.00000	0.0	0.0	-45.0	2.0000000
131	12599.0605	1269.470	24.00000	0.0	0.0	-385.0	1.6000000
80	11808.3691	1279.050	24.00000	0.0	0.0	0.0	0.2500000
80	11822.4385	1190.280	24.00000	0.0	0.0	225.0	0.3500000
46	12180.1387	1491.820	24.00000	0.0	0.0	-135.0	0.7000000
90	11886.6299	1379.790	26.00000	0.0	0.0	135.0	2.0000000
120	12185.9102	1335.920	24.00000	0.0	0.0	-100.0	0.6000000
6	12100.9990	1540.000	0.00000	0.0	0.0	-45.0	2.0000000
46	11967.7891	1252.370	24.00000	0.0	0.0	-45.0	0.7000000
80	12061.6299	1415.850	24.00000	0.0	0.0	-45.0	0.2500000
120	12313.0000	733.000	30.00000	10.0	0.0	180.0	0.4000000
80	12600.2490	1052.720	24.00000	0.0	0.0	90.0	0.4000000
115	12371.9990	768.000	38.00000	0.0	0.0	45.0	1.5000000
120	12306.6797	924.040	24.00000	0.0	0.0	315.0	0.6000000
8	12359.1396	778.690	31.00000	0.0	0.0	45.0	2.0000000
8	12491.0000	907.740	31.00000	0.0	0.0	45.0	2.0000000
6	12605.0000	1090.000	18.00000	0.0	0.0	43.0	2.0000000
6	12560.0000	1085.000	0.00000	0.0	0.0	-45.0	2.0000000
115	12461.7695	914.160	29.00000	0.0	0.0	45.0	1.0000000
80	12531.0000	895.000	38.00000	0.0	0.0	135.0	0.2000000
80	12507.6084	981.940	24.00000	0.0	0.0	180.0	0.3000000
120	11848.3486	1108.020	24.00000	0.0	0.0	-90.0	0.6000000
6	11929.0000	777.000	0.00000	0.0	0.0	135.0	2.0000000
46	11482.1201	1178.520	24.00000	0.0	0.0	-90.0	0.7000000
90	11503.0986	1301.580	26.00000	0.0	0.0	90.0	2.0000000
80	11034.9395	1493.920	24.00000	0.0	0.0	-45.0	0.3500000
46	11313.1104	1417.030	24.00000	0.0	0.0	-135.0	0.7000000
80	11369.9727	1276.146	24.00000	0.0	0.0	180.0	0.3000000
120	11250.4482	1292.460	24.00000	0.0	0.0	-145.0	0.6000000
6	11623.0000	1072.000	0.00000	0.0	0.0	135.0	2.0000000
6	11777.0000	929.000	0.00000	0.0	0.0	135.0	2.0000000
80	11647.6123	1035.864	24.00000	0.0	0.0	-45.0	0.3500000
80	11707.2900	952.100	24.00000	0.0	0.0	-45.0	0.4000000
76	11014.8799	712.430	24.00000	0.0	0.0	140.0	0.1000000
80	11086.1904	746.420	24.00000	0.0	0.0	180.0	0.3000000
80	11022.0791	859.700	24.00000	0.0	0.0	135.0	0.4000000
6	10975.7500	730.200	18.00000	0.0	0.0	-40.0	2.0000000
76	10600.1396	2330.240	18.89351	0.0	0.0	40.0	0.3000000
122	10597.5596	2104.110	0.00000	0.0	0.0	45.0	3.0000000
115	10706.7695	2021.150	0.00000	0.0	0.0	45.0	1.0000000
80	10759.8398	2387.090	24.00000	0.0	0.0	-90.0	0.4000000
80	10909.3203	2345.250	24.00000	0.0	0.0	135.0	0.3000000
6	10577.2891	2143.950	18.00000	0.0	0.0	-110.0	2.0000000
6	10653.9697	2287.380	18.00000	0.0	0.0	-130.0	2.0000000
6	10770.4990	2405.780	18.00000	0.0	0.0	-135.0	2.0000000
104	10626.9600	2216.000	8.31000	0.0	0.0	0.0	0.3500000
123	10494.0498	2065.980	3.23000	0.0	0.0	45.0	0.6500000
60	10140.8291	2219.350	82.22173	0.0	0.0	0.0	1.0000000
115	10571.1396	1957.070	0.00000	0.0	0.0	45.0	1.7000000
122	10675.7500	1904.900	0.00000	0.0	0.0	90.0	2.0000000
120	10596.1797	1634.710	25.17901	0.0	0.0	180.0	0.6000000
122	10535.9287	1827.210	18.54656	0.0	0.0	45.0	3.0000000
115	10606.7783	1743.580	24.00000	0.0	0.0	45.0	1.3000000
6	10528.0898	1955.680	18.00000	0.0	0.0	-100.0	2.0000000
123	10464.4297	1897.360	4.00000	0.0	0.0	-135.0	0.4500000
6	10506.4502	1610.010	18.00000	0.0	0.0	-90.0	2.0000000
76	10511.5098	1667.730	24.00000	0.0	0.0	40.0	0.1000000
6	10513.1191	1787.450	18.00000	0.0	0.0	-90.0	2.0000000
76	10429.1396	1706.977	24.00000	0.0	0.0	85.0	0.2000000
77	9691.3398	2348.560	324.00000	-20.0	0.0	225.0	0.2000000
70	9281.1895	2314.940	382.49997	0.0	0.0	0.0	0.8000000
84	9418.1396	2365.110	365.00000	0.0	0.0	45.0	1.2000000
48	9639.0000	2169.000	280.54871	0.0	0.0	45.0	1.3000000
105	9589.7617	2021.568	329.31018	0.0	0.0	135.0	2.2000000
101	9498.0000	2137.000	334.04971	0.0	0.0	0.0	1.0000000
70	9588.0000	2367.000	341.50381	25.0	0.0	45.0	0.8000000
9	9623.6484	2380.940	315.00000	0.0	0.0	65.0	2.0000000
9	9543.9990	2215.000	315.00000	0.0	0.0	65.0	2.0000000
9	9496.8896	2014.193	315.00000	0.0	0.0	90.0	2.0000000
84	9263.6436	2147.774	375.68762	0.0	0.0	0.0	1.5000000
60	10020.6895	1865.230	24.00000	0.0	0.0	0.0	1.0000000
9	9495.0000	1831.000	315.00000	0.0	0.0	90.0	2.0000000
80	9243.7295	1912.240	324.00000	0.0	0.0	-315.0	0.3000000
75	9293.9189	1967.140	332.05679	0.0	0.0	45.0	0.8000000
105	9502.1504	1833.350	324.00000	0.0	0.0	45.0	2.2000000
105	9610.0000	1733.000	336.00000	10.0	0.0	90.0	1.7000000
71	9415.0684	1985.350	318.17590	0.0	0.0	0.0	1.0000000
77	9543.4395	1618.410	324.00000	-10.0	0.0	135.0	0.5000000
77	9367.9902	1640.120	266.06470	-10.0	0.0	135.0	0.3000000
34	9608.9473	1906.520	324.00000	0.0	0.0	90.0	2.0000000
9	9579.8389	1623.880	315.00000	0.0	0.0	135.0	2.0000000
120	9325.8701	1804.100	324.00000	0.0	0.0	0.0	0.6000000
105	9478.5098	1746.670	265.70999	0.0	0.0	90.0	1.7000000
75	9591.6699	1799.000	324.00000	0.0	0.0	45.0	0.7000000
75	9409.9697	1775.120	324.00000	0.0	0.0	90.0	0.7000000
130	10552.0996	1157.310	26.00791	0.0	0.0	120.0	1.2000000
20	10534.6396	1245.860	24.00000	10.0	0.0	-585.0	1.0000000
20	10685.5498	1156.760	24.00000	10.0	0.0	-315.0	0.7000000
71	10664.0000	1262.000	24.00000	-15.0	0.0	-135.0	0.9000000
80	10517.2295	1465.390	24.00000	0.0	0.0	135.0	0.5000000
6	10583.0791	1282.210	18.00000	0.0	0.0	-60.0	2.0000000
6	10524.7695	1439.900	18.00000	0.0	0.0	-80.0	2.0000000
101	10847.6299	1249.550	24.00000	0.0	0.0	0.0	0.8000000
71	10659.0000	1437.000	24.00000	-15.0	0.0	-135.0	0.5500000
101	10777.7900	1174.600	24.00000	0.0	0.0	0.0	0.5000000
77	10460.5303	1553.870	24.00000	0.0	0.0	450.0	0.4500000
60	10161.8506	1232.630	138.45045	0.0	0.0	0.0	1.0000000
20	10586.4482	1107.960	24.00000	10.0	0.0	-450.0	0.9000000
77	10709.6299	929.140	24.00000	0.0	0.0	135.0	0.3500000
77	10825.9990	792.000	24.00000	-10.0	0.0	135.0	0.4500000
76	10913.6602	798.640	24.00000	0.0	0.0	50.0	0.1500000
80	10928.0000	952.000	24.00000	0.0	0.0	135.0	0.5000000
71	10782.0000	1069.000	24.00000	-15.0	0.0	-135.0	0.7000000
120	10912.9482	1000.900	24.00000	0.0	0.0	270.0	0.6000000
6	10861.8896	840.160	18.00000	0.0	0.0	-50.0	2.0000000
6	10763.1885	971.760	18.00000	0.0	0.0	-55.0	2.0000000
6	10668.0000	1124.000	18.00000	0.0	0.0	-60.0	2.0000000
76	10630.3398	1046.820	24.00000	0.0	0.0	110.0	0.2000000
76	10799.9795	906.850	24.00000	0.0	0.0	40.0	0.2000000
80	10793.5000	991.930	24.00000	0.0	0.0	225.0	0.2000000
60	10308.1436	898.098	24.00000	0.0	0.0	0.0	1.0000000
71	9696.5596	1404.750	317.19998	0.0	0.0	0.0	0.8000000
75	9898.7881	1138.240	324.00000	0.0	0.0	45.0	0.9000000
75	9767.1572	1142.540	324.00000	0.0	0.0	45.0	0.9000000
63	9750.0000	1250.000	372.00000	0.0	3.0	-45.0	4.0000000
61	9750.0000	1250.000	419.99997	0.0	0.0	0.0	1.0000000
48	9911.0195	1204.790	278.00000	0.0	0.0	90.0	1.0000000
48	9810.4785	1415.790	284.65997	0.0	0.0	90.0	1.2000000
77	9883.4492	1329.960	324.00000	-15.0	0.0	-55.0	0.2500000
9	9695.9102	1487.100	315.00000	0.0	0.0	125.0	2.0000000
9	9785.5000	1336.820	315.00000	0.0	0.0	117.0	2.0000000
9	9854.5703	1174.760	315.00000	0.0	0.0	105.0	2.0000000
60	10062.8994	1524.640	135.30066	0.0	0.0	0.0	1.0000000
80	9315.2295	1503.000	324.00000	0.0	0.0	-225.0	0.4000000
80	9245.1602	1349.890	324.00000	0.0	0.0	-225.0	0.3000000
70	9436.1592	1504.580	317.66000	0.0	0.0	0.0	0.8000000
77	9628.8691	1553.880	324.00000	-10.0	0.0	-45.0	0.4000000
101	9662.7100	1284.210	324.00000	0.0	0.0	0.0	0.7000000
77	9564.4600	1455.410	324.00000	-10.0	0.0	180.0	0.4000000
120	9569.6094	1275.890	324.96573	0.0	0.0	35.0	0.6000000
80	9398.2695	1378.940	324.00000	0.0	0.0	90.0	0.5000000
63	9850.0000	850.000	457.00003	0.0	3.0	-45.0	4.0000000
0	9850.0000	1050.000	464.82855	0.0	0.0	0.0	1.0000000
61	9850.0000	850.000	505.00003	0.0	0.0	0.0	1.0000000
57	10026.4941	755.513	324.00000	0.0	0.0	45.0	3.5000000
57	10047.7246	894.420	316.42871	0.0	0.0	45.0	1.7000000
75	9898.2695	928.740	324.00000	0.0	0.0	45.0	0.9000000
63	9850.0000	1050.000	415.00000	0.0	3.0	-45.0	4.0000000
120	9678.0498	786.640	325.07999	0.0	0.0	-45.0	0.6000000
48	9989.0029	895.548	278.00000	0.0	0.0	90.0	1.0000000
77	9976.2598	773.530	324.00000	-15.0	0.0	-90.0	0.2500000
77	9969.9902	1049.600	324.00000	-15.0	0.0	-55.0	0.2500000
75	9869.1611	785.150	324.00000	0.0	0.0	45.0	0.9000000
9	9893.6084	1004.130	315.00000	0.0	0.0	100.0	2.0000000
9	9847.4492	713.650	315.00000	0.0	0.0	50.0	2.0000000
9	9899.0000	840.000	315.00000	0.0	0.0	80.0	2.0000000
101	9776.7002	761.100	324.00000	0.0	0.0	0.0	0.7000000
101	9754.2549	995.580	324.00000	0.0	0.0	0.0	0.7000000
22	9444.7803	945.960	296.86002	0.0	0.0	45.0	1.0000000
115	12239.9990	693.000	29.00000	0.0	0.0	45.0	1.0000000
80	12258.0098	628.690	37.00000	0.0	0.0	135.0	0.2000000
8	12242.2998	666.720	31.00000	0.0	0.0	43.0	2.0000000
77	11850.9785	464.420	24.00000	-20.0	0.0	210.0	0.3500000
77	11919.9902	477.160	24.00000	-10.0	0.0	255.0	0.3500000
77	12160.6289	579.320	40.96446	-10.0	0.0	255.0	0.3500000
95	11956.9492	658.707	24.00000	0.0	0.0	90.0	0.8000000
80	11816.8682	536.250	24.00000	0.0	0.0	-45.0	0.4000000
6	12029.0000	667.000	0.00000	0.0	0.0	135.0	2.0000000
6	12085.8691	603.060	18.00000	0.0	0.0	33.0	2.0000000
6	11937.9482	533.380	18.00000	0.0	0.0	14.0	2.0000000
76	12061.5283	499.690	24.00000	0.0	0.0	40.0	0.2000000
80	12069.9482	585.950	24.00000	0.0	0.0	45.0	0.3000000
115	12006.4893	440.640	42.40384	0.0	0.0	45.0	0.8000000
0	11945.5547	646.864	24.00000	0.0	0.0	0.0	1.0000000
77	11663.1992	432.220	24.00000	-20.0	0.0	210.0	0.2500000
112	11429.7695	504.830	24.00000	0.0	0.0	-43.0	2.0000000
120	11427.2686	640.590	24.00000	0.0	0.0	270.0	0.6000000
6	11774.0703	512.260	18.00000	0.0	0.0	0.0	2.0000000
6	11591.4707	513.900	18.00000	0.0	0.0	0.0	2.0000000
6	11422.7383	535.420	18.00000	0.0	0.0	-10.0	2.0000000
124	11553.6602	571.830	24.00000	0.0	0.0	-405.0	0.7000000
102	11680.6201	521.720	24.00000	0.0	0.0	135.0	0.9000000
101	11610.0000	630.000	24.00000	0.0	0.0	0.0	0.5000000
103	11748.0000	647.000	24.00000	0.0	0.0	90.0	0.6800000
131	11340.6201	668.860	24.00000	0.0	0.0	-385.0	1.6000000
77	11210.4404	540.840	24.00000	-20.0	0.0	165.0	0.3500000
6	11257.9189	577.120	18.00000	0.0	0.0	-15.0	2.0000000
6	11113.8691	637.220	18.00000	0.0	0.0	-30.0	2.0000000
80	11161.7588	654.310	24.00000	0.0	0.0	180.0	0.2000000
77	10935.0000	692.000	24.00000	-15.0	0.0	165.0	0.5500000
63	9750.0000	650.000	495.38083	0.0	3.0	-45.0	4.0000000
0	9750.0000	650.000	545.80090	0.0	0.0	0.0	1.0000000
63	9550.0000	550.000	457.00003	0.0	3.0	-45.0	4.0000000
0	9350.0000	550.000	464.82855	0.0	0.0	0.0	1.0000000
61	9550.0000	550.000	505.00003	0.0	0.0	0.0	1.0000000
57	9875.3193	540.210	312.73001	0.0	0.0	45.0	4.0000000
75	9705.6689	608.410	324.00000	0.0	0.0	0.0	0.9000000
48	9932.9990	667.000	278.00000	0.0	0.0	45.0	1.0000000
48	9725.5283	502.060	278.00000	0.0	0.0	45.0	1.0000000
77	9837.7295	579.770	324.00000	-15.0	0.0	-120.0	0.2500000
9	9733.1592	620.890	315.00000	0.0	0.0	30.0	2.0000000
57	9760.5693	463.420	324.00000	0.0	0.0	45.0	1.5000000
57	9980.0000	643.000	305.34982	0.0	0.0	45.0	1.3000000
57	9530.0996	375.545	324.00000	0.0	0.0	45.0	4.0000000
75	9255.0000	644.000	324.00000	0.0	0.0	45.0	0.8000000
75	9456.0000	526.000	324.00000	0.0	0.0	5.0	0.9000000
63	9350.0000	550.000	415.00000	0.0	3.0	-45.0	4.0000000
48	9481.7402	445.350	278.00000	0.0	0.0	0.0	1.0000000
77	9598.1201	460.730	324.00000	-15.0	0.0	-145.0	0.2500000
77	9371.0498	435.810	324.00000	-15.0	0.0	-190.0	0.2500000
9	9341.5684	541.440	315.00000	0.0	0.0	-15.0	2.0000000
9	9612.8936	556.810	315.00000	0.0	0.0	20.0	2.0000000
9	9468.3926	526.000	315.00000	0.0	0.0	5.0	2.0000000
101	9378.4502	636.720	324.00000	0.0	0.0	0.0	0.7000000
101	9605.2402	632.600	324.00000	0.0	0.0	0.0	0.7000000
57	9644.6689	412.375	324.00000	0.0	0.0	45.0	1.3000000
57	9392.5342	379.306	320.91278	0.0	0.0	45.0	1.7000000
77	9054.9199	2374.200	362.29001	-10.0	0.0	90.0	0.4000000
77	9109.9590	2016.880	340.05399	-10.0	0.0	180.0	0.4000000
71	9099.6494	2240.530	333.58063	20.0	0.0	-30.0	1.0000000
101	8926.6338	2377.222	339.58130	0.0	0.0	0.0	0.7000000
80	8936.7295	2267.930	324.00000	0.0	0.0	-225.0	0.3000000
75	9156.4717	2371.906	372.80768	0.0	0.0	45.0	0.9000000
0	8950.0000	1950.000	570.52600	0.0	0.0	0.0	1.0000000
75	9080.0000	1935.333	341.00000	0.0	0.0	0.0	0.8000000
132	8950.0000	1950.000	325.00000	0.0	0.0	0.0	1.1000000
120	9054.6602	1862.330	324.00000	0.0	0.0	90.0	0.6000000
75	8874.6953	1943.202	324.00000	0.0	0.0	90.0	0.7000000
102	8646.7432	1565.066	323.51837	0.0	0.0	55.0	1.0977551
127	8647.7207	1605.233	214.74080	0.0	0.0	256.1	1.8961223
0	7850.0000	2050.000	571.00000	0.0	0.0	0.0	1.0000000
80	8102.4102	2361.460	324.00000	0.0	0.0	225.0	0.3000000
77	8050.1597	2297.570	221.39999	-10.0	0.0	-160.0	0.4000000
75	8136.2002	2194.210	324.00000	0.0	0.0	45.0	0.9000000
80	8046.5996	2136.660	324.00000	0.0	0.0	180.0	0.3000000
77	7947.3594	2325.150	337.75415	-10.0	0.0	245.0	0.4000000
124	7545.7495	2147.310	354.06778	0.0	0.0	315.0	0.8000000
77	7645.8198	2158.730	354.17349	-10.0	0.0	225.0	0.3000000
71	7803.5195	2207.910	369.43616	0.0	0.0	0.0	1.0000000
101	7954.8896	2147.180	326.43701	0.0	0.0	0.0	0.8000000
132	7850.0000	2050.000	324.00000	0.0	0.0	0.0	1.1000000
20	7541.3301	2066.120	324.00000	10.0	0.0	-675.0	1.1000000
102	7685.0000	2055.274	324.68295	0.0	0.0	0.0	0.7500000
101	7841.5498	2343.140	334.46106	0.0	0.0	0.0	0.7000000
75	7618.9795	1969.940	330.87964	0.0	0.0	45.0	0.9000000
120	7658.9399	1931.160	324.00000	0.0	0.0	-450.0	0.6000000
75	7633.0000	1838.000	324.00000	0.0	0.0	0.0	0.6000000
75	7787.0005	1894.000	324.00000	0.0	0.0	45.0	0.7000000
80	8893.6191	1140.770	324.00000	0.0	0.0	-90.0	0.3000000
75	8501.6895	1139.530	329.44229	0.0	0.0	0.0	0.6000000
127	8642.4854	1532.230	214.74080	0.0	0.0	76.1	1.8961223
101	8440.0742	1211.257	329.04001	0.0	0.0	0.0	0.7000000
71	8916.1797	709.970	315.00000	0.0	0.0	0.0	0.9000000
77	8825.7598	837.060	324.00000	-10.0	0.0	-45.0	0.4000000
120	9076.3301	791.310	328.00000	0.0	0.0	-115.0	0.6000000
77	8981.0283	817.890	212.62999	-10.0	0.0	90.0	0.3000000
80	8950.8301	960.340	324.00000	0.0	0.0	135.0	0.5000000
102	8784.0195	776.763	353.47568	0.0	45.0	-38.0	0.8000000
77	8562.6689	768.470	320.50000	-15.0	0.0	-55.0	0.3000000
122	8677.1396	739.520	349.21408	0.0	0.0	45.0	2.0000000
77	8426.7197	1000.840	335.00000	-10.0	0.0	-45.0	0.4000000
130	8388.5205	943.860	338.00000	0.0	0.0	55.0	1.0000000
20	8543.1592	951.660	324.00000	10.0	0.0	-1440.0	1.1000000
77	8706.0996	825.800	324.00000	-10.0	0.0	-0.0	0.5000000
80	8805.5801	972.220	324.00000	0.0	0.0	-90.0	0.4000000
70	8616.0801	1055.070	344.82339	0.0	0.0	0.0	0.9000000
120	8590.8604	1039.980	350.26001	0.0	0.0	-495.0	0.6000000
9	8600.4199	714.800	315.00000	0.0	0.0	-5.0	2.0000000
9	8439.2100	743.400	315.00000	0.0	0.0	-15.0	2.0000000
104	8489.6504	843.910	348.80594	-10.0	0.0	60.0	0.3000000
0	8350.0000	1150.000	571.00000	0.0	0.0	0.0	1.0000000
71	8128.6401	1248.390	312.70996	0.0	0.0	-30.0	1.0000000
132	8350.0000	1150.000	325.00000	0.0	0.0	0.0	1.1000000
75	8322.7002	1235.490	324.00000	0.0	0.0	0.0	0.6000000
115	7965.9302	707.540	333.07999	0.0	0.0	45.0	1.0000000
112	8108.8188	778.450	333.00000	0.0	0.0	-45.0	1.8000000
75	8334.7598	765.780	335.65549	0.0	0.0	20.0	0.8000000
120	8003.6597	965.860	324.00000	0.0	0.0	-450.0	0.6000000
77	8241.8086	1072.610	9.22000	0.0	0.0	45.0	0.7000000
76	8326.4121	995.920	328.60281	0.0	0.0	450.0	0.3500000
77	8357.5996	862.850	333.00000	-10.0	0.0	-135.0	0.3000000
77	8208.4199	974.750	324.37875	-10.0	0.0	90.0	0.5000000
9	8242.4697	780.970	315.00000	0.0	0.0	-5.0	2.0000000
9	8049.9199	803.310	315.00000	0.0	0.0	-5.0	2.0000000
130	8242.2100	935.970	328.04996	0.0	0.0	0.0	1.0000000
115	8194.2402	840.580	324.72998	0.0	0.0	45.0	1.0000000
77	7649.8101	762.300	324.00000	-10.0	0.0	225.0	0.5000000
77	7767.4600	772.040	324.00000	-10.0	0.0	225.0	0.4000000
77	7851.9995	772.250	324.00000	-10.0	0.0	225.0	0.3000000
77	7545.7695	736.780	324.00000	-10.0	0.0	45.0	0.3000000
77	7729.5996	844.290	323.23999	-10.0	0.0	-0.0	0.3000000
75	7628.5195	832.920	324.00000	0.0	0.0	20.0	0.8000000
9	7856.0000	797.000	315.00000	0.0	0.0	8.0	2.0000000
9	7662.0894	763.380	315.00000	0.0	0.0	20.0	2.0000000
80	7706.9800	963.240	324.00000	0.0	0.0	-90.0	0.3000000
70	7849.0996	965.900	314.43033	0.0	0.0	0.0	0.8000000
104	7897.4097	858.860	326.05356	0.0	0.0	0.0	0.3000000
77	7254.9399	2346.480	324.00000	-10.0	0.0	110.0	0.4000000
77	7325.4395	2229.270	325.90796	-10.0	0.0	200.0	0.5000000
77	7248.7900	2034.210	286.00000	-10.0	0.0	65.0	0.4000000
76	7354.8096	2052.840	338.27182	0.0	0.0	-45.0	0.1500000
9	7290.1499	2401.310	315.00000	0.0	0.0	300.0	2.0000000
9	7355.5000	2209.670	315.00000	0.0	0.0	270.0	2.0000000
9	7281.0503	2008.830	315.00000	0.0	0.0	230.0	2.0000000
124	7429.3999	2133.060	326.85376	-45.0	0.0	315.0	0.7000000
71	7473.8091	1976.120	343.79092	0.0	0.0	0.0	1.0000000
104	7482.2798	1784.210	327.22827	0.0	0.0	0.0	0.5000000
70	7256.0801	1572.850	340.81262	0.0	0.0	0.0	0.8000000
76	7122.4897	1955.980	293.24271	0.0	0.0	45.0	0.1500000
112	7272.7295	1808.230	325.43536	0.0	0.0	-135.0	1.8000000
75	7140.1396	1646.660	338.04999	0.0	0.0	45.0	0.6000000
86	7154.1396	1847.320	324.20459	0.0	0.0	45.0	1.1000000
9	7151.1797	1867.530	315.00000	0.0	0.0	230.0	2.0000000
80	7294.9697	1706.640	335.88229	0.0	0.0	135.0	0.2000000
84	6929.0801	1681.780	338.00000	0.0	0.0	0.0	1.4000000
84	6776.9995	1630.000	324.00000	0.0	0.0	-45.0	1.0000000
84	7008.6802	1828.940	337.00000	0.0	0.0	45.0	1.1000000
9	7080.5298	1736.400	315.00000	0.0	0.0	250.0	2.0000000
9	6938.6001	1566.600	315.00000	0.0	0.0	210.0	2.0000000
57	6049.8091	2105.368	217.20717	0.0	0.0	45.0	5.0000000
57	6041.0791	2350.150	184.62473	0.0	0.0	45.0	3.0000000
27	5850.0000	1986.000	287.00000	0.0	0.0	540.0	3.5000000
37	6096.0000	2411.000	183.00000	0.0	0.0	-270.0	6.8400002
37	6096.0000	1993.000	285.00000	0.0	0.0	-270.0	6.8400002
27	5849.8525	2143.528	246.89424	0.0	0.0	540.0	3.5000000
27	5850.0000	2300.757	208.05557	0.0	0.0	540.0	3.5000000
7	6108.0000	2099.000	300.00000	0.0	0.0	-90.0	6.9099998
37	6096.0000	2202.000	235.99998	0.0	0.0	-270.0	6.8400002
7	6108.0000	2308.000	253.00000	0.0	0.0	-90.0	6.9099998
48	6356.6099	1571.790	259.00000	0.0	0.0	90.0	1.3000000
77	6465.9399	1619.960	324.00000	-10.0	0.0	0.0	0.4000000
77	6630.6597	1584.050	324.00000	-10.0	0.0	0.0	0.3000000
77	6304.2500	1689.350	324.00000	-10.0	0.0	0.0	0.5000000
80	6256.5298	1590.570	322.20517	0.0	0.0	-450.0	0.3000000
9	6366.5396	1619.610	315.00000	0.0	0.0	-205.0	2.0000000
9	6253.4692	1697.950	315.00000	0.0	0.0	-215.0	2.0000000
77	6189.7900	1805.800	324.00000	-10.0	0.0	0.0	0.4000000
75	6078.2202	1802.050	324.00000	0.0	0.0	45.0	0.8000000
104	6149.0000	1657.000	331.00000	0.0	0.0	0.0	0.5500000
7	6108.0000	1890.000	348.00000	0.0	0.0	-90.0	6.9099998
26	5850.0000	1878.000	324.00000	0.0	0.0	-90.0	4.2500000
35	5849.8018	1786.779	324.00000	0.0	0.0	-720.0	3.5999999
9	6160.5146	1749.640	315.00000	0.0	0.0	160.0	2.0000000
9	5827.8262	1774.606	297.86639	0.0	0.0	-180.0	2.0000000
9	6001.3296	1767.776	297.86639	0.0	0.0	-180.0	2.0000000
80	7133.2695	1539.680	335.97702	0.0	0.0	180.0	0.3000000
120	7319.9697	1527.640	331.13098	0.0	0.0	-450.0	0.6000000
71	7010.8101	1470.710	320.19070	0.0	0.0	0.0	1.0000000
75	6873.7295	1372.500	324.00000	0.0	0.0	45.0	0.8000000
9	6737.4292	1509.560	315.00000	0.0	0.0	-170.0	2.0000000
105	6775.8867	1441.253	324.00000	0.0	0.0	0.0	3.0000000
0	7050.0000	750.000	571.00000	0.0	0.0	0.0	1.0000000
105	7177.3994	756.000	326.00000	10.0	0.0	-225.0	2.0000000
120	7481.3203	876.940	324.00000	0.0	0.0	-450.0	0.6000000
77	7361.1494	746.760	324.00000	-10.0	0.0	90.0	0.2000000
9	7492.2896	718.570	315.00000	0.0	0.0	10.0	2.0000000
80	7279.3799	788.550	324.00000	0.0	0.0	-45.0	0.3000000
101	7438.7954	769.729	324.00000	0.0	0.0	0.0	0.8000000
105	6826.5098	772.260	334.13995	10.0	0.0	-135.0	2.0000000
80	7086.3496	788.870	324.00000	0.0	0.0	-55.0	0.3000000
105	7026.6001	865.990	324.00000	10.0	0.0	-585.0	1.8000000
120	6775.5503	770.880	326.67999	0.0	0.0	-405.0	0.6000000
132	7050.0000	750.000	324.00000	0.0	0.0	0.0	1.1000000
70	6915.9600	870.740	319.99997	0.0	0.0	-45.0	0.9000000
0	6450.0000	1450.000	571.00000	0.0	0.0	0.0	1.0000000
75	6306.5698	1508.250	324.00000	0.0	0.0	45.0	0.8000000
80	6387.7598	1505.610	324.00000	0.0	0.0	-45.0	0.3000000
104	6641.3003	1304.780	327.31000	0.0	0.0	0.0	0.3000000
132	6450.0000	1450.000	324.00000	0.0	0.0	0.0	1.1000000
71	6577.7695	1464.620	324.00000	0.0	0.0	0.0	1.2000000
9	6526.3804	1539.060	315.00000	0.0	0.0	-200.0	2.0000000
120	6246.5898	1498.720	324.00000	0.0	0.0	-495.0	0.6000000
80	6629.3398	714.270	324.67810	0.0	0.0	-135.0	0.4000000
71	6398.3799	793.759	310.80426	0.0	0.0	0.0	1.0000000
80	6264.4995	791.750	324.00000	0.0	0.0	-90.0	0.4000000
77	5871.1411	848.260	324.00000	-10.0	0.0	-225.0	0.4000000
120	6226.0000	937.000	324.00000	0.0	0.0	-495.0	0.5500000
9	5833.5996	936.850	315.00000	0.0	0.0	-20.0	2.0000000
9	6006.6997	843.153	315.00000	0.0	0.0	-30.0	2.0000000
9	6144.3301	769.840	315.00000	0.0	0.0	-20.0	2.0000000
70	6009.0391	976.030	324.00000	0.0	0.0	0.0	1.0000000
80	6121.5601	895.070	318.87000	0.0	0.0	-135.0	0.3000000
75	5916.0791	839.890	329.04996	0.0	0.0	90.0	0.6000000
75	8923.0000	566.000	325.82257	0.0	0.0	-10.0	0.8000000
101	9223.9463	547.630	321.84000	0.0	0.0	0.0	0.7000000
63	9150.0000	650.000	372.00000	0.0	3.0	-45.0	4.0000000
48	9220.0000	489.228	278.00000	0.0	0.0	0.0	1.0000000
48	9008.4385	589.060	287.21039	0.0	0.0	90.0	1.2000000
75	9050.6885	658.200	324.00000	0.0	0.0	45.0	0.9000000
61	9150.0000	650.000	419.99997	0.0	0.0	0.0	1.0000000
77	9102.7295	524.570	324.00000	-15.0	0.0	-190.0	0.2500000
9	8976.8398	656.263	315.00000	0.0	0.0	-15.0	2.0000000
9	9164.7441	596.703	315.00000	0.0	0.0	-17.0	2.0000000
101	8797.9502	590.420	329.89996	0.0	0.0	0.0	0.9000000
84	8572.0000	661.020	358.00000	0.0	0.0	-45.0	1.2000000
84	8485.0000	663.020	329.00000	0.0	0.0	-180.0	1.1000000
77	8769.1201	702.880	308.12640	-10.0	0.0	180.0	0.4000000
9	8789.0000	690.820	315.00000	0.0	0.0	-5.0	2.0000000
75	8703.3096	593.710	332.54999	0.0	0.0	35.0	0.6000000
101	8310.4502	678.490	333.34595	0.0	0.0	0.0	0.7000000
75	7902.7002	680.330	335.09485	0.0	0.0	45.0	0.6000000
77	7565.2002	687.290	324.00000	-10.0	0.0	180.0	0.4000000
77	7728.0000	688.000	324.00000	-20.0	0.0	180.0	0.2500000
77	7829.1299	696.300	324.00000	-20.0	0.0	225.0	0.2000000
75	7583.1895	610.600	334.65997	0.0	0.0	45.0	0.6000000
75	7663.1997	638.250	331.57587	0.0	0.0	0.0	0.4000000
77	7458.0537	652.967	324.00000	-10.0	0.0	135.0	0.3000000
77	7516.4697	609.040	339.00000	-20.0	0.0	200.0	0.1500000
84	7144.9995	632.275	343.71365	0.0	0.0	0.0	1.3000000
9	7304.4297	675.860	315.00000	0.0	0.0	20.0	2.0000000
9	7147.6997	635.280	315.00000	0.0	0.0	10.0	2.0000000
49	7293.0498	647.470	335.58774	0.0	0.0	90.0	0.7100000
49	7353.4897	590.160	344.02917	0.0	0.0	45.0	0.6100000
108	7350.7920	594.219	251.39999	0.0	0.0	0.0	0.7500000
120	7004.7798	697.040	326.26154	0.0	0.0	-135.0	0.6000000
84	6991.2100	608.500	324.00000	0.0	0.0	-45.0	1.5000000
84	6754.4297	668.530	324.00000	0.0	0.0	0.0	1.5000000
9	6968.7700	620.070	315.00000	0.0	0.0	0.0	2.0000000
9	6779.3398	618.860	315.00000	0.0	0.0	0.0	2.0000000
77	6615.2197	614.450	324.00000	-10.0	0.0	-135.0	0.5000000
77	6515.6792	634.320	324.00000	-20.0	0.0	-315.0	0.4000000
9	6301.2798	696.094	315.00000	0.0	0.0	-20.0	2.0000000
9	6591.6899	617.050	315.00000	0.0	0.0	0.0	2.0000000
9	6435.8696	643.220	315.00000	0.0	0.0	-15.0	2.0000000
101	6330.0298	547.130	332.65192	0.0	0.0	0.0	0.5000000
102	6453.9497	544.320	333.23999	0.0	0.0	-10.0	0.8000000
101	6564.5186	500.111	328.47998	0.0	0.0	-45.0	0.7000000
126	6177.7598	703.050	340.65262	0.0	0.0	85.0	2.5999999
86	5074.9399	5432.280	24.00000	0.0	0.0	0.0	1.3000000
71	4992.7202	5512.060	24.00000	5.0	0.0	15.0	0.8000000
71	5162.9995	5477.000	39.00000	20.0	0.0	0.0	0.8000000
6	5142.2700	5427.290	18.00000	0.0	0.0	150.0	2.0000000
6	4974.5801	5523.830	18.00000	0.0	0.0	150.0	2.0000000
77	5443.4595	5304.310	24.00000	-15.0	0.0	0.0	0.4000000
76	5657.7402	5219.450	24.00000	0.0	0.0	75.0	0.4000000
76	5751.0898	5299.520	24.00000	0.0	0.0	120.0	0.2500000
80	5506.5498	5186.730	24.00000	0.0	0.0	45.0	0.5000000
6	5482.9800	5255.710	18.00000	0.0	0.0	165.0	2.0000000
6	5677.4526	5224.300	18.00000	0.0	0.0	180.0	2.0000000
80	5735.0098	5106.280	24.00000	0.0	0.0	-45.0	0.4000000
76	5562.1597	5289.309	24.00000	0.0	0.0	30.0	0.3000000
77	5284.6494	5349.640	24.00000	0.0	0.0	45.0	0.6000000
77	5346.0596	5236.960	24.00000	0.0	0.0	-45.0	0.3000000
80	5391.0000	5011.000	24.00000	0.0	0.0	45.0	0.3500000
71	4975.5801	5379.210	24.00000	5.0	0.0	15.0	0.6000000
115	5357.0093	5137.060	24.00000	0.0	0.0	45.0	1.3000000
104	5106.7495	5356.800	24.00000	0.0	0.0	0.0	0.3500000
120	5167.8701	5320.730	24.00000	0.0	0.0	45.0	0.6000000
6	5301.4902	5336.010	18.00000	0.0	0.0	150.0	2.0000000
80	5241.9302	5119.350	24.00000	0.0	0.0	45.0	0.3000000
115	5139.2598	5249.750	24.00000	0.0	0.0	45.0	1.3000000
115	5122.5996	5124.620	24.00000	0.0	0.0	45.0	1.0000000
77	4766.9492	5695.489	24.00000	0.0	0.0	0.0	0.3000000
77	4871.6899	5641.160	24.00000	0.0	0.0	-45.0	0.2000000
77	4636.2803	5782.810	24.00000	0.0	0.0	-45.0	0.4000000
77	4591.2300	5813.920	24.00000	0.0	0.0	0.0	0.5000000
86	4905.5698	5550.620	24.00000	0.0	0.0	-205.0	1.0000000
115	4547.9902	5577.800	76.93000	0.0	0.0	45.0	1.3000000
6	4817.6802	5596.180	18.00000	0.0	0.0	160.0	2.0000000
6	4646.0400	5703.600	18.00000	0.0	0.0	140.0	2.0000000
105	4809.2598	5559.810	24.00000	0.0	0.0	0.0	2.0000000
77	4119.5298	5479.369	29.56101	-15.0	0.0	65.0	0.2500000
120	4193.8887	5463.059	56.30787	0.0	0.0	225.0	0.6000000
80	4362.5400	5443.710	34.26452	0.0	0.0	-45.0	0.3000000
77	4497.1201	5744.920	24.00000	0.0	0.0	0.0	0.3000000
120	4523.7295	5714.330	24.00000	0.0	0.0	45.0	0.6000000
131	4203.5068	5580.441	29.57422	0.0	0.0	-555.0	2.0000000
77	4597.1582	5195.000	58.30557	20.0	0.0	90.0	0.2500000
77	4257.0400	5384.810	64.54000	-15.0	0.0	-70.0	0.4000000
77	4396.0898	5210.070	44.15000	-15.0	0.0	155.0	0.3500000
77	4409.0000	5039.000	33.54721	-15.0	0.0	215.0	0.2500000
80	4131.0898	5368.310	41.78000	-10.0	0.0	90.0	0.3000000
120	4325.2798	5287.680	67.44849	0.0	0.0	180.0	0.6000000
120	4500.0000	5210.000	52.86030	0.0	0.0	270.0	0.6000000
131	4283.5889	5064.530	23.26149	0.0	0.0	-780.0	2.0000000
131	4467.1187	5346.004	23.99000	0.0	0.0	-645.0	2.0000000
131	4150.0693	5260.658	24.00000	0.0	0.0	-735.0	2.0000000
0	5608.0522	4557.497	0.00000	0.0	0.0	0.0	1.0000000
80	5430.8359	4720.754	24.00000	0.0	0.0	45.0	0.3000000
120	5633.6099	4729.299	24.00000	0.0	0.0	80.0	0.6000000
120	5269.3501	4950.140	24.00000	0.0	0.0	135.0	0.6000000
120	4997.8799	4730.640	18.92000	0.0	0.0	45.0	0.6000000
80	5271.8198	4665.999	24.00000	0.0	0.0	-225.0	0.4000000
0	5054.6709	4597.722	0.54675	0.0	0.0	0.0	1.0000000
120	5722.5298	4439.380	24.00000	0.0	0.0	135.0	0.6000000
0	5420.2646	4533.314	0.00000	0.0	0.0	0.0	1.0000000
0	5448.3594	4390.622	0.00000	0.0	0.0	0.0	1.0000000
80	5545.4087	4227.826	17.91500	0.0	0.0	45.0	0.4000000
80	5583.5312	4306.234	18.66500	0.0	0.0	0.0	0.3000000
0	5351.3398	4119.820	1.58000	0.0	0.0	0.0	1.0000000
80	5014.4399	4283.045	23.99935	0.0	0.0	45.0	0.3000000
80	5003.5200	4377.355	18.32065	0.0	0.0	-45.0	0.3000000
0	5225.5869	4335.690	0.00000	0.0	0.0	0.0	1.0000000
120	5116.4297	4260.490	11.74361	0.0	0.0	-135.0	0.6000000
0	5124.4497	4463.620	0.00000	0.0	0.0	0.0	1.0000000
0	5281.1602	4459.160	0.00000	0.0	0.0	0.0	1.0000000
0	5336.9062	4268.228	0.00000	0.0	0.0	0.0	1.0000000
0	5342.0000	4443.190	83.75515	0.0	0.0	0.0	1.0000000
0	4824.2017	4717.911	0.00000	0.0	0.0	0.0	1.0000000
120	4711.9800	4791.920	21.12479	0.0	0.0	180.0	0.6000000
80	4781.1094	4926.060	24.00000	0.0	0.0	90.0	0.3000000
80	4709.0796	4620.369	24.00000	0.0	0.0	225.0	0.3000000
80	4375.1699	4951.880	34.11657	0.0	0.0	90.0	0.3000000
120	4877.6216	4507.139	24.00000	0.0	0.0	-135.0	0.6000000
80	3353.4099	4983.370	42.44000	0.0	0.0	-405.0	0.2000000
131	2859.3101	5425.380	25.85146	0.0	0.0	-315.0	2.0000000
77	2798.8899	5509.690	50.01445	-15.0	0.0	-70.0	0.2500000
77	2530.8699	5524.990	49.72590	-15.0	0.0	20.0	0.4500000
77	2693.5540	5503.382	53.48866	-15.0	0.0	-25.0	0.2000000
80	2588.0000	5695.000	50.00000	-15.0	0.0	-405.0	0.3000000
120	2524.7292	5454.601	57.76751	0.0	0.0	450.0	0.6000000
131	2702.0698	5645.510	49.65144	0.0	0.0	-600.0	2.0000000
131	3237.0098	5129.550	24.00000	0.0	0.0	-225.0	2.0000000
120	3223.8899	5382.150	23.39651	10.0	0.0	145.0	0.6000000
77	3104.2397	4992.270	44.10000	-15.0	0.0	155.0	0.2000000
77	3083.5698	5120.320	42.46350	-15.0	0.0	65.0	0.4500000
77	3116.8840	5292.174	49.66739	-15.0	0.0	-25.0	0.2500000
120	3280.8899	4819.090	46.00000	0.0	0.0	125.0	0.6000000
120	3363.1497	4274.029	24.00000	0.0	0.0	110.0	0.7000000
123	3350.0000	4150.000	24.00000	0.0	0.0	0.0	0.6000000
77	3039.9297	4755.400	42.29000	-15.0	0.0	65.0	0.2500000
77	3223.5085	4950.000	60.00000	-15.0	0.0	-70.0	0.4000000
120	2940.5415	4683.589	34.93011	0.0	0.0	145.0	0.6000000
77	3159.0000	4819.000	64.00000	-15.0	0.0	-115.0	0.3000000
77	3007.0596	4652.730	59.20357	-15.0	0.0	-160.0	0.3000000
131	3064.5896	4895.250	37.89081	0.0	0.0	-90.0	2.0000000
131	3120.4600	4690.029	26.36000	0.0	0.0	-315.0	2.0000000
122	3047.1301	4251.320	24.00000	0.0	0.0	0.0	2.5000000
0	2495.8325	4246.747	0.00000	0.0	0.0	0.0	1.0000000
120	2765.5222	4208.682	15.72527	0.0	0.0	-135.0	0.6000000
80	2654.7800	4379.369	17.65523	0.0	0.0	-360.0	0.3500000
120	5468.9600	3996.020	24.00000	0.0	0.0	135.0	0.6000000
80	5180.1499	4100.240	24.00000	0.0	0.0	0.0	0.3500000
120	5303.6597	3963.140	24.00000	0.0	0.0	225.0	0.6000000
120	5624.6099	3358.770	24.00000	0.0	0.0	-160.0	0.6000000
120	5353.8096	3273.640	24.00000	0.0	0.0	-50.0	0.6000000
80	4146.8398	3738.870	24.00000	0.0	0.0	-180.0	0.2500000
104	5515.2798	3223.340	24.00000	0.0	0.0	0.0	0.4000000
80	5421.9995	3163.710	31.18086	0.0	0.0	-45.0	0.3000000
7	5594.0000	2936.000	91.00000	0.0	0.0	90.0	6.9099998
37	5596.9995	3042.000	19.00000	0.0	0.0	-270.0	6.8400002
7	5594.0000	3150.000	34.00000	0.0	0.0	-270.0	8.3299999
6	5479.1196	3213.449	18.00000	0.0	0.0	5.0	2.0000000
122	5418.8574	3244.076	24.00000	0.0	0.0	0.0	2.5000000
77	5089.7100	3021.488	24.00000	0.0	0.0	45.0	0.6000000
77	5330.0000	3163.156	27.00000	0.0	0.0	90.0	0.3500000
80	4977.0098	2914.000	24.00000	0.0	0.0	135.0	0.4000000
6	5109.0000	3067.388	15.00000	0.0	0.0	28.0	2.0000000
6	5262.5400	3143.220	18.00000	0.0	0.0	28.0	2.0000000
71	5185.6592	3175.210	24.00000	0.0	0.0	0.0	0.8000000
80	5291.3896	3104.910	33.84999	0.0	0.0	45.0	0.4000000
37	5596.9995	2413.000	179.00000	0.0	0.0	-270.0	6.8400002
37	5596.9995	2832.000	72.99999	0.0	0.0	-270.0	6.8400002
7	5594.0000	2518.000	197.99998	0.0	0.0	90.0	6.9099998
37	5596.9995	2623.000	126.00000	0.0	0.0	-270.0	6.8400002
7	5594.0000	2728.000	145.99998	0.0	0.0	90.0	6.9099998
115	4807.7993	2872.740	24.00000	0.0	0.0	45.0	2.0000000
77	4917.0098	2917.970	24.00000	-15.0	0.0	90.0	0.4000000
8	4960.8799	2911.960	24.00000	0.0	0.0	37.0	2.0000000
80	4195.0498	3219.400	23.05102	0.0	0.0	90.0	0.3000000
123	4577.7998	2560.050	24.00000	0.0	0.0	0.0	0.5000000
80	4746.7500	2769.260	24.00000	0.0	0.0	0.0	0.4000000
8	4714.0000	2662.000	24.00000	0.0	0.0	57.0	2.0000000
8	4819.9897	2795.410	24.00000	0.0	0.0	46.0	2.0000000
8	4619.1221	2527.420	24.00000	0.0	0.0	53.0	2.0000000
120	4565.8501	2714.120	24.00000	0.0	0.0	315.0	0.6000000
76	4628.4102	2626.460	24.00000	0.0	0.0	360.0	0.2000000
104	4694.6997	2698.450	27.59000	0.0	0.0	0.0	0.4000000
80	4507.0200	2484.590	24.00000	0.0	0.0	0.0	0.4000000
6	4460.3994	2419.940	13.52348	0.0	0.0	45.0	2.0000000
80	3756.9297	3907.130	23.53545	0.0	0.0	-180.0	0.3500000
120	4054.5200	3856.570	24.00000	0.0	0.0	190.0	0.6000000
120	3673.4700	3716.030	24.00000	0.0	0.0	135.0	0.6000000
0	3420.7661	3775.247	0.00000	0.0	0.0	0.0	1.0000000
120	3558.9124	3942.989	10.31732	0.0	0.0	-90.0	0.6000000
80	3486.3599	4040.330	22.52000	0.0	0.0	-90.0	0.3500000
0	3331.8652	3749.433	0.00000	0.0	0.0	0.0	1.0000000
80	3915.5898	3370.500	25.93000	0.0	0.0	0.0	0.3000000
131	4003.0498	3305.860	28.92000	0.0	0.0	-600.0	1.8000000
80	3562.3501	3589.540	24.00000	0.0	0.0	-315.0	0.3000000
80	3460.8699	3605.390	18.43477	0.0	0.0	-225.0	0.4000000
131	3584.9399	3321.860	25.74000	0.0	0.0	-510.0	1.8000000
80	2955.2397	4102.360	19.03848	0.0	0.0	0.0	0.3500000
120	3232.4397	3893.860	0.00000	0.0	0.0	90.0	0.6000000
0	2928.1008	3808.794	0.00000	0.0	0.0	0.0	1.0000000
0	3204.0942	3715.782	0.00000	0.0	0.0	0.0	1.0000000
123	3148.0000	4061.000	24.00000	0.0	0.0	90.0	0.3000000
0	3063.2297	3700.312	0.00000	0.0	0.0	0.0	1.0000000
80	2421.5798	3859.010	19.37889	0.0	0.0	-225.0	0.4000000
0	2785.9797	3743.470	0.00000	0.0	0.0	0.0	1.0000000
0	2597.7500	4078.800	0.00000	0.0	0.0	0.0	1.0000000
0	2732.7000	4000.960	0.00000	0.0	0.0	0.0	1.0000000
0	2723.0796	3868.970	0.00000	0.0	0.0	0.0	1.0000000
120	3228.6565	3564.486	15.40094	0.0	0.0	-90.0	0.6000000
100	2907.7798	3589.710	0.00000	0.0	0.0	48.0	5.0000000
0	2841.8530	3369.781	0.00000	0.0	0.0	0.0	1.0000000
0	2936.7898	3505.440	0.00000	0.0	0.0	0.0	1.0000000
0	3000.6997	3583.420	0.00000	0.0	0.0	0.0	1.0000000
120	3017.9229	3274.935	24.00000	0.0	0.0	135.0	0.6000000
80	3142.9998	3426.000	19.55040	0.0	0.0	-225.0	0.3000000
0	2785.2961	3593.568	0.00000	0.0	0.0	0.0	1.0000000
120	2561.9580	3605.193	24.00000	0.0	0.0	-180.0	0.6000000
80	2510.9998	3365.000	13.69420	5.0	0.0	-225.0	0.4000000
0	2719.5718	3370.288	0.00000	0.0	0.0	0.0	1.0000000
77	3764.1785	3113.114	62.04012	-15.0	0.0	65.0	0.4500000
77	3970.6101	3169.150	8.85000	-25.0	0.0	-25.0	0.2000000
77	3787.5598	3235.140	58.00000	-25.0	0.0	-25.0	0.2000000
77	3872.1199	3160.300	54.46695	-15.0	0.0	-70.0	0.3000000
80	3900.3201	3030.250	29.53619	0.0	0.0	135.0	0.3000000
131	4037.5000	3066.520	26.00000	0.0	0.0	-645.0	1.8000000
77	3645.5999	3191.070	75.00000	-25.0	0.0	110.0	0.3000000
80	3330.4592	2984.324	39.98154	0.0	0.0	90.0	0.4000000
77	3471.8999	3036.550	60.44025	-25.0	0.0	110.0	0.2000000
131	3594.6899	3031.710	31.82000	0.0	0.0	-735.0	1.8000000
131	3369.4226	3135.450	24.00000	0.0	0.0	-825.0	1.8000000
80	2927.7698	3081.770	17.92000	0.0	0.0	90.0	0.4000000
120	2412.5300	3083.470	20.99281	0.0	0.0	-45.0	0.6000000
120	2770.1970	2876.159	22.56899	0.0	0.0	-45.0	0.6000000
0	2600.1399	2915.196	0.00000	0.0	0.0	0.0	1.0000000
0	2705.3699	3173.210	0.00000	0.0	0.0	0.0	1.0000000
0	2668.6396	3047.680	0.00000	0.0	0.0	0.0	1.0000000
120	2500.0500	2702.200	23.47202	0.0	0.0	-135.0	0.6000000
80	2645.0000	2704.000	20.00000	0.0	0.0	-405.0	0.3000000
131	2410.1086	5398.482	47.13764	0.0	0.0	-285.0	2.0000000
77	2341.1799	5448.560	51.46355	-15.0	0.0	65.0	0.2000000
80	2095.1299	5436.630	29.60000	0.0	0.0	-405.0	0.2000000
131	2343.9600	5583.120	26.09000	0.0	0.0	-465.0	2.0000000
77	2262.4917	5352.269	59.56984	-15.0	0.0	-160.0	0.3000000
80	2160.9998	5248.000	34.82567	-15.0	0.0	-585.0	0.3000000
77	1604.1826	5128.513	43.37708	-15.0	0.0	20.0	0.2500000
80	1600.1299	5044.710	65.60700	0.0	0.0	-405.0	0.3000000
131	1726.0399	5012.250	50.49893	0.0	0.0	-600.0	2.0000000
120	1276.2126	5424.122	11.37218	0.0	0.0	540.0	0.5000000
120	1353.8400	5651.610	20.09000	0.0	0.0	315.0	0.5000000
77	777.0000	5647.000	24.00000	0.0	0.0	105.0	0.4500000
77	750.0000	5560.000	24.00000	0.0	0.0	105.0	0.3000000
77	787.9999	5791.000	24.00000	0.0	0.0	195.0	0.3000000
80	994.4200	5811.690	24.00000	0.0	0.0	-90.0	0.5000000
120	816.1799	5413.139	24.00000	0.0	0.0	315.0	0.6000000
6	786.6600	5465.160	18.00000	0.0	0.0	-115.0	2.0000000
6	856.3900	5818.020	18.00000	0.0	0.0	250.0	2.0000000
6	831.8400	5653.510	18.00000	0.0	0.0	-90.0	2.0000000
80	851.5500	5572.990	24.00000	0.0	0.0	0.0	0.3000000
131	1479.7999	5018.140	24.11300	0.0	0.0	-465.0	2.0000000
6	742.9608	4977.000	18.00000	0.0	0.0	-80.0	2.0000000
6	725.4915	5123.900	18.00000	0.0	0.0	-90.0	2.0000000
6	732.8000	5300.120	18.00000	0.0	0.0	-100.0	2.0000000
123	757.3700	5194.100	24.00000	0.0	0.0	-135.0	0.3000000
122	783.0000	5110.000	24.00000	0.0	0.0	45.0	1.5000000
122	762.5000	5338.170	24.00000	0.0	0.0	45.0	1.5000000
77	2032.9298	4812.500	64.40837	-15.0	0.0	-70.0	0.2500000
120	2103.9500	4789.230	43.46694	0.0	0.0	100.0	0.6000000
131	2021.9998	4725.000	38.00000	0.0	0.0	90.0	1.8000000
77	1640.9299	4934.240	51.29000	-15.0	0.0	110.0	0.3000000
77	1796.1100	4808.140	19.64789	-15.0	0.0	-115.0	0.4500000
80	1955.1578	4804.451	47.10431	0.0	0.0	-405.0	0.3000000
80	1730.9200	4860.549	46.15000	0.0	0.0	-405.0	0.3000000
80	1793.3899	4665.029	40.23000	0.0	0.0	-405.0	0.2000000
80	1870.0001	4737.000	35.00000	0.0	0.0	-405.0	0.3000000
131	1675.6917	4714.539	26.33065	0.0	0.0	-420.0	2.0000000
131	1863.1500	4576.100	38.92000	0.0	0.0	-690.0	1.8000000
131	1903.4498	4679.010	26.00000	0.0	0.0	-680.0	2.0999999
120	2354.5701	4134.090	11.08363	0.0	0.0	-180.0	0.6000000
80	2280.4500	4415.280	24.00000	0.0	0.0	-405.0	0.3000000
80	2352.8298	4448.230	24.00000	0.0	0.0	-360.0	0.2000000
77	1782.3599	4535.020	38.92000	-15.0	0.0	-160.0	0.3000000
6	847.1900	4687.010	18.00000	0.0	0.0	-60.0	2.0000000
77	801.8000	4699.120	24.00000	0.0	0.0	150.0	0.3500000
77	724.2300	4808.200	24.00000	0.0	0.0	150.0	0.2500000
77	795.2200	4788.210	24.00000	-25.0	0.0	-70.0	0.2500000
76	811.3100	4585.600	15.13420	0.0	0.0	160.0	0.1500000
120	754.4500	4928.650	24.00000	0.0	0.0	360.0	0.6000000
6	938.0000	4556.700	18.00000	0.0	0.0	-50.0	2.0000000
6	779.8300	4839.390	18.00000	0.0	0.0	-70.0	2.0000000
115	1025.0299	4727.150	24.00000	0.0	0.0	0.0	0.8000000
115	943.4000	4640.370	24.00000	0.0	0.0	0.0	1.5000000
120	1280.6100	4131.380	24.00000	0.0	0.0	270.0	0.6000000
102	1170.2800	4180.660	24.00000	0.0	15.0	25.0	0.7000000
120	1175.4800	4274.740	24.00000	0.0	0.0	405.0	0.6000000
6	1151.2898	4280.410	18.00000	0.0	0.0	-55.0	2.0000000
80	1299.4399	4185.840	24.00000	0.0	0.0	-135.0	0.3000000
77	1073.7900	4285.450	24.00000	0.0	0.0	105.0	0.3500000
77	988.2899	4395.470	24.00000	0.0	0.0	150.0	0.2500000
77	915.1899	4468.970	24.00000	0.0	0.0	195.0	0.1700000
80	1085.9900	4405.239	24.00000	0.0	0.0	-135.0	0.3000000
80	925.5099	4527.460	24.00000	0.0	0.0	45.0	0.1500000
6	1047.9099	4423.020	18.00000	0.0	0.0	-50.0	2.0000000
60	731.7000	4271.190	35.23638	0.0	0.0	0.0	1.0000000
80	995.5400	4466.310	24.00000	0.0	0.0	45.0	0.2000000
57	483.6800	5711.000	361.82224	0.0	0.0	0.0	3.0000000
85	320.4247	5762.810	88.00000	0.0	0.0	-0.0	1.0000000
85	285.3000	5558.120	88.00000	0.0	0.0	-0.0	1.0000000
9	282.4500	5804.850	315.00000	0.0	0.0	70.0	2.0000000
85	269.9144	5731.720	250.00000	0.0	0.0	-0.0	1.0000000
85	159.7550	5558.050	250.00000	0.0	0.0	-0.0	1.0000000
9	239.6600	5618.920	315.00000	0.0	0.0	80.0	2.0000000
9	213.4100	5434.379	315.00000	0.0	0.0	90.0	2.0000000
85	32.1235	5687.194	324.00000	0.0	0.0	0.0	1.0000000
85	34.5447	5440.078	324.00003	0.0	0.0	-0.0	1.0000000
123	655.0000	5115.000	24.00000	0.0	0.0	-120.0	0.4000000
60	440.2514	5380.516	24.30466	0.0	0.0	0.0	1.0000000
85	151.9886	5163.620	250.00000	0.0	0.0	-0.0	1.0000000
85	259.9553	5178.617	88.00000	0.0	0.0	-0.0	1.0000000
85	133.3000	5006.819	24.00000	0.0	0.0	-0.0	1.0000000
85	192.2520	5375.465	250.00000	0.0	0.0	-0.0	1.0000000
85	173.8700	5226.280	250.00000	0.0	0.0	-0.0	1.0000000
85	252.3600	5374.990	88.00000	0.0	0.0	-0.0	1.0000000
85	140.7800	5263.253	59.84733	0.0	0.0	-0.0	1.0000000
9	213.0000	5283.000	315.00000	0.0	0.0	85.0	2.0000000
9	203.7000	5099.669	315.00000	0.0	0.0	90.0	2.0000000
85	37.5182	5066.433	324.00000	0.0	0.0	-0.0	1.0000000
85	109.7175	5236.668	324.00000	0.0	0.0	0.0	1.0000000
76	697.2100	4920.960	24.00000	0.0	0.0	70.0	0.1500000
85	344.0800	4584.330	88.00000	0.0	0.0	0.0	1.0000000
60	471.9406	4771.000	25.00000	0.0	0.0	0.0	1.0000000
85	168.7000	4969.640	250.00000	0.0	0.0	-0.0	1.0000000
85	249.4900	4864.170	250.00000	0.0	0.0	0.0	1.0000000
85	157.0400	4858.220	25.00000	0.0	0.0	-0.0	1.0000000
85	183.2600	4748.110	250.00000	0.0	0.0	-0.0	1.0000000
85	248.3400	4547.633	250.00000	0.0	0.0	0.0	1.0000000
85	275.6700	4768.770	88.00000	0.0	0.0	0.0	1.0000000
85	258.5653	4971.641	88.00000	0.0	0.0	0.0	1.0000000
9	212.0900	4893.679	315.00000	0.0	0.0	100.0	2.0000000
9	246.0000	4695.907	315.00000	0.0	0.0	108.0	2.0000000
85	16.6427	4866.022	324.00000	0.0	0.0	-0.0	1.0000000
85	37.0294	4673.274	324.00000	0.0	0.0	-0.0	1.0000000
57	615.0800	4444.900	338.04236	0.0	0.0	0.0	3.0000000
85	309.2000	4333.179	250.00000	0.0	0.0	0.0	1.0000000
85	448.7900	4155.995	250.00000	0.0	0.0	0.0	1.0000000
85	355.1000	4418.639	250.00000	0.0	0.0	-0.0	1.0000000
85	539.8800	4289.140	88.00000	0.0	0.0	0.0	1.0000000
85	420.7300	4428.050	88.00000	0.0	0.0	0.0	1.0000000
85	608.6848	4127.529	88.00000	0.0	0.0	0.0	1.0000000
9	324.5700	4519.850	315.00000	0.0	0.0	115.0	2.0000000
9	560.9999	4131.000	315.00000	0.0	0.0	100.0	2.0000000
9	397.4799	4377.100	315.00000	0.0	0.0	120.0	2.0000000
9	500.5100	4234.120	315.00000	0.0	0.0	132.0	2.0000000
85	179.5200	4230.590	324.00000	0.0	0.0	-0.0	1.0000000
85	143.4439	4139.215	324.00003	0.0	0.0	0.0	1.0000000
85	23.5074	4278.750	324.00000	0.0	0.0	-0.0	1.0000000
85	38.2080	4465.230	324.00000	0.0	0.0	-0.0	1.0000000
80	2347.9199	3924.070	19.37889	0.0	0.0	-315.0	0.3000000
120	1789.0200	3712.530	24.00000	0.0	0.0	45.0	0.4000000
127	1990.0522	3529.905	24.00000	0.0	0.0	-405.0	2.0000000
127	1808.7076	3387.295	24.00000	0.0	0.0	-225.0	2.0000000
115	1903.0001	3349.000	24.00000	0.0	0.0	45.0	1.2000000
115	1888.7928	3590.815	24.00000	0.0	0.0	45.0	1.5000000
80	1756.8981	3532.360	24.00000	0.0	0.0	-405.0	0.2000000
120	1921.9597	3454.711	24.00000	0.0	0.0	360.0	0.6000000
115	1679.7300	3373.080	24.00000	0.0	0.0	45.0	0.9000000
85	1138.0000	4106.000	10.43037	0.0	0.0	0.0	0.8000000
6	1139.2500	3885.650	18.00000	0.0	0.0	-115.0	2.0000000
120	1150.4800	3716.950	24.00000	0.0	0.0	360.0	0.6000000
6	1209.8842	4084.140	18.00000	0.0	0.0	-90.0	2.0000000
80	1248.3998	4044.790	24.00000	0.0	0.0	-225.0	0.3000000
104	1227.2400	3924.110	24.93000	0.0	0.0	45.0	0.3000000
77	1052.6600	3845.449	24.00000	0.0	0.0	155.0	0.3000000
104	1125.9999	3869.000	24.93611	0.0	0.0	45.0	0.2000000
6	1108.8499	3764.520	18.00000	0.0	0.0	-90.0	2.0000000
60	799.0000	3817.000	25.00000	0.0	0.0	0.0	1.0000000
115	1368.3600	3311.660	24.00000	0.0	0.0	45.0	1.0000000
115	1241.2000	3349.950	24.00000	0.0	0.0	0.0	1.5000000
6	1196.4000	3309.000	18.00000	0.0	0.0	-55.0	2.0000000
6	1142.3599	3427.680	18.00000	0.0	0.0	-75.0	2.0000000
77	1054.9200	3691.360	24.00000	-15.0	0.0	65.0	0.4500000
115	1108.1400	3428.730	24.00000	0.0	0.0	90.0	2.0000000
115	1129.7200	3563.440	24.00000	0.0	0.0	45.0	1.0000000
57	717.6800	3577.310	343.02258	0.0	0.0	0.0	3.0000000
6	1115.7599	3582.980	18.00000	0.0	0.0	-85.0	2.0000000
60	772.9200	3400.650	36.73412	0.0	0.0	0.0	1.0000000
80	2384.3999	2876.220	20.45515	0.0	0.0	0.0	0.4000000
80	1909.6399	3201.040	24.00000	0.0	0.0	-315.0	0.2000000
80	1577.7699	2764.550	24.00000	0.0	0.0	-155.0	0.3000000
80	1640.4500	2685.280	24.00000	0.0	0.0	-110.0	0.2000000
77	1365.9099	2927.210	24.00000	15.0	0.0	-160.0	0.3500000
77	1276.2700	3026.480	24.00000	10.0	0.0	-205.0	0.2500000
80	1511.3500	2846.490	24.00000	0.0	0.0	-45.0	0.4000000
104	1159.5099	3201.930	40.86548	0.0	0.0	0.0	0.5000000
115	1322.5000	3149.180	24.00000	0.0	0.0	45.0	2.0000000
120	1218.6801	3262.400	24.00000	0.0	0.0	405.0	0.6000000
6	1368.4000	3023.810	18.00000	0.0	0.0	-45.0	2.0000000
6	1280.5200	3146.640	18.00000	0.0	0.0	-65.0	2.0000000
120	1407.5100	3008.610	24.00000	0.0	0.0	405.0	0.6000000
57	944.2900	2922.960	350.37106	0.0	0.0	0.0	3.0000000
85	766.9800	2977.940	88.00000	0.0	0.0	-0.0	1.0000000
9	714.6500	2962.410	315.00000	0.0	0.0	120.0	2.0000000
60	1024.6195	2927.601	30.79000	0.0	0.0	0.0	1.0000000
77	1404.9500	2781.120	24.00000	-15.0	0.0	65.0	0.4500000
77	1378.4600	2673.580	24.00000	-15.0	0.0	155.0	0.3500000
76	1480.1000	2704.890	24.00000	0.0	0.0	0.0	0.3500000
77	1256.0599	2480.620	24.00000	10.0	0.0	-70.0	0.2500000
120	1363.3700	2490.330	24.00000	0.0	0.0	315.0	0.6000000
80	1536.1799	2633.780	24.00000	0.0	0.0	-90.0	0.4000000
6	1339.3099	2449.920	18.00000	0.0	0.0	-115.0	2.0000000
6	1459.7500	2819.400	18.00000	0.0	0.0	-85.0	2.0000000
6	1419.5898	2615.790	18.00000	0.0	0.0	-115.0	2.0000000
76	1321.7000	2567.560	24.00000	0.0	0.0	45.0	0.2500000
80	1426.9800	2510.940	24.00000	0.0	0.0	-45.0	0.4000000
85	842.9999	2604.000	88.00000	0.0	0.0	-0.0	1.0000000
57	971.9800	2572.353	346.38596	0.0	0.0	0.0	3.0000000
85	756.8600	2442.870	88.00000	0.0	0.0	-0.0	1.0000000
85	856.1783	2789.197	88.00000	0.0	0.0	-0.0	1.0000000
9	786.8799	2816.590	315.00000	0.0	0.0	105.0	2.0000000
9	797.8000	2668.910	315.00000	0.0	0.0	80.0	2.0000000
9	746.9900	2517.840	315.00000	0.0	0.0	60.0	2.0000000
60	976.1500	2514.340	47.02000	0.0	0.0	0.0	1.0000000
85	475.8800	4007.453	250.00000	0.0	0.0	0.0	1.0000000
85	462.1600	3824.780	250.00000	0.0	0.0	0.0	1.0000000
85	548.1600	3861.140	25.00000	0.0	0.0	-0.0	1.0000000
85	605.8057	3942.462	88.00000	0.0	0.0	0.0	1.0000000
85	556.2103	3754.189	88.00000	0.0	0.0	-0.0	1.0000000
9	513.3800	3786.720	315.00000	0.0	0.0	75.0	2.0000000
9	563.7099	3971.810	315.00000	0.0	0.0	80.0	2.0000000
85	267.9500	4024.150	324.00000	0.0	0.0	-0.0	1.0000000
85	233.1000	3813.390	324.00000	0.0	0.0	-0.0	1.0000000
85	54.6126	3900.124	324.00000	0.0	0.0	-0.0	1.0000000
85	427.2046	3334.150	250.00000	0.0	0.0	0.0	1.0000000
85	433.4700	3673.150	250.00000	0.0	0.0	0.0	1.0000000
85	380.3185	3516.170	250.00000	0.0	0.0	0.0	1.0000000
85	524.1719	3559.250	88.00000	0.0	0.0	-0.0	1.0000000
85	564.2925	3334.020	88.00000	0.0	0.0	-0.0	1.0000000
9	509.2299	3333.850	315.00000	0.0	0.0	110.0	2.0000000
9	475.7415	3565.133	315.00000	0.0	0.0	90.0	2.0000000
85	238.9000	3461.300	324.00000	0.0	0.0	-0.0	1.0000000
85	25.7000	3462.250	324.00000	0.0	0.0	-0.0	1.0000000
85	158.9600	3686.270	324.00000	0.0	0.0	-0.0	1.0000000
85	438.7000	3195.174	250.00000	0.0	0.0	-0.0	1.0000000
85	554.9200	3027.590	250.00000	0.0	0.0	-0.0	1.0000000
85	687.5500	2840.950	250.00000	0.0	0.0	-0.0	1.0000000
85	633.5000	3132.190	25.00000	0.0	0.0	-0.0	1.0000000
85	653.6199	3141.806	88.00000	0.0	0.0	-0.0	1.0000000
9	607.0699	3128.640	315.00000	0.0	0.0	125.0	2.0000000
85	443.1392	2854.101	324.00000	0.0	0.0	-0.0	1.0000000
85	353.5047	3224.345	324.00003	0.0	0.0	-0.0	1.0000000
85	115.5700	3197.060	324.00000	0.0	0.0	-0.0	1.0000000
85	57.4400	2847.330	324.00000	0.0	0.0	-0.0	1.0000000
85	256.6200	3006.290	324.00000	0.0	0.0	-0.0	1.0000000
85	51.8077	3047.672	324.00000	0.0	0.0	0.0	1.0000000
85	636.6100	2501.820	250.00000	0.0	0.0	-0.0	1.0000000
85	337.2500	2496.170	324.00000	0.0	0.0	-0.0	1.0000000
85	684.5300	2675.404	250.00000	0.0	0.0	-0.0	1.0000000
85	514.8299	2689.590	324.00000	0.0	0.0	-0.0	1.0000000
85	29.9200	2508.720	324.00000	0.0	0.0	-0.0	1.0000000
85	228.4100	2669.430	324.00000	0.0	0.0	-0.0	1.0000000
85	31.5532	2712.482	323.99994	0.0	0.0	-0.0	1.0000000
37	5596.9995	1995.000	285.00000	0.0	0.0	-270.0	6.8400002
7	5594.0000	2099.000	300.00000	0.0	0.0	90.0	6.9099998
7	5594.0000	2309.000	253.00000	0.0	0.0	90.0	6.9099998
37	5596.9995	2204.000	231.00000	0.0	0.0	-270.0	6.8400002
71	5544.6499	1647.420	324.00000	0.0	0.0	0.0	1.0000000
77	5540.1499	1820.280	324.00000	-10.0	0.0	45.0	0.3000000
77	5398.9844	1757.422	324.00000	-10.0	0.0	45.0	0.5000000
75	5415.5898	1683.670	324.00000	0.0	0.0	90.0	0.8000000
75	5603.0000	1797.000	324.00000	0.0	0.0	55.0	0.8000000
7	5594.0000	1890.000	348.00000	0.0	0.0	90.0	6.9099998
9	5515.4199	1751.221	315.00000	0.0	0.0	-165.0	2.0000000
9	5662.9072	1762.020	297.86642	0.0	0.0	-175.0	2.0000000
77	5246.0000	1734.000	324.00000	-10.0	0.0	60.0	0.2000000
105	5327.7397	1636.070	324.00000	0.0	0.0	-270.0	2.5000000
20	5200.8901	1602.640	277.33597	15.0	0.0	175.0	1.0000000
9	5213.7300	1637.400	315.00000	0.0	0.0	-145.0	2.0000000
9	5347.1201	1704.060	315.00000	0.0	0.0	-160.0	2.0000000
76	5122.4600	1682.880	286.23999	0.0	0.0	60.0	0.1500000
101	5062.5000	1634.460	327.77643	0.0	0.0	0.0	0.7000000
76	4332.5698	2240.530	24.00000	0.0	0.0	225.0	0.4000000
77	4336.6797	2082.890	24.00000	-15.0	0.0	135.0	0.3000000
77	4189.8701	2052.130	24.00000	0.0	0.0	0.0	0.2000000
77	4201.8398	2202.540	24.00000	-15.0	0.0	90.0	0.4000000
120	4164.8599	2158.500	24.00000	0.0	0.0	270.0	0.6000000
77	4479.2500	2406.960	24.00000	-15.0	0.0	180.0	0.4000000
6	4338.1768	2257.102	15.02405	0.0	0.0	65.0	2.0000000
6	4279.5996	2077.320	18.00000	0.0	0.0	80.0	2.0000000
76	4227.2998	2123.860	24.00000	0.0	0.0	225.0	0.2000000
74	4346.0996	2246.050	263.00000	0.0	0.0	-170.0	0.2500000
115	4203.3301	1590.810	32.21682	0.0	0.0	45.0	2.0000000
86	4141.7593	1809.980	24.00000	0.0	0.0	0.0	1.3000000
77	4292.5596	1943.240	24.00000	-15.0	0.0	90.0	0.4000000
80	4188.0601	1875.530	24.00000	0.0	0.0	0.0	0.5000000
6	4204.3301	1729.000	18.00000	0.0	0.0	70.0	2.0000000
6	4247.3530	1901.673	18.00000	0.0	0.0	80.0	2.0000000
6	4131.4199	1591.650	18.00000	0.0	0.0	50.0	2.0000000
104	4243.7598	1725.660	28.55336	0.0	0.0	0.0	0.4000000
120	5417.6499	1500.250	325.00000	0.0	0.0	-35.0	0.6000000
104	5356.8101	1515.740	330.00000	0.0	0.0	-45.0	0.3000000
70	5341.0000	1350.000	319.99997	0.0	0.0	-45.0	0.8000000
112	5126.3198	1441.370	324.00000	0.0	0.0	215.0	2.0000000
80	4993.9800	1206.630	324.00000	0.0	0.0	-180.0	0.3000000
75	5159.0000	1342.000	324.00000	0.0	0.0	45.0	0.8000000
48	5052.9199	1548.670	260.00000	0.0	0.0	-135.0	1.4000000
9	5011.3599	1398.450	315.00000	0.0	0.0	-115.0	2.0000000
9	5096.9995	1527.000	315.00000	0.0	0.0	-130.0	2.0000000
80	5248.7295	1445.640	324.00000	0.0	0.0	-405.0	0.3000000
84	5758.4727	1023.370	345.28531	0.0	0.0	0.0	1.5000000
75	5491.0000	715.000	324.00000	0.0	0.0	70.0	0.7000000
77	5619.7998	884.860	324.00000	-10.0	0.0	-135.0	0.5000000
84	5670.0698	993.020	324.00000	0.0	0.0	-135.0	1.0000000
70	5472.2397	921.270	324.00000	0.0	0.0	0.0	0.8000000
80	5719.4102	1092.460	324.00000	0.0	0.0	-90.0	0.4000000
123	5450.0000	750.000	324.00000	0.0	0.0	45.0	0.2000000
122	5525.1099	764.620	324.00000	0.0	0.0	45.0	1.5000000
9	5646.4399	943.380	315.00000	0.0	0.0	20.0	2.0000000
9	5482.7500	854.070	315.00000	0.0	0.0	40.0	2.0000000
80	5578.8999	794.330	334.45764	0.0	0.0	-225.0	0.2000000
75	5392.3198	838.400	324.00000	0.0	0.0	0.0	0.6000000
71	5100.1099	1094.260	313.00000	0.0	0.0	-45.0	1.1000000
122	5350.0000	750.000	324.00000	0.0	0.0	45.0	1.7000000
120	5299.6802	819.110	324.00000	0.0	0.0	115.0	0.6000000
9	5343.7002	724.530	315.00000	0.0	0.0	45.0	2.0000000
101	4937.9995	1483.000	326.00000	0.0	0.0	0.0	0.8000000
75	4864.4199	1315.330	327.66403	0.0	0.0	70.0	0.8000000
86	4941.8481	1350.000	324.00000	0.0	0.0	45.0	1.1000000
84	4845.3613	1163.080	341.94000	0.0	0.0	-15.0	1.5000000
9	4956.3198	1251.710	315.00000	0.0	0.0	-105.0	2.0000000
75	4788.5498	732.830	324.00000	0.0	0.0	45.0	0.6000000
120	4854.7798	1014.160	324.00000	0.0	0.0	-405.0	0.6000000
92	4658.9897	853.410	331.53998	0.0	0.0	-45.0	0.5000000
11	4624.1797	733.960	309.00000	0.0	0.0	-110.0	2.0000000
9	4680.6899	789.190	315.00000	0.0	0.0	-135.0	2.0000000
9	4810.0000	909.000	315.00000	0.0	0.0	-130.0	2.0000000
9	4907.1699	1077.440	315.00000	0.0	0.0	-110.0	2.0000000
124	4749.5928	948.274	317.48151	0.0	0.0	315.0	0.7000000
101	4817.7598	856.430	324.00000	0.0	0.0	0.0	0.7000000
80	4909.9697	810.770	324.00000	0.0	0.0	-270.0	0.3000000
128	4897.5200	912.410	324.00000	0.0	0.0	-45.0	0.8000000
101	4513.2104	710.022	329.00000	0.0	0.0	-45.0	0.6000000
76	4094.3198	2072.440	24.00000	0.0	0.0	180.0	0.2000000
80	3992.0999	2159.030	24.00000	0.0	0.0	90.0	0.4000000
120	3562.0000	2133.000	24.00000	0.0	0.0	315.0	0.4500000
123	4080.1995	1610.600	24.00000	0.0	0.0	0.0	0.5000000
80	4032.0000	1738.930	24.00000	0.0	0.0	90.0	0.5000000
120	3440.6099	1876.020	24.00000	0.0	0.0	315.0	0.6000000
80	3424.2000	1948.640	24.00000	0.0	0.0	90.0	0.3000000
80	3354.4998	1791.000	24.00000	0.0	0.0	-45.0	0.2300000
80	3487.7498	1787.430	24.00000	0.0	0.0	-90.0	0.2300000
120	3197.4797	1837.830	24.00000	0.0	0.0	225.0	0.6000000
8	3786.0000	1174.000	26.00000	0.0	0.0	47.0	2.0000000
77	4003.4500	1395.300	24.00000	0.0	0.0	115.0	0.3000000
80	3749.3599	1212.100	24.00000	0.0	0.0	90.0	0.5000000
8	3911.0000	1304.000	26.00000	0.0	0.0	45.0	2.0000000
8	4039.0999	1418.280	24.00000	0.0	0.0	40.0	2.0000000
120	3938.2698	1508.920	24.00000	0.0	0.0	315.0	0.6000000
105	3900.8499	1291.410	24.00000	0.0	0.0	-135.0	2.5000000
104	3848.6699	1445.050	24.00000	0.0	0.0	0.0	0.4000000
20	3346.2600	992.350	24.00000	10.0	0.0	-360.0	1.1000000
71	3359.9299	1086.400	24.00000	0.0	0.0	0.0	0.8000000
77	3507.2598	990.180	24.00000	0.0	0.0	225.0	0.4000000
77	3689.9197	1078.820	24.00000	0.0	0.0	90.0	0.3000000
80	3348.0000	934.100	24.00000	0.0	0.0	90.0	0.5000000
115	3559.7000	1100.310	24.00000	0.0	0.0	45.0	2.0000000
6	3502.3398	974.120	14.95120	0.0	0.0	40.0	2.0000000
8	3664.4648	1045.360	26.00000	0.0	0.0	47.0	2.0000000
6	3412.9700	935.775	18.00000	0.0	0.0	0.0	2.0000000
6	3277.0100	960.520	18.00000	0.0	0.0	-15.0	2.0000000
76	3433.7200	858.270	24.00000	0.0	0.0	180.0	0.2000000
77	2961.9485	1185.000	24.00000	0.0	0.0	270.0	0.5000000
80	3191.3701	1203.060	24.00000	0.0	0.0	135.0	0.5000000
76	2891.2000	1298.450	24.00000	0.0	0.0	180.0	0.3000000
6	3017.4600	1134.690	18.00000	0.0	0.0	-35.0	2.0000000
71	2614.3999	1172.720	24.00000	0.0	0.0	0.0	0.8000000
77	2813.2700	1140.570	24.00000	0.0	0.0	45.0	0.5000000
115	2728.7000	1401.420	24.00000	0.0	0.0	45.0	1.6000000
123	2516.8799	1154.600	24.00000	0.0	0.0	0.0	0.5000000
6	2830.3096	1212.740	18.00000	0.0	0.0	0.0	2.0000000
6	2637.4900	1167.940	18.00000	0.0	0.0	25.0	2.0000000
80	2711.5901	1293.870	24.00000	0.0	0.0	90.0	0.5000000
77	3073.2695	1091.760	24.00000	0.0	0.0	90.0	0.6000000
76	3167.0000	970.000	24.00000	0.0	0.0	225.0	0.3000000
120	3258.0100	1035.620	24.00000	0.0	0.0	405.0	0.6000000
6	3150.6899	1020.500	18.00000	0.0	0.0	-35.0	2.0000000
6	2476.7100	1062.580	18.00000	0.0	0.0	45.0	2.0000000
115	2569.0601	1036.990	39.32058	0.0	0.0	45.0	1.0000000
123	2493.8599	1048.230	24.00000	0.0	0.0	-45.0	0.4000000
76	5426.6001	672.780	324.00000	0.0	0.0	45.0	0.1500000
75	5112.7397	590.250	324.00000	0.0	0.0	15.0	0.8000000
75	5238.4600	491.690	333.58127	0.0	0.0	0.0	0.8000000
123	5251.0298	551.380	324.00000	0.0	0.0	0.0	0.5000000
123	5350.0000	650.000	324.00000	0.0	0.0	45.0	0.3000000
122	5250.0000	650.000	324.00000	0.0	0.0	45.0	2.5000000
9	5230.6401	618.460	315.00000	0.0	0.0	30.0	2.0000000
9	5092.8599	553.220	315.00000	0.0	0.0	20.0	2.0000000
76	5156.6299	490.820	324.00000	0.0	0.0	135.0	0.1500000
76	5330.3301	572.570	287.70996	0.0	0.0	45.0	0.1500000
75	4703.3994	693.010	324.00000	0.0	0.0	90.0	0.6000000
75	4734.0000	540.599	326.00000	0.0	0.0	45.0	0.8000000
9	4636.5601	641.805	315.00000	0.0	0.0	-78.0	2.0000000
71	4550.3301	623.140	324.00000	0.0	0.0	0.0	0.9000000
20	4644.0000	536.440	311.23999	10.0	0.0	-405.0	1.1000000
92	4899.9399	474.397	329.49753	0.0	0.0	90.0	0.6000000
9	4682.9302	576.980	315.00000	0.0	0.0	-40.0	2.0000000
9	4791.8301	529.607	315.00000	0.0	0.0	-10.0	2.0000000
9	4933.0000	518.000	315.00000	0.0	0.0	5.0	2.0000000
80	4668.0898	622.530	319.99997	0.0	0.0	-145.0	0.3000000
124	4755.5298	491.820	324.00000	45.0	0.0	0.0	0.6000000
76	4665.8701	456.150	324.00000	0.0	0.0	180.0	0.1500000
126	2100.0000	2050.000	24.00000	0.0	0.0	-90.0	3.0000000
120	2147.6755	2004.199	24.00000	0.0	0.0	405.0	0.6000000
122	2254.0000	2054.000	24.00000	0.0	0.0	45.0	2.2000000
104	2028.8700	1936.550	25.89555	0.0	0.0	-45.0	0.3000000
80	2137.5598	1852.950	24.00000	0.0	0.0	90.0	0.3000000
71	1395.2299	2341.290	24.00000	10.0	0.0	45.0	0.8000000
6	1258.5399	2291.300	18.00000	0.0	0.0	-120.0	2.0000000
120	1360.3600	2235.700	24.00000	0.0	0.0	225.0	0.6000000
105	1200.8700	2314.820	29.41000	0.0	0.0	-270.0	2.0000000
105	1240.6600	2151.530	24.00000	0.0	0.0	90.0	1.7000000
105	1078.9900	2200.490	32.40984	0.0	0.0	90.0	2.5000000
77	915.6299	1995.070	24.00000	0.0	0.0	110.0	0.3500000
77	964.6800	2081.340	24.00000	25.0	0.0	155.0	0.2500000
120	1083.7999	2010.840	24.00000	0.0	0.0	315.0	0.6000000
6	999.5700	2009.000	18.00000	0.0	0.0	-130.0	2.0000000
6	1126.9800	2136.690	18.00000	0.0	0.0	-140.0	2.0000000
104	1159.9100	1931.900	26.50585	0.0	0.0	-45.0	0.3000000
77	822.6700	1841.950	24.00000	-15.0	0.0	65.0	0.4500000
80	1050.5701	1836.670	24.00000	0.0	0.0	-135.0	0.4000000
76	1015.4100	1965.420	24.00000	0.0	0.0	425.0	0.1800000
6	890.6000	1867.030	26.34422	0.0	0.0	-125.0	2.0000000
6	712.0995	1583.460	18.00000	0.0	0.0	-115.0	2.0000000
6	795.0000	1730.000	18.00000	0.0	0.0	-122.0	2.0000000
104	819.1000	1653.840	24.00000	0.0	0.0	0.0	0.4000000
76	874.0000	1750.000	24.00000	0.0	0.0	200.0	0.1000000
80	966.0900	1770.760	24.00000	0.0	0.0	-90.0	0.3000000
120	1560.7000	1418.910	24.00000	0.0	0.0	-135.0	0.6000000
0	1582.4500	1446.830	50.89004	0.0	0.0	0.0	1.0000000
0	1593.3900	1324.350	41.79576	0.0	0.0	0.0	1.0000000
128	1701.8400	1457.970	24.00000	0.0	0.0	45.0	1.0000000
77	2181.7700	763.990	24.00000	0.0	0.0	90.0	0.4500000
80	2069.3599	882.650	24.00000	0.0	0.0	90.0	0.5000000
80	2375.5298	1010.790	24.00000	0.0	0.0	135.0	0.5000000
122	2396.0498	1122.570	24.00000	0.0	0.0	0.0	2.5000000
6	2091.6099	802.760	18.00000	0.0	0.0	15.0	2.0000000
120	2187.2700	1009.030	24.00000	0.0	0.0	495.0	0.6000000
6	2352.1497	972.580	18.00000	0.0	0.0	25.0	2.0000000
6	2196.5598	868.960	18.00000	0.0	0.0	45.0	2.0000000
104	2280.5798	886.030	40.09740	0.0	0.0	0.0	0.4000000
115	1851.9399	723.367	24.00000	0.0	0.0	45.0	1.3000000
80	1974.2198	751.430	24.00000	0.0	0.0	135.0	0.3000000
115	1604.8899	737.790	24.00000	0.0	0.0	45.0	1.6000000
115	1829.9999	869.000	24.00000	0.0	0.0	45.0	0.9000000
128	1427.0699	1507.710	24.00000	0.0	0.0	-225.0	1.0000000
128	1501.3800	1288.750	23.99000	0.0	0.0	-135.0	1.0000000
0	1459.8199	1397.900	50.89064	0.0	0.0	0.0	1.0000000
123	719.0000	1526.000	24.00000	0.0	0.0	-135.0	0.2500000
123	743.7500	1408.400	24.00000	0.0	0.0	-135.0	0.4000000
80	772.8800	1292.630	24.00000	0.0	0.0	-45.0	0.4000000
120	880.6600	1157.640	24.00000	0.0	0.0	405.0	0.6000000
6	771.2200	1170.100	18.00000	0.0	0.0	-55.0	2.0000000
6	708.9800	1294.160	18.00000	0.0	0.0	-75.0	2.0000000
131	1001.4000	1207.220	23.67510	0.0	0.0	-600.0	1.8000000
120	1489.8800	784.120	24.00000	0.0	0.0	495.0	0.6000000
77	993.9999	727.000	24.00000	10.0	0.0	240.0	0.3500000
80	750.8800	1117.230	31.70421	0.0	0.0	45.0	0.5000000
71	824.6899	936.760	24.00000	0.0	0.0	0.0	1.1000000
6	931.4899	851.850	18.00000	0.0	0.0	-60.0	2.0000000
6	1015.3500	755.570	18.00000	0.0	0.0	-35.0	2.0000000
6	858.9399	998.570	18.00000	0.0	0.0	-70.0	2.0000000
71	970.7399	840.590	24.00000	0.0	0.0	0.0	0.8000000
71	860.8300	805.730	31.91073	0.0	0.0	0.0	0.6000000
131	1095.8700	821.100	24.00000	0.0	0.0	-600.0	1.8000000
85	386.0000	2179.000	250.00000	0.0	0.0	-0.0	1.0000000
57	611.3100	2022.030	365.03607	0.0	0.0	0.0	3.0000000
85	512.3300	2297.770	250.00000	0.0	0.0	-0.0	1.0000000
85	605.0900	2384.120	25.00000	0.0	0.0	-0.0	1.0000000
85	662.1582	2313.000	88.00000	0.0	0.0	-0.0	1.0000000
85	542.4700	2163.684	88.00000	0.0	0.0	-0.0	1.0000000
85	434.9600	2025.260	88.00000	0.0	0.0	-0.0	1.0000000
9	450.5000	2136.150	315.00000	0.0	0.0	60.0	2.0000000
9	555.7899	2258.170	315.00000	0.0	0.0	50.0	2.0000000
9	641.1600	2367.950	315.00000	0.0	0.0	60.0	2.0000000
60	665.8500	2138.780	39.38389	0.0	0.0	0.0	1.0000000
85	177.9000	2342.710	324.00000	0.0	0.0	-0.0	1.0000000
85	12.9400	2196.360	324.00000	0.0	0.0	-0.0	1.0000000
85	183.3800	2023.620	250.00000	0.0	0.0	-0.0	1.0000000
85	295.0000	1952.000	25.00000	0.0	0.0	-0.0	1.0000000
85	318.0000	1872.618	88.00000	0.0	0.0	-0.0	1.0000000
9	345.9700	1985.790	315.00000	0.0	0.0	60.0	2.0000000
60	397.8000	1705.136	41.47000	0.0	0.0	0.0	1.0000000
11	-23.0000	1757.000	35.00000	0.0	0.0	0.0	2.0000000
57	138.6300	1592.410	388.00000	0.0	0.0	0.0	3.0000000
85	6.3500	1869.530	250.00000	0.0	0.0	-0.0	1.0000000
85	-83.0779	1760.275	324.00000	0.0	0.0	-0.0	1.0000000
85	-1.3776	1750.456	88.00000	0.0	0.0	-90.0	1.0000000
85	186.5000	1781.399	88.00000	0.0	0.0	-0.0	1.0000000
85	73.7631	1737.955	88.00000	0.0	0.0	-0.0	1.0000000
9	260.3300	1882.660	315.00000	0.0	0.0	40.0	2.0000000
9	128.6421	1808.899	315.00000	0.0	0.0	20.0	2.0000000
9	24.0000	1791.345	315.00000	0.0	0.0	-10.0	2.0000000
70	-7.1300	1656.550	57.00000	0.0	0.0	0.0	0.8000000
6	331.6104	1151.709	24.00000	0.0	0.0	90.0	1.1000000
6	303.8520	1206.376	23.99000	0.0	0.0	135.0	1.1000000
6	689.1000	1447.680	18.00000	0.0	0.0	-90.0	2.0000000
123	628.6200	1369.344	24.00000	0.0	0.0	90.0	0.3000000
130	243.5300	1156.550	30.61000	0.0	0.0	30.0	1.1000000
6	246.7784	1224.859	24.00000	0.0	0.0	180.0	1.1000000
6	191.4155	1196.941	24.00000	0.0	0.0	225.0	1.1000000
6	171.9675	1139.928	24.00000	0.0	0.0	270.0	1.1000000
60	4.5017	1550.650	137.03748	0.0	0.0	0.0	1.0000000
80	276.5400	1226.290	24.00000	0.0	0.0	45.0	0.3000000
80	205.5600	1225.020	24.00000	0.0	0.0	135.0	0.2000000
60	207.1000	1454.270	47.11709	0.0	0.0	0.0	1.0000000
6	312.6850	1096.288	24.00000	0.0	0.0	45.0	1.1000000
80	325.9600	1124.030	24.00000	0.0	0.0	135.0	0.3000000
6	198.3895	1090.538	24.00000	0.0	0.0	315.0	1.1000000
6	259.3019	1069.360	24.00000	0.0	0.0	0.0	1.1000000
80	178.2100	1123.530	24.00000	0.0	0.0	180.0	0.3000000
80	257.2900	1046.500	24.00000	0.0	0.0	225.0	0.2000000
60	16.0000	1130.883	281.23807	0.0	0.0	0.0	1.0000000
77	1885.7198	645.475	24.00000	15.0	0.0	45.0	0.1500000
8	1755.6200	665.030	30.00000	0.0	0.0	5.0	2.0000000
8	1933.0800	696.640	30.00000	0.0	0.0	15.0	2.0000000
8	1576.6599	636.830	30.00000	0.0	0.0	13.0	2.0000000
77	1662.0001	629.000	24.00000	15.0	0.0	0.0	0.2000000
120	1742.1400	700.470	24.00000	0.0	0.0	450.0	0.6000000
80	1782.3799	647.110	31.24000	0.0	0.0	90.0	0.3000000
77	1155.0000	640.000	24.00000	-15.0	0.0	155.0	0.5500000
77	1307.0000	543.000	24.00000	15.0	0.0	55.0	0.3500000
80	1441.3899	613.730	33.17513	0.0	0.0	45.0	0.5000000
80	1551.4199	669.040	29.11000	0.0	0.0	225.0	0.3000000
76	1248.0000	668.000	24.00000	0.0	0.0	225.0	0.1800000
122	1459.4000	698.340	24.00000	0.0	0.0	45.0	2.5000000
6	1384.0000	643.000	18.00000	0.0	0.0	20.0	2.0000000
6	1276.0601	630.120	18.00000	0.0	0.0	-10.0	2.0000000
6	1146.7100	678.200	18.00000	0.0	0.0	-25.0	2.0000000
29	1136.0000	127.000	33.00000	0.0	0.0	25.0	0.3300000
6	1156.4163	70.987	24.00000	0.0	0.0	360.0	1.1000000
6	1208.6053	97.711	24.00000	0.0	0.0	405.0	1.1000000
6	1227.7433	155.221	24.00000	0.0	0.0	90.0	1.1000000
6	1198.0754	210.501	24.00000	0.0	0.0	135.0	1.1000000
6	1139.9354	228.911	24.00000	0.0	0.0	180.0	1.1000000
80	1173.4800	218.350	24.00000	0.0	0.0	225.0	0.2500000
80	1223.3300	120.850	24.00000	0.0	0.0	315.0	0.3000000
74	1125.7400	278.230	35.00000	0.0	0.0	180.0	0.3000000
6	1067.7954	143.931	24.00000	0.0	0.0	270.0	1.1000000
6	1096.5554	90.211	24.00000	0.0	0.0	315.0	1.1000000
6	1086.8362	201.509	24.00000	0.0	0.0	225.0	1.1000000
80	1072.7500	181.340	24.00000	0.0	0.0	135.0	0.3000000
80	1120.1899	75.990	24.00000	0.0	0.0	225.0	0.3000000
77	357.3300	620.430	24.00000	-15.0	0.0	0.0	0.2500000
125	423.5700	443.580	42.11000	0.0	0.0	495.0	1.0000000
77	571.0000	287.000	39.25426	-15.0	0.0	-90.0	0.2000000
6	504.1533	360.119	24.00197	0.0	0.0	-285.0	2.0000000
6	481.1433	463.199	24.00197	0.0	0.0	-240.0	2.0000000
6	389.0932	526.059	24.00197	0.0	0.0	-195.0	2.0000000
6	280.1375	506.010	24.00197	0.0	0.0	-150.0	2.0000000
80	521.0400	538.160	42.51441	0.0	0.0	180.0	0.3000000
80	609.5000	385.960	38.15290	0.0	0.0	360.0	0.2000000
77	155.9100	353.570	24.00000	0.0	0.0	45.0	0.3000000
80	198.4700	533.150	36.38264	0.0	0.0	315.0	0.4000000
6	223.7032	416.889	24.00197	0.0	0.0	-465.0	2.0000000
6	248.9432	304.419	24.00197	0.0	0.0	-420.0	2.0000000
60	9.0000	462.992	154.00000	0.0	0.0	0.0	1.0000000
77	309.5900	178.390	24.43155	-15.0	0.0	-180.0	0.3000000
6	445.6333	267.129	25.12197	0.0	0.0	-330.0	2.0000000
6	343.9131	245.299	26.94617	0.0	0.0	-375.0	2.0000000
80	481.7000	200.868	37.09019	0.0	0.0	90.0	0.4000000
60	507.0000	18.180	154.00000	0.0	0.0	0.0	1.0000000
80	192.0000	247.000	42.52546	0.0	0.0	360.0	0.3500000
60	14.0000	14.000	154.00000	0.0	0.0	0.0	1.0000000
60	24969.5469	12105.697	-448.00000	0.0	0.0	0.0	1.0000000
60	24757.0000	11548.000	-448.00000	0.0	0.0	0.0	1.0000000
60	25286.2793	11109.600	-371.84998	0.0	0.0	0.0	1.0000000
48	24583.7988	11867.920	-40.00000	0.0	0.0	0.0	1.8000000
57	23426.0000	12349.000	-306.00000	0.0	0.0	0.0	2.0000000
51	23361.5586	12638.639	-29.30022	-10.0	0.0	-45.0	0.6000000
51	23583.6172	12406.760	-19.62648	-10.0	0.0	-45.0	0.6000000
57	23417.0000	12077.000	-150.00000	0.0	0.0	0.0	4.3000002
57	23172.0000	11920.000	-210.99998	0.0	0.0	0.0	3.0000000
51	23006.1797	11816.479	-55.60000	-10.0	0.0	45.0	0.6000000
53	23684.4062	12597.949	-934.00000	0.0	0.0	-60.0	2.5000000
39	23137.9980	12241.000	-943.83795	0.0	0.0	-238.0	10.0000000
60	23520.3086	12607.220	-1462.79688	0.0	0.0	0.0	1.0000000
53	23662.1543	11948.000	-934.00000	0.0	0.0	-120.0	2.5000000
60	23369.1797	11948.610	-1462.79993	0.0	0.0	0.0	1.0000000
69	24006.5391	11054.350	-53.00000	0.0	0.0	-405.0	1.8000000
60	24305.7695	11054.920	-448.00000	0.0	0.0	0.0	1.0000000
53	23422.4766	11697.208	-934.00000	0.0	0.0	-145.0	2.5000000
60	24507.9902	11050.029	-1867.47229	0.0	0.0	0.0	1.0000000
60	24873.3340	10744.630	-922.59009	0.0	0.0	0.0	1.0000000
60	25242.5117	9837.052	-310.51630	0.0	0.0	0.0	1.0000000
64	23813.6543	10210.487	-404.00000	0.0	0.0	0.0	5.0000000
60	24750.0000	9486.000	-1867.00000	0.0	0.0	0.0	1.0000000
60	24165.0742	10612.000	-1867.89478	0.0	0.0	0.0	1.0000000
60	24528.0000	10106.000	-1867.00000	0.0	0.0	0.0	1.0000000
60	23590.0742	10477.000	-1867.89478	0.0	0.0	0.0	1.0000000
60	23051.9980	10412.000	-1867.00000	0.0	0.0	0.0	1.0000000
60	24101.0703	9682.060	-1867.89478	0.0	0.0	0.0	1.0000000
60	23603.0723	9837.000	-1867.47229	0.0	0.0	0.0	1.0000000
60	23019.1895	9737.896	-1867.00000	0.0	0.0	0.0	1.0000000
51	22586.2480	12464.439	-43.41017	-10.0	0.0	135.0	0.6000000
51	22581.0098	12136.002	-19.88669	-10.0	0.0	45.0	0.6000000
48	21615.9980	12503.000	-40.00000	0.0	0.0	45.0	1.8000000
60	21183.0742	12059.822	-143.00000	0.0	0.0	0.0	1.0000000
53	22620.0000	12607.999	-934.00000	0.0	0.0	55.0	2.5000000
60	22789.8398	12610.285	-1462.79688	0.0	0.0	0.0	1.0000000
53	22589.0000	11960.000	-929.00000	0.0	0.0	120.0	2.5000000
60	22767.1348	11931.057	-1462.79688	0.0	0.0	0.0	1.0000000
48	22258.2207	10996.609	-40.00000	0.0	0.0	0.0	1.8000000
69	21721.0000	11506.000	-32.00000	0.0	0.0	-405.0	1.8000000
60	21228.8633	11547.249	-356.80521	0.0	0.0	0.0	1.0000000
53	22836.0000	11710.000	-934.00000	0.0	0.0	145.0	2.5000000
60	21421.0000	11307.000	-945.00000	0.0	0.0	0.0	1.0000000
60	20408.0000	10957.999	-945.00000	0.0	0.0	0.0	1.0000000
59	22629.0000	12602.000	-2759.42285	0.0	0.0	55.0	2.3000000
59	22590.6602	11955.300	-2759.00000	0.0	0.0	55.0	2.3000000
64	22211.6738	10265.657	-364.80084	0.0	0.0	0.0	5.0000000
60	21124.2402	10838.229	-945.00000	0.0	0.0	0.0	1.0000000
60	22377.7383	10641.760	-1867.89001	0.0	0.0	0.0	1.0000000
60	21565.0000	10842.099	-1867.89001	0.0	0.0	0.0	1.0000000
60	22349.7793	9849.639	-1867.89001	0.0	0.0	0.0	1.0000000
60	21699.9590	10076.149	-1867.89001	0.0	0.0	0.0	1.0000000
60	25190.9199	8356.319	-190.74588	0.0	0.0	0.0	1.0000000
60	24772.6855	7272.000	-87.62102	0.0	0.0	0.0	1.0000000
60	24993.5312	6471.217	-322.09271	0.0	0.0	0.0	1.0000000
60	24518.1191	5889.820	-353.95001	0.0	0.0	0.0	1.0020837
147	22923.6152	6492.368	-594.30377	0.0	0.0	0.0	0.8000000
64	22918.0000	6502.000	-963.00000	0.0	0.0	0.0	4.0000000
60	23401.8438	6236.146	-886.91943	0.0	0.0	0.0	1.0020837
60	22812.0000	5967.000	-158.00000	0.0	0.0	0.0	1.0000000
144	22209.7480	5910.659	-190.93001	0.0	0.0	45.0	1.0000000
64	22189.0000	5921.000	-639.00000	0.0	0.0	0.0	5.0000000
60	21781.0781	6003.310	-557.96368	0.0	0.0	0.0	1.0000000
60	21119.4512	6269.349	-360.00000	0.0	0.0	0.0	1.0000000
60	20375.0000	6083.000	-214.00002	0.0	0.0	0.0	1.0000000
60	17972.0000	12202.000	-374.29999	0.0	0.0	0.0	1.0000000
39	18200.0000	11300.000	-950.00000	0.0	0.0	90.0	10.0000000
37	17583.0000	12393.999	-12.00000	0.0	0.0	-180.0	8.0000000
7	17464.0000	12389.999	-3.00000	0.0	0.0	-900.0	8.3299999
9	17387.8496	12295.872	-12.00000	0.0	0.0	90.0	2.0000000
9	17386.0000	12475.347	-22.00000	0.0	0.0	90.0	2.0000000
76	17396.4688	12083.710	-38.69522	0.0	0.0	-685.0	0.1700000
20	17452.8555	12050.000	-4.17724	0.0	0.0	130.0	1.0000000
9	17386.0000	12092.437	-12.00000	0.0	0.0	90.0	2.0000000
9	17367.9297	11902.218	-12.00000	0.0	0.0	80.0	2.0000000
9	16993.8145	11865.550	-26.00000	0.0	0.0	255.0	2.0000000
80	16896.0664	12305.220	-5.43444	0.0	0.0	-255.0	0.4000000
71	16323.0195	12334.080	-5.87168	0.0	0.0	0.0	0.8000000
9	16369.7100	12240.619	-26.00000	-3.5	-7.0	345.0	2.0000000
9	16332.4600	12266.868	-12.00000	0.0	0.0	-90.0	2.0000000
9	16334.7549	12641.973	-25.75080	0.0	0.0	-90.0	2.0000000
9	16337.4023	12487.851	-25.75080	0.0	0.0	-90.0	2.0000000
37	16086.0000	12407.999	-0.62683	0.0	0.0	0.0	8.0000000
60	16100.0000	12350.000	-300.00000	0.0	0.0	0.0	1.0000000
9	16593.0000	12175.800	-26.00000	-2.0	0.0	345.0	2.0000000
9	16746.4238	12110.291	-26.00000	0.0	0.0	345.0	2.0000000
9	16907.5996	12063.600	-26.00000	0.0	0.0	345.0	2.0000000
148	16275.5479	11962.050	-22.11413	-15.0	0.0	-45.0	1.6000000
59	16356.2988	12070.750	-463.00000	0.0	0.0	0.0	1.0000000
59	16328.2988	11957.930	-463.00000	0.0	0.0	0.0	1.0000000
59	16309.7598	11854.950	-463.00000	0.0	0.0	0.0	1.0000000
129	16342.0381	12047.340	-450.00000	0.0	0.0	-103.0	2.0999999
129	16291.1299	11856.039	-450.00000	0.0	0.0	-103.0	2.0999999
53	16117.4150	11842.796	-1392.99988	0.0	0.0	-103.0	2.5000000
53	16146.2080	11967.894	-1392.99988	0.0	0.0	-103.0	2.5000000
53	16181.3203	12119.502	-1392.99988	0.0	0.0	-103.0	2.5000000
51	17553.0000	11514.999	-30.00000	0.0	0.0	-270.0	0.6000000
9	17304.6973	11498.648	-14.71825	0.0	0.0	80.0	2.0000000
9	16945.0195	11702.760	-26.00000	0.0	0.0	255.0	2.0000000
9	17336.4785	11699.842	-12.00000	0.0	0.0	80.0	2.0000000
51	17704.0000	11193.999	-30.00000	0.0	0.0	-270.0	0.6000000
9	17275.0703	11298.610	-14.56469	0.0	0.0	85.0	2.0000000
9	17242.1094	11116.129	-14.46644	0.0	0.0	75.0	2.0000000
9	16907.0195	11541.129	-26.00000	0.0	0.0	255.0	2.0000000
9	16635.3594	11424.500	-26.00000	0.0	0.1	165.0	2.0000000
9	16811.9688	11381.170	-26.00000	0.0	0.1	165.0	2.0000000
75	16147.8486	11636.970	-7.08737	0.0	0.0	0.0	0.8000000
9	16200.9980	11510.000	-26.00000	0.0	0.1	175.0	2.0000000
9	16373.5898	11475.740	-26.00000	0.0	0.1	165.0	2.0000000
9	16454.0703	11472.050	-26.00000	0.0	0.1	165.0	2.0000000
9	16154.9893	11486.890	-12.00000	0.0	0.0	-108.0	2.0000000
89	16620.0000	11782.000	-440.00000	0.0	0.0	-283.0	2.5200000
59	16277.7500	11748.118	-463.00000	0.0	0.0	0.0	1.0000000
59	16258.5400	11650.608	-463.00000	0.0	0.0	0.0	1.0000000
129	16236.0000	11671.999	-450.00000	0.0	0.0	-103.0	2.0999999
9	16081.2588	11279.439	-12.00000	0.0	0.0	-110.0	2.0000000
53	16083.2520	11693.717	-1392.99988	0.0	0.0	-103.0	2.5000000
77	17131.6855	10895.390	-9.11517	0.0	0.0	270.0	0.4000000
20	17214.1367	10744.030	-12.12959	0.0	0.0	130.0	1.0000000
9	17041.6895	10544.410	-12.00000	0.0	0.0	65.0	2.0000000
9	17131.0000	10743.000	-12.00000	0.0	0.0	65.0	2.0000000
9	17193.1406	10930.960	-12.00000	0.0	0.0	75.0	2.0000000
9	16954.5312	10383.898	-11.97529	0.0	0.0	55.0	2.0000000
51	17228.0000	10261.000	-30.00000	0.0	0.0	-270.0	0.6000000
9	16098.0391	10720.719	-26.00000	0.0	0.0	-40.0	2.0000000
9	16260.4404	10603.859	-26.00000	0.0	0.0	-40.0	2.0000000
9	16838.3203	10213.465	-15.64456	0.0	0.0	55.0	2.0000000
9	16255.6904	10141.420	-26.00000	0.0	0.0	-120.0	2.0000000
9	16395.5176	10492.778	-26.00000	0.0	0.0	-40.0	2.0000000
9	16364.2500	10284.720	-26.00000	0.0	0.0	-130.0	2.0000000
51	17151.0000	9912.000	-30.00000	0.0	0.0	-270.0	0.6000000
9	16736.6973	10037.296	-13.63863	0.0	0.0	65.0	2.0000000
9	16547.6387	9730.350	-12.00000	0.0	0.0	45.0	2.0000000
9	16643.9492	9868.130	-12.00000	0.0	0.0	65.0	2.0000000
9	16152.7500	9978.890	-26.00000	0.0	0.0	-125.0	2.0000000
9	16122.9893	9316.109	-12.00000	0.0	0.0	40.0	2.0000000
9	16262.9990	9442.000	-12.00000	0.0	0.0	45.0	2.0000000
9	16406.2793	9583.430	-12.00000	0.0	0.0	45.0	2.0000000
39	17650.0000	9750.000	-950.00000	0.0	0.0	45.0	10.0000000
60	15855.0000	12043.000	-300.00000	0.0	0.0	0.0	1.0000000
60	14964.0000	12507.999	-347.49722	0.0	0.0	0.0	1.0000000
129	14406.4053	12341.053	-683.00000	0.0	0.0	80.0	1.5000000
129	14423.0000	12502.000	-683.00000	0.0	0.0	85.0	1.5000000
129	14428.9990	12648.000	-683.00000	0.0	0.0	90.0	1.5000000
129	14370.3525	12189.999	-683.00000	0.0	0.0	75.0	1.5000000
53	14535.1514	12452.589	-1428.00000	0.0	0.0	-280.0	2.0000000
53	14452.0000	12073.000	-1428.00000	0.0	0.0	-290.0	2.0000000
51	15900.0000	11650.000	-50.00000	-10.0	0.0	135.0	0.6000000
9	15997.0000	11084.000	-12.00000	0.0	0.0	-117.0	2.0000000
51	15800.0000	11300.000	-50.00000	20.0	0.0	90.0	0.6700000
57	15383.0000	11298.000	-8.00000	0.0	0.0	45.0	3.5000000
52	15413.4385	11286.430	-16.25418	0.0	0.0	20.0	1.5000000
51	15600.0000	11300.000	-50.00000	-10.0	0.0	0.0	0.6000000
57	15153.9229	11327.659	-91.96209	0.0	0.0	45.0	4.0000000
57	15051.7988	11365.860	-83.44937	0.0	0.0	45.0	2.5000000
39	15311.0000	11635.000	-950.00000	0.0	0.0	-148.0	10.0000000
60	14646.0010	11420.000	-975.00000	0.0	0.0	0.0	1.0000000
2	14062.0000	12388.704	-698.00000	0.0	0.0	-10.0	7.9899998
129	13782.0010	12548.000	-672.00000	0.0	0.0	625.0	1.5000000
129	13711.0000	12246.999	-672.00000	0.0	0.0	609.0	1.5000000
129	13756.0000	12399.000	-672.00000	0.0	0.0	617.0	1.5000000
129	14321.6768	12043.451	-683.00000	0.0	0.0	70.0	1.5000000
129	14261.2871	11911.000	-683.00000	0.0	0.0	65.0	1.5000000
129	13562.5020	11971.999	-672.00000	0.0	0.0	593.0	1.5000000
129	13646.0010	12102.000	-673.00000	0.0	0.0	601.0	1.5000000
60	13058.0000	12202.000	-146.99998	0.0	0.0	0.0	1.0000000
129	13456.1260	11857.047	-672.00000	0.0	0.0	584.0	1.5000000
53	13636.0186	12393.343	-1428.00000	0.0	0.0	255.0	2.0000000
60	13249.0010	12405.000	-1394.00000	0.0	0.0	0.0	1.0000000
53	13359.6191	11920.927	-1428.00000	0.0	0.0	225.0	2.0000000
60	12799.0000	12036.000	-1394.00000	0.0	0.0	0.0	1.0000000
129	14187.0000	11768.000	-683.00000	0.0	0.0	60.0	1.5000000
129	14114.0000	11646.999	-683.00000	0.0	0.0	55.0	1.5000000
129	14017.0000	11518.000	-683.00000	0.0	0.0	50.0	1.5000000
129	13916.0000	11406.000	-683.00000	0.0	0.0	45.0	1.5000000
2	13555.4355	11538.000	-698.00000	0.0	0.0	-50.0	7.9899998
60	13886.0000	11162.000	-54.00000	0.0	0.0	0.0	1.3000000
129	13803.9990	11302.000	-683.00000	0.0	0.0	40.0	1.5000000
129	13692.0000	11203.000	-683.00000	0.0	0.0	35.0	1.5000000
129	13567.0000	11117.000	-683.00000	0.0	0.0	30.0	1.5000000
129	13342.0000	11748.955	-672.00000	0.0	0.0	575.0	1.5000000
129	13209.0000	11660.000	-672.00000	0.0	0.0	567.0	1.5000000
129	12745.0000	11517.000	-673.00000	0.0	0.0	542.0	1.5000000
129	13053.9990	11589.000	-673.00000	0.0	0.0	559.0	1.5000000
129	12900.9990	11542.000	-672.00000	0.0	0.0	550.0	1.5000000
129	13428.0000	11048.000	-683.00000	0.0	0.0	25.0	1.5000000
129	13284.0000	10984.000	-683.00000	0.0	0.0	20.0	1.5000000
53	14299.0010	11739.999	-1428.00000	0.0	0.0	-298.0	2.0000000
53	14098.3096	11442.280	-1428.00000	0.0	0.0	-307.0	2.0000000
53	13861.6592	11200.479	-1428.00000	0.0	0.0	-320.0	2.0000000
53	13582.9102	11000.300	-1428.00000	0.0	0.0	-330.0	2.0000000
53	12917.1758	11666.452	-1428.00000	0.0	0.0	195.0	2.0000000
60	15334.8604	12353.430	-2105.00000	0.0	0.0	0.0	1.0000000
9	15927.6992	10854.823	-33.24013	-5.0	-5.0	-40.0	2.0000000
9	15901.1396	10884.840	-12.00000	0.0	0.0	-117.0	2.0000000
59	15860.0293	10693.819	-463.00000	0.0	0.0	0.0	1.0000000
59	15799.1182	10593.870	-463.00000	0.0	0.0	0.0	1.0000000
129	15825.2285	10681.830	-450.00000	0.0	0.0	-123.0	2.0999999
9	15664.9990	10093.000	-26.00000	0.0	0.0	140.0	2.0000000
80	15475.8594	10267.250	-3.83470	0.0	0.0	-210.0	0.3000000
9	15458.0762	10164.790	-12.00000	0.0	0.0	-126.0	2.0000000
9	15509.7627	10180.000	-26.00000	0.0	0.0	160.0	2.0000000
59	15729.0195	10493.169	-463.00000	0.0	0.0	0.0	1.0000000
59	15667.3096	10397.738	-463.00000	0.0	0.0	0.0	1.0000000
89	16005.6670	10327.000	-440.00000	0.0	0.0	-303.0	2.5200000
129	15708.0000	10502.000	-450.00000	0.0	0.0	-123.0	2.0999999
59	15603.9199	10299.778	-463.00000	0.0	0.0	0.0	1.0000000
129	15597.0000	10320.180	-450.00000	0.0	0.0	-123.0	2.0999999
57	14865.0986	10928.800	-41.50000	0.0	0.0	45.0	3.0000000
57	14974.2002	10738.499	-182.14180	0.0	0.0	45.0	4.0000000
60	14448.9990	10750.999	-315.90002	0.0	0.0	0.0	1.0000000
60	15145.0000	10656.000	-664.24896	0.0	0.0	0.0	1.0000000
60	14825.0000	10274.000	-92.44423	0.0	0.0	0.0	1.0000000
53	15708.9736	10793.736	-1392.99988	0.0	0.0	-123.0	2.5000000
53	15621.6006	10659.359	-1392.99988	0.0	0.0	-123.0	2.5000000
53	15538.5391	10531.442	-1392.99988	0.0	0.0	-123.0	2.5000000
53	15451.6309	10397.383	-1392.99988	0.0	0.0	-123.0	2.5000000
39	14666.6123	10645.000	-950.00000	0.0	0.0	-193.0	10.0000000
9	15997.7998	9871.130	-26.00000	0.0	0.0	145.0	2.0000000
9	15826.9990	9982.999	-26.00000	0.0	0.0	145.0	2.0000000
9	15319.8086	10007.810	-12.00000	0.0	0.0	-135.0	2.0000000
9	15160.5352	9848.790	-12.00000	0.0	0.0	-137.0	2.0000000
9	14989.0596	9720.770	-12.00000	0.0	0.0	-144.0	2.0000000
60	14834.9990	9925.999	-415.99628	0.0	0.0	0.0	1.0000000
9	15125.0400	9319.100	-26.00000	0.0	0.0	-65.0	2.0000000
9	14980.2295	9642.900	-26.00000	0.0	0.0	-75.0	2.0000000
9	15046.2891	9472.310	-26.00000	0.0	0.0	-65.0	2.0000000
129	14817.0000	9585.000	-450.00000	0.0	0.0	-155.0	2.0999999
59	14826.8496	9565.390	-463.00000	0.0	0.0	0.0	1.0000000
59	14717.9990	9517.000	-463.00000	0.0	0.0	0.0	1.0000000
59	14613.1699	9469.520	-463.00000	0.0	0.0	0.0	1.0000000
59	14518.9297	9423.149	-463.00000	0.0	0.0	0.0	1.0000000
59	14420.6592	9385.360	-463.00000	0.0	0.0	0.0	1.0000000
129	14614.6973	9498.550	-450.00000	0.0	0.0	-155.0	2.0999999
129	14457.9668	9420.780	-450.00000	0.0	0.0	-155.0	2.0999999
53	14786.3799	9746.134	-1392.99988	0.0	0.0	-155.0	2.5000000
53	14648.5488	9681.740	-1392.99988	0.0	0.0	-155.0	2.5000000
53	14363.3896	9549.042	-1392.99988	0.0	0.0	-155.0	2.5000000
53	14503.2793	9613.960	-1392.99988	0.0	0.0	-155.0	2.5000000
57	14109.8096	10154.068	-63.00000	0.0	0.0	45.0	4.0000000
57	14050.7598	10287.380	-126.29212	0.0	0.0	90.0	3.0000000
60	14039.9990	10359.000	-17.52892	0.0	0.0	0.0	1.0000000
129	13139.0000	10939.999	-683.00000	0.0	0.0	15.0	1.5000000
129	12666.0000	10870.000	-683.00000	0.0	0.0	0.0	1.5000000
129	12831.0000	10882.000	-683.00000	0.0	0.0	5.0	1.5000000
129	12985.0010	10900.000	-683.00000	0.0	0.0	10.0	1.5000000
57	13022.0000	10097.000	-714.99994	0.0	0.0	45.0	2.0000000
60	13874.7998	10677.900	-975.00000	0.0	0.0	0.0	1.0000000
39	13750.0000	10100.000	-950.00000	0.0	0.0	-148.0	10.0000000
53	13261.3604	10861.919	-1428.00000	0.0	0.0	-343.0	2.0000000
53	12894.3242	10777.083	-1428.00000	0.0	0.0	-350.0	2.0000000
52	14090.5088	9978.370	-35.82000	0.0	0.0	65.0	2.0000000
60	14342.0000	9957.000	-192.95988	0.0	0.0	0.0	1.0000000
51	14200.0000	9850.000	-64.50755	20.0	0.0	90.0	0.6700000
9	14258.7998	9349.199	-17.78623	0.0	0.0	-155.0	2.0000000
9	14074.0010	9274.800	-16.49531	0.0	0.0	-160.0	2.0000000
9	14277.9600	9297.700	-26.00000	0.0	0.0	-215.0	2.0000000
57	13084.5000	9863.100	-655.14575	0.0	0.0	45.0	3.0000000
125	12714.5000	9861.354	-496.07068	0.0	0.0	315.0	1.1000000
60	13150.0000	9500.000	-454.00000	0.0	0.0	0.0	1.0000000
57	12709.0381	9524.500	-609.34534	0.0	0.0	45.0	3.0000000
39	12729.0000	9886.000	-1452.00000	0.0	0.0	-148.0	10.0000000
51	16589.3594	8973.020	-30.00000	0.0	0.0	-270.0	0.6000000
51	16404.0000	9211.000	-30.00000	0.0	0.0	-225.0	0.6000000
51	16197.0000	8986.000	-30.00000	0.0	0.0	-180.0	0.6000000
39	16650.0000	8500.000	-950.00000	0.0	0.0	0.0	10.0000000
9	15689.8301	8938.938	-12.00000	0.0	0.0	45.0	2.0000000
9	15841.5693	9056.150	-12.00000	0.0	0.0	35.0	2.0000000
9	15971.0400	9167.070	-12.00000	0.0	0.0	45.0	2.0000000
9	15551.9697	8811.009	-12.00000	0.0	0.0	40.0	2.0000000
9	15237.8604	8584.680	-12.00000	0.0	0.0	40.0	2.0000000
9	15400.9385	8700.688	-12.00000	0.0	0.0	30.0	2.0000000
9	15199.7998	9154.800	-26.00000	0.0	0.0	-65.0	2.0000000
9	14916.6289	8920.700	-26.00000	0.0	0.0	-155.0	2.0000000
9	15067.2197	8990.689	-26.00000	0.0	0.0	-155.0	2.0000000
9	14388.2402	9169.500	-25.84000	0.0	0.0	-245.0	2.0000000
9	14549.2402	8854.260	-26.00000	0.0	0.0	-245.0	2.0000000
9	14474.9805	9011.970	-26.00000	0.0	0.0	-245.0	2.0000000
9	14753.9287	8846.109	-26.00000	0.0	0.0	-155.0	2.0000000
89	14769.0000	9183.110	-440.00000	0.0	0.0	-335.0	2.5200000
9	15103.2988	8470.150	-12.00000	0.0	0.0	40.0	2.0000000
51	15300.9980	8213.000	-30.00000	0.0	0.0	-180.0	0.6000000
9	14939.9990	8333.000	-14.32490	0.0	0.0	40.0	2.0000000
9	14780.1895	8204.670	-16.60272	0.0	0.0	40.0	2.0000000
9	14624.0010	8091.000	-18.00000	0.0	0.0	30.0	2.0000000
9	14459.0596	8020.779	-12.00000	0.0	0.0	15.0	2.0000000
51	15067.0000	7832.000	-30.00000	0.0	0.0	-135.0	0.6000000
39	15450.0000	7550.000	-950.00000	0.0	0.0	-45.0	10.0000000
9	13962.9277	8914.979	-12.00000	0.0	0.0	-55.0	2.0000000
9	13869.9434	9056.000	-12.00000	0.0	0.0	-60.0	2.0000000
11	13832.4375	9135.410	-18.00000	0.0	0.0	270.0	2.0000000
11	13840.2500	9158.438	-18.00000	0.0	0.0	240.0	2.0000000
9	13909.1992	9204.920	-12.00000	0.0	0.0	-155.0	2.0000000
9	14056.6191	8756.330	-12.00000	0.0	0.0	-60.0	2.0000000
9	14191.4199	8432.479	-12.00000	0.0	0.0	-70.0	2.0000000
9	14139.0898	8595.000	-12.00000	0.0	0.0	-65.0	2.0000000
60	13833.0000	8424.000	-454.00000	0.0	0.0	0.0	1.0000000
9	14239.9492	8262.690	-12.00000	0.0	0.0	-75.0	2.0000000
9	14269.8594	8126.290	-12.00000	0.0	0.0	-75.0	2.0000000
11	14305.7695	8007.210	-18.00000	0.0	0.0	-45.0	2.0000000
11	14342.9990	7990.000	-18.00000	0.0	0.0	-15.0	2.0000000
11	14278.8682	8055.270	-18.00000	0.0	0.0	-75.0	2.0000000
60	14057.2598	7768.960	-454.00000	0.0	0.0	0.0	1.0000000
60	13346.6689	7706.056	-454.00000	0.0	0.0	0.0	1.0000000
60	15413.0098	6919.169	-461.16000	0.0	0.0	0.0	1.0000000
60	14865.2500	6960.140	-945.00000	0.0	0.0	0.0	1.0000000
76	14438.7998	6639.736	-27.33795	0.0	0.0	-20.0	0.2000000
76	15004.8203	5876.730	-20.17361	0.0	0.0	100.0	0.2000000
0	14957.8291	5826.659	-345.99997	0.0	0.0	10.0	1.5000000
11	14900.0000	5997.000	-6.00000	0.0	3.0	25.0	2.0000000
60	15373.5488	5965.950	-945.00000	0.0	0.0	0.0	1.0000000
55	15030.7373	5862.940	-1213.00000	0.0	0.0	100.0	2.5000000
60	13834.3906	7235.720	-469.69000	0.0	0.0	0.0	1.0000000
60	12678.5098	7279.725	-454.00000	0.0	0.0	0.0	1.0000000
60	13431.6592	6828.570	-454.00000	0.0	0.0	0.0	1.0000000
60	12841.3896	6587.211	-465.43378	0.0	0.0	0.0	1.0000000
60	25235.0000	5649.000	-575.49622	0.0	0.0	0.0	1.0000000
60	24736.8105	5124.343	-615.94635	0.0	0.0	0.0	1.0020837
60	25010.1504	4466.440	-727.25995	0.0	0.0	0.0	1.0000000
60	24072.7480	5472.630	-563.07513	0.0	0.0	0.0	1.0020837
142	23237.9980	5685.000	-705.00000	0.0	0.0	45.0	1.0000000
60	23007.0000	5125.000	-562.99994	0.0	0.0	0.0	1.0000000
60	23455.6230	5442.895	-1144.29431	0.0	0.0	0.0	1.0020837
64	23237.0000	5695.918	-1259.00000	0.0	0.0	0.0	6.0000000
24	24140.0000	4694.000	-750.00000	0.0	0.0	-180.0	1.0000000
60	24496.3789	4445.782	-563.07642	0.0	0.0	0.0	1.0020837
60	23440.5938	4429.847	-563.07513	0.0	0.0	0.0	1.0020837
60	25242.0000	3646.890	-562.99994	0.0	0.0	0.0	1.0000000
60	24653.3438	3766.721	-1144.29431	0.0	0.0	0.0	1.0020837
60	24837.2637	2948.871	-323.20764	0.0	0.0	0.0	1.0020837
60	25253.0000	2829.501	-562.99994	0.0	0.0	0.0	1.0000000
24	24150.0527	4015.000	-750.00000	0.0	0.0	-540.0	1.0000000
60	23362.0000	3515.000	-562.99994	0.0	0.0	0.0	1.0000000
60	23264.9941	3581.826	-563.07513	0.0	0.0	0.0	1.0020837
60	23918.4609	4077.014	-1083.22815	0.0	0.0	0.0	1.0000000
60	24108.9531	3278.306	-1144.29431	0.0	0.0	0.0	1.0020837
60	24490.2441	2637.624	-563.07513	0.0	0.0	0.0	1.0020837
60	23181.8652	2754.479	-563.07513	0.0	0.0	0.0	1.0020837
89	22065.0000	4241.000	-90.00000	0.0	0.0	-92.0	2.5000000
129	22414.0000	4266.000	-103.00000	0.0	0.0	87.0	2.0999999
129	22418.8789	4473.000	-103.00000	0.0	0.0	92.0	2.0999999
59	22390.3906	4160.000	-90.00000	0.0	0.0	0.0	1.0000000
19	22097.0000	4179.000	-93.00000	-180.0	0.0	0.0	0.5000000
19	22385.7949	4231.000	-93.00000	-180.0	0.0	0.0	0.4000000
19	22394.0000	4388.000	-207.46660	-180.0	0.0	-180.0	1.0000000
59	22401.0000	4307.000	-90.00000	0.0	0.0	0.0	1.0000000
60	22181.0000	4155.000	-64.00000	0.0	0.0	0.0	0.6000000
59	22399.0000	4455.000	-90.00000	0.0	0.0	0.0	1.0000000
65	21995.5625	4357.266	-88.22174	0.0	0.0	45.0	0.8000000
19	21818.3906	4129.460	-102.80560	-180.0	0.0	0.0	0.6000000
19	21915.1191	4420.000	-100.77288	-180.0	0.0	0.0	0.5000000
89	21369.9219	4273.000	-13.00000	-100.0	0.0	-92.0	2.5000000
19	21550.8828	4240.000	-68.37416	-180.0	0.0	0.0	1.0000000
19	21411.4492	4138.957	-147.30423	-180.0	0.0	0.0	1.0000000
89	21424.7090	4225.182	-90.00000	0.0	0.0	-92.0	2.5000000
19	21484.2461	4337.880	-188.28999	-180.0	0.0	0.0	0.8000000
19	21415.3086	4438.606	-147.73593	-180.0	0.0	0.0	1.0000000
53	22562.0000	4167.000	-1042.99988	0.0	0.0	87.0	2.5000000
53	22573.4160	4468.685	-1042.99988	0.0	0.0	87.0	2.5000000
53	22567.4766	4317.978	-1042.99988	0.0	0.0	87.0	2.5000000
60	19688.0996	5546.100	-214.09395	0.0	0.0	0.0	1.0000000
59	22567.0898	4161.760	-2901.99976	0.0	0.0	0.0	2.2000000
59	22570.4277	4314.980	-2901.99976	0.0	0.0	0.0	2.2000000
59	22572.2969	4465.026	-2901.99976	0.0	0.0	0.0	2.2000000
129	22400.0000	4067.000	-103.00000	0.0	0.0	85.0	2.0999999
19	22383.4219	4106.050	-119.88070	-180.0	0.0	-360.0	0.4000000
59	22382.0000	4039.000	-90.00000	0.0	0.0	0.0	1.0000000
60	22580.2773	3298.348	-563.08636	0.0	0.0	0.0	1.0020837
53	22556.0820	4015.091	-1042.99988	0.0	0.0	87.0	2.5000000
60	21186.0000	3089.279	-64.00000	0.0	0.0	0.0	0.6000000
129	21292.0000	2901.000	-103.00000	0.0	0.0	365.0	2.0999999
59	21305.5059	2923.205	-90.00000	0.0	0.0	0.0	1.0000000
59	21219.7363	2918.266	-90.00000	0.0	0.0	0.0	1.0000000
53	21196.3633	2737.297	-1042.99988	0.0	0.0	5.0	2.5000000
53	21339.9375	2749.556	-1042.99988	0.0	0.0	5.0	2.5000000
89	21084.0000	3872.000	-90.00000	0.0	0.0	-175.0	2.5000000
89	21120.0000	3233.000	-90.00000	0.0	0.0	-175.0	2.5000000
129	21108.0000	2877.810	-103.00000	0.0	0.0	365.0	2.0999999
129	20949.0000	2871.041	-103.00000	0.0	0.0	360.0	2.0999999
59	21118.0840	2910.157	-90.00000	0.0	0.0	0.0	1.0000000
59	20929.9004	2892.600	-90.00000	0.0	0.0	0.0	1.0000000
60	21068.7422	3245.980	-49.04220	0.0	0.0	0.0	0.6000000
60	20962.5703	3087.570	-64.00000	0.0	0.0	0.0	0.6000000
59	21024.0000	2899.000	-90.00000	0.0	0.0	0.0	1.0000000
60	20621.4297	2556.210	-316.61044	0.0	0.0	0.0	1.0000000
60	19960.0000	2684.000	-360.00000	0.0	0.0	0.0	1.0000000
53	20932.0000	2714.000	-1042.99988	0.0	0.0	5.0	2.5000000
53	21061.5547	2726.280	-1042.99988	0.0	0.0	5.0	2.5000000
59	22558.2969	4013.450	-2901.99976	0.0	0.0	0.0	2.2000000
59	21192.5879	2729.670	-2901.99976	0.0	0.0	0.0	2.2000000
59	21337.7480	2748.510	-2901.99976	0.0	0.0	0.0	2.2000000
59	20931.5098	2713.000	-2901.99976	0.0	0.0	0.0	2.2000000
59	21057.7188	2721.640	-2901.99976	0.0	0.0	0.0	2.2000000
60	25246.0000	2158.000	-562.99994	0.0	0.0	0.0	1.0000000
60	24638.7383	2209.862	-466.83771	0.0	0.0	0.0	1.0020837
60	24857.3770	1537.140	-1144.29431	0.0	0.0	0.0	1.0020837
60	24464.0000	1765.000	-562.99994	0.0	0.0	0.0	1.0000000
60	23132.1387	1756.489	-562.98877	0.0	0.0	0.0	1.0000000
24	24582.0000	1353.000	-197.99998	0.0	0.0	-450.0	1.0000000
24	23990.9980	739.000	-197.99998	0.0	0.0	-360.0	1.0000000
60	24543.7539	811.327	-563.07642	0.0	0.0	0.0	1.0020837
60	23734.8809	711.549	-563.07513	0.0	0.0	0.0	1.0020837
60	23928.9004	1503.947	-1144.29431	0.0	0.0	0.0	1.0020837
60	22951.1582	1232.576	-948.67175	0.0	0.0	0.0	1.0000000
60	24757.3652	544.669	-393.79849	0.0	0.0	0.0	1.0020837
60	24718.8086	46.140	-262.74323	0.0	0.0	0.0	1.0000000
60	23739.7773	45.726	-145.39777	0.0	0.0	0.0	1.0000000
60	23077.5566	86.363	-562.98871	0.0	0.0	0.0	1.0000000
60	23966.7695	357.360	-1142.99988	0.0	0.0	0.0	1.0000000
60	22647.0664	2146.080	-361.78375	0.0	0.0	0.0	1.0000000
60	22124.0000	1978.000	-562.99994	0.0	0.0	0.0	1.0000000
60	22587.9980	1494.000	-562.99994	0.0	0.0	0.0	1.0000000
60	21875.0078	1465.271	-562.98877	0.0	0.0	0.0	1.0000000
24	21294.9805	1110.336	-750.00000	0.0	0.0	-270.0	1.0000000
60	21754.5195	716.570	-1142.99988	0.0	0.0	0.0	1.0000000
60	19952.1094	2018.790	-673.65552	0.0	0.0	0.0	1.0000000
139	19734.3711	2034.000	-701.07520	0.0	0.0	90.0	1.4000000
64	19734.0000	2037.000	-1259.00000	0.0	0.0	0.0	6.0000000
60	21077.4727	1489.345	-562.98877	0.0	0.0	0.0	1.0000000
60	21107.3789	948.000	-826.80475	0.0	0.0	0.0	1.0000000
24	20625.0215	1083.756	-750.00000	0.0	0.0	-270.0	1.0000000
60	19725.3691	1272.550	-664.00000	0.0	0.0	0.0	1.0000000
60	22285.9160	121.089	-562.98877	0.0	0.0	0.0	1.0000000
60	21771.2578	93.004	-562.98877	0.0	0.0	0.0	1.0000000
60	20362.0000	702.000	-562.99994	0.0	0.0	0.0	1.0000000
60	20884.0859	200.482	-562.98877	0.0	0.0	0.0	1.0000000
60	19683.0000	331.000	-664.00000	0.0	0.0	0.0	1.0000000
60	19238.8281	4777.320	-214.09395	0.0	0.0	0.0	1.0000000
39	16139.0000	4865.000	-541.00000	0.0	0.0	-13.0	5.6999998
60	16096.0010	4802.000	-945.00000	0.0	0.0	0.0	1.0000000
60	19204.6191	3830.020	-214.09395	0.0	0.0	0.0	1.0000000
142	19417.0000	2950.000	-233.00000	0.0	0.0	45.0	1.0000000
64	19414.0000	2954.350	-601.86121	0.0	0.0	0.0	4.0000000
60	19394.0293	2577.260	-146.31813	0.0	0.0	0.0	1.0000000
125	16076.9932	3367.855	-254.06451	0.0	0.0	315.0	0.6970296
39	16086.9111	3385.487	-811.93542	0.0	0.0	-148.0	5.7029705
60	15793.6299	5387.000	-175.68428	0.0	0.0	0.0	1.0000000
19	14982.7900	5795.537	-142.05377	0.0	0.0	-45.0	0.6000000
0	14799.2158	5664.470	-345.99997	0.0	0.0	10.0	1.5000000
19	15043.3506	5548.548	-139.99998	0.0	0.0	-135.0	0.6000000
19	15022.7998	5617.050	-108.99999	0.0	0.0	-45.0	0.4000000
19	15002.6475	5711.241	-109.07999	0.0	0.0	-45.0	0.4000000
0	14980.8398	5688.210	-345.99997	0.0	0.0	10.0	1.5000000
0	15017.5400	5571.165	-345.99997	0.0	0.0	10.0	1.5000000
0	14940.1396	5490.101	-345.99997	0.0	0.0	10.0	1.5000000
0	14920.9395	5613.390	-345.99997	0.0	0.0	10.0	1.5000000
0	14876.7734	5749.500	-345.99997	0.0	0.0	10.0	1.5000000
0	14777.3975	5813.189	-345.99997	0.0	0.0	10.0	1.5000000
11	15053.0000	5351.110	-6.00000	0.0	0.0	205.0	2.0000000
55	15063.2207	5707.224	-1213.00000	0.0	0.0	100.0	2.5000000
55	15095.8799	5543.190	-1213.00000	0.0	0.0	110.0	2.5000000
11	15492.0000	4270.000	-6.00000	0.0	3.0	10.0	2.0000000
119	14383.9688	4540.819	-117.88161	0.0	0.0	130.0	1.0000000
119	14701.8604	4244.220	-123.50000	0.0	0.0	-50.0	1.0000000
119	14364.0000	4350.000	-125.02827	0.0	0.0	40.0	1.0000000
76	13417.1494	5580.710	-26.86505	0.0	0.0	-10.0	0.1500000
24	12706.0000	5684.000	-77.19864	0.0	0.0	115.0	0.9000000
53	12664.5938	5101.361	-1000.99994	0.0	0.0	90.0	2.5000000
53	12664.4639	5243.587	-1000.99994	0.0	0.0	90.0	2.5000000
100	14331.4395	4343.400	-18.30330	0.0	0.0	30.0	5.0000000
119	14220.0000	4145.000	-125.09760	0.0	0.0	-165.0	1.0000000
76	13284.8096	4297.920	-38.21000	0.0	0.0	60.0	0.2000000
53	12664.3496	4964.571	-1000.99994	0.0	0.0	90.0	2.5000000
19	15550.6992	4094.408	-140.00000	0.0	0.0	-180.0	0.7000000
0	15435.7129	4114.473	-390.00000	0.0	0.0	0.0	1.5000000
0	15458.3418	3750.316	-390.00000	0.0	0.0	0.0	1.5000000
0	15510.9287	3833.775	-390.00000	0.0	0.0	0.0	1.5000000
0	15445.4404	3931.989	-390.00000	0.0	0.0	0.0	1.5000000
0	15509.5811	4024.448	-390.00000	0.0	0.0	0.0	1.5000000
0	15291.5986	3904.220	-390.00000	0.0	0.0	0.0	1.5000000
0	15327.3496	4061.780	-390.00000	0.0	0.0	0.0	1.5000000
19	15553.0000	3856.000	-140.00000	0.0	0.0	-180.0	0.5000000
19	15564.0000	3772.000	-140.00000	0.0	0.0	-135.0	0.6000000
11	15452.1045	3611.324	-5.00000	0.0	0.0	145.0	2.0000000
6	14520.1328	3398.123	-6.30739	0.0	2.0	-50.0	2.0000000
55	15600.3037	3780.209	-1257.00000	0.0	0.0	90.0	2.5000000
55	15604.9453	4105.551	-1257.00000	0.0	0.0	90.0	2.5000000
55	15603.7510	3941.679	-1257.00000	0.0	0.0	90.0	2.5000000
0	14733.8486	2867.341	-345.80997	0.0	0.0	45.0	1.5000000
19	14825.9990	2775.000	-140.00000	0.0	0.0	-135.0	0.8000000
19	14920.0791	2804.251	-112.00000	0.0	0.0	0.0	0.8000000
19	14548.6699	2459.880	-112.00000	0.0	0.0	-135.0	0.8000000
0	14724.1055	2751.353	-345.80997	0.0	0.0	45.0	1.5000000
0	14500.1084	2634.631	-345.80997	0.0	0.0	45.0	1.5000000
0	14617.0869	2745.203	-345.81000	0.0	0.0	45.0	1.5000000
19	14744.1895	2631.010	-118.51658	0.0	0.0	-135.0	0.4000000
19	14627.0000	2535.000	-133.00000	0.0	0.0	-135.0	0.5000000
0	14608.0000	2635.000	-346.00000	0.0	0.0	45.0	1.5000000
60	15862.9990	3217.000	-945.00000	0.0	0.0	0.0	1.0000000
55	14881.0000	2722.000	-1213.00000	0.0	0.0	45.0	2.5000000
55	14762.0000	2600.000	-1210.00000	0.0	0.0	45.0	2.5000000
55	14639.4238	2476.426	-1210.04968	0.0	0.0	45.0	2.5000000
119	14116.3525	3989.190	-125.55225	0.0	0.0	-5.0	1.0000000
122	13132.6602	3961.770	-1.06000	0.0	0.0	225.0	2.5999999
119	13725.0000	2885.000	-123.00000	0.0	0.0	130.0	1.0000000
119	13544.0000	2475.000	-132.00000	0.0	0.0	40.0	1.0000000
119	13551.2607	2633.760	-114.36000	0.0	0.0	-185.0	1.0000000
60	19405.0547	1887.496	-230.36299	0.0	0.0	0.0	1.0000000
60	17808.7090	737.220	-41.00000	0.0	0.0	0.0	1.0000000
60	18880.0254	493.428	-483.95752	0.0	0.0	0.0	1.0000000
60	18049.2695	286.260	-41.00000	0.0	0.0	0.0	1.0000000
39	17479.4805	433.995	-541.00000	0.0	0.0	-13.0	5.6999998
60	14975.0000	2117.000	-945.00000	0.0	0.0	0.0	1.0000000
60	14752.0000	979.000	-945.00000	0.0	0.0	0.0	1.0000000
76	14215.5010	1723.000	-28.00000	0.0	0.0	90.0	0.2000000
85	14245.3398	1592.932	-17.42000	0.0	0.0	180.0	0.5000000
119	13447.0000	2151.000	-123.00000	0.0	0.0	60.0	1.0000000
119	13255.0000	2165.000	-123.00000	0.0	0.0	-410.0	1.0000000
119	13056.0000	2397.816	-123.00000	0.0	0.0	-185.0	1.0000000
119	12720.8203	2304.510	-123.00000	0.0	0.0	-455.0	1.0000000
119	12896.2207	2212.430	-123.00000	0.0	0.0	-5.0	1.0000000
119	13425.9990	1864.000	-123.00000	0.0	0.0	-365.0	1.0000000
123	14313.8652	722.502	-7.00000	0.0	0.0	0.0	0.4500000
76	13281.0791	764.820	-13.98000	0.0	0.0	-50.0	0.2000000
60	15299.0010	319.000	-945.00000	0.0	0.0	0.0	1.0000000
60	13819.0000	196.000	-399.99994	0.0	0.0	0.0	1.0000000
60	12688.0000	651.000	-945.00000	0.0	0.0	0.0	1.0000000
60	12220.0000	12103.000	-146.99998	0.0	0.0	0.0	1.0000000
129	11870.0000	11825.000	-672.00000	0.0	0.0	496.0	1.5000000
129	11560.0000	12350.000	-672.00000	0.0	0.0	464.0	1.5000000
129	11529.0000	12493.999	-672.00000	0.0	0.0	457.0	1.5000000
129	11517.0000	12645.000	-672.00000	0.0	0.0	450.0	1.5000000
73	11340.1836	12307.954	-550.00000	0.0	0.0	170.9	0.7000000
2	11243.9990	12402.000	-698.00000	0.0	0.0	-170.0	7.7800002
139	11343.8164	12586.046	-662.00000	0.0	0.0	0.9	0.7000000
129	11607.9990	12205.000	-673.00000	0.0	0.0	471.0	1.5000000
129	11677.0000	12067.000	-673.00000	0.0	0.0	478.0	1.5000000
129	11759.0000	11942.000	-672.00000	0.0	0.0	486.0	1.5000000
129	10956.0000	12064.999	-683.00000	0.0	0.0	290.0	1.5000000
129	11020.0000	11914.000	-683.00000	0.0	0.0	295.0	1.5000000
53	11950.9990	11905.000	-1428.00000	0.0	0.0	138.0	2.0000000
53	11672.7520	12371.000	-1428.00000	0.0	0.0	102.0	2.0000000
129	12430.0000	11538.000	-672.00000	0.0	0.0	526.0	1.5000000
129	12268.0000	11580.000	-673.00000	0.0	0.0	518.0	1.5000000
129	12587.0000	11514.999	-672.00000	0.0	0.0	534.0	1.5000000
129	12121.0000	11645.000	-672.00000	0.0	0.0	510.0	1.5000000
129	11989.9990	11725.000	-672.00000	0.0	0.0	502.0	1.5000000
2	12632.0000	11212.000	-698.00000	0.0	0.0	-90.0	7.7999997
129	11911.0000	11048.000	-683.00000	0.0	0.0	335.0	1.5000000
129	12060.0000	10987.000	-683.00000	0.0	0.0	340.0	1.5000000
2	11721.9990	11556.000	-698.00000	0.0	0.0	-130.0	7.9000001
129	11378.0000	11407.999	-683.00000	0.0	0.0	315.0	1.5000000
129	11088.0000	11781.000	-683.00000	0.0	0.0	300.0	1.5000000
129	11172.0000	11649.000	-683.00000	0.0	0.0	305.0	1.5000000
129	11267.0000	11525.999	-683.00000	0.0	0.0	310.0	1.5000000
129	11496.0000	11302.000	-683.00000	0.0	0.0	320.0	1.5000000
129	11621.0000	11204.000	-683.00000	0.0	0.0	325.0	1.5000000
129	11761.0000	11118.000	-683.00000	0.0	0.0	330.0	1.5000000
53	12414.0762	11658.278	-1428.00000	0.0	0.0	168.0	2.0000000
53	11133.3965	11516.467	-1428.00000	0.0	0.0	310.0	2.0000000
53	11441.2686	11208.731	-1428.00000	0.0	0.0	320.0	2.0000000
53	11781.0098	10987.561	-1428.00000	0.0	0.0	335.0	2.0000000
129	10868.0000	12489.999	-683.00000	0.0	0.0	275.0	1.5000000
129	10868.9990	12632.000	-683.00000	0.0	0.0	270.0	1.5000000
129	10882.9990	12360.000	-683.00000	0.0	0.0	280.0	1.5000000
57	10250.7598	12041.509	-83.90000	0.0	0.0	45.0	3.0000000
129	10914.9990	12211.000	-683.00000	0.0	0.0	285.0	1.5000000
60	10064.0000	12362.000	-343.99997	0.0	0.0	0.0	1.0000000
57	9382.0000	12406.000	-20.00000	0.0	0.0	45.0	5.0000000
53	10794.5635	12255.518	-1428.00000	0.0	0.0	-78.0	2.0000000
53	10925.0000	11871.005	-1428.00000	0.0	0.0	-68.0	2.0000000
39	9912.1982	11910.140	-953.50427	0.0	0.0	-148.0	10.0000000
57	9775.9990	11616.000	-126.00000	0.0	0.0	45.0	5.0000000
51	9679.0303	11533.569	-78.89999	0.0	0.0	0.0	0.7000000
51	9296.8203	11600.800	-63.24000	0.0	0.0	0.0	0.5000000
51	9463.1504	11324.450	-53.97000	0.0	0.0	-45.0	0.6000000
52	9464.4795	11061.210	-75.01609	0.0	0.0	115.0	2.5000000
52	9358.4004	11302.250	-74.28358	0.0	0.0	115.0	1.5000000
9	9277.3398	11110.649	-12.00000	0.0	0.0	110.0	2.0000000
60	9627.4600	11754.679	-2105.00000	0.0	0.0	0.0	1.0000000
129	12516.0000	10875.024	-683.00000	0.0	0.0	353.0	1.5000000
129	12366.0000	10899.024	-683.00000	0.0	0.0	348.0	1.5000000
129	12213.0000	10942.000	-683.00000	0.0	0.0	345.0	1.5000000
53	12520.7168	10764.063	-1428.00000	0.0	0.0	-360.0	2.0000000
53	12168.9990	10843.657	-1428.00000	0.0	0.0	-377.0	2.0000000
57	12066.4141	10068.999	-2.26561	0.0	0.0	90.0	2.5000000
57	11989.0000	9849.000	-12.00000	0.0	0.0	90.0	3.0000000
60	12014.7598	9403.489	-469.68900	0.0	0.0	0.0	1.0000000
57	11796.6992	9674.039	-63.00000	0.0	0.0	45.0	4.0000000
57	11500.9795	9782.300	-270.98352	0.0	0.0	90.0	3.0000000
51	11465.0879	9400.000	-20.48931	0.0	0.0	-90.0	0.7000000
51	11559.0000	9585.000	-77.00000	0.0	0.0	-45.0	0.6000000
9	10991.5684	9342.029	-12.00000	0.0	0.0	150.0	2.0000000
9	11194.5596	9242.070	-17.00000	0.0	0.0	160.0	2.0000000
52	11057.0293	9465.030	-44.68000	0.0	0.0	150.0	1.5000000
51	11202.0000	9595.000	-30.00000	0.0	0.0	-45.0	0.6000000
39	11721.1094	9996.540	-950.00000	0.0	0.0	-148.0	10.0000000
19	9649.9297	10578.099	-158.99998	0.0	0.0	0.0	0.5000000
9	9366.2793	10894.261	-47.00000	-5.0	7.0	35.0	2.0000000
9	9374.3096	10910.259	-12.00000	0.0	0.0	119.0	2.0000000
19	9525.0098	10716.399	-204.00000	0.0	0.0	-45.0	0.8000000
19	9607.0000	10643.999	-151.00000	0.0	0.0	-270.0	0.4000000
59	9484.4600	10615.909	-463.00000	0.0	0.0	30.0	1.0000000
59	9424.4092	10718.469	-463.00000	0.0	0.0	30.0	1.0000000
129	9548.4814	10541.300	-450.00000	0.0	0.0	120.0	2.0999999
129	9450.8105	10727.610	-450.00000	0.0	0.0	120.0	2.0999999
19	9677.7500	10399.100	-204.00000	0.0	0.0	0.0	0.8000000
19	9685.0000	10502.000	-151.00000	0.0	0.0	-315.0	0.4000000
9	9745.0000	10148.000	-38.00000	-5.0	0.0	-155.0	2.0000000
5	9733.2988	10380.170	-1.00000	0.0	0.0	126.0	2.2000000
9	9811.8369	10187.000	-12.00000	0.0	0.0	132.0	2.0000000
9	9613.7852	10115.044	-26.00000	0.0	0.0	-150.0	2.0000000
89	9260.0000	10360.000	-440.00000	0.0	0.0	-60.0	2.5000000
59	9599.0000	10412.000	-463.00000	0.0	0.0	30.0	1.0000000
59	9659.0801	10313.279	-463.00000	0.0	0.0	30.0	1.0000000
59	9543.3301	10509.959	-463.00000	0.0	0.0	30.0	1.0000000
129	9661.2676	10349.130	-450.00000	0.0	0.0	120.0	2.0999999
53	9731.2129	10545.195	-1392.99988	0.0	0.0	120.0	2.5000000
53	9586.0000	10797.000	-1392.99988	0.0	0.0	120.0	2.5000000
53	9654.0000	10679.000	-1392.99988	0.0	0.0	120.0	2.5000000
53	9807.9990	10411.000	-1392.99988	0.0	0.0	120.0	2.5000000
52	10159.0000	10046.000	-47.00000	0.0	0.0	135.0	2.5000000
9	10273.7842	9710.057	-66.06556	-5.0	7.0	65.0	2.0000000
9	10105.0000	9884.000	-16.00000	0.0	0.0	135.0	2.0000000
9	10272.0000	9741.000	-12.00000	0.0	0.0	145.0	2.0000000
60	10807.9990	9975.999	-469.99997	0.0	0.0	0.0	1.0000000
19	10538.5586	9630.800	-158.99998	0.0	0.0	0.0	0.5000000
9	10927.9297	9315.670	-38.00000	5.0	0.0	-145.0	2.0000000
19	10814.0098	9469.250	-204.00000	0.0	0.0	0.0	0.8000000
19	10615.6494	9567.210	-204.00000	0.0	0.0	0.0	0.8000000
19	10735.7090	9548.069	-158.99998	0.0	0.0	0.0	0.5000000
9	10143.3994	9367.859	-26.00000	0.0	0.0	62.0	2.0000000
9	10218.9990	9524.000	-26.00000	0.0	0.0	65.0	2.0000000
59	10820.8203	9382.680	-463.00000	0.0	0.0	75.0	1.0000000
59	10706.2695	9434.349	-463.00000	0.0	0.0	75.0	1.0000000
59	10604.4482	9491.910	-463.00000	0.0	0.0	75.0	1.0000000
129	10618.5098	9508.250	-450.00000	0.0	0.0	152.0	2.0999999
129	10793.9990	9410.363	-450.00000	0.0	0.0	152.0	2.0999999
129	10452.9004	9602.670	-450.00000	0.0	0.0	152.0	2.0999999
59	10497.9697	9546.329	-463.00000	0.0	0.0	75.0	1.0000000
59	10398.2197	9602.290	-463.00000	0.0	0.0	75.0	1.0000000
9	9953.0000	10034.000	-16.00000	0.0	0.0	135.0	2.0000000
9	9287.9590	9954.119	-26.00000	0.0	0.0	-150.0	2.0000000
9	9454.9697	10035.356	-26.00000	0.0	0.0	-150.0	2.0000000
9	9300.0000	9282.000	-15.43567	0.0	0.0	310.0	2.0000000
53	10626.5742	9681.607	-1392.99988	0.0	0.0	152.0	2.5000000
53	10493.2246	9752.424	-1392.99988	0.0	0.0	152.0	2.5000000
53	10896.8145	9537.767	-1392.99988	0.0	0.0	152.0	2.5000000
53	10757.9502	9611.685	-1392.99988	0.0	0.0	152.0	2.5000000
60	11571.0000	10602.000	-2105.00000	0.0	0.0	0.0	1.0000000
60	12579.2793	9774.240	-2105.00000	0.0	0.0	0.0	1.0000000
60	10145.7900	10642.939	-2105.00000	0.0	0.0	0.0	1.0000000
59	9724.7646	10543.759	-3259.99976	0.0	0.0	120.0	2.2000000
59	9653.9951	10673.930	-3259.99976	0.0	0.0	120.0	2.2000000
59	9579.2451	10804.378	-3259.99976	0.0	0.0	120.0	2.2000000
59	9801.9951	10413.930	-3259.99976	0.0	0.0	120.0	2.2000000
59	10628.9219	9679.309	-3259.99976	0.0	0.0	152.0	2.2000000
59	10482.3574	9755.586	-3259.99976	0.0	0.0	152.0	2.2000000
59	10899.8242	9531.519	-3259.99976	0.0	0.0	152.0	2.2000000
59	10760.8936	9605.589	-3259.99976	0.0	0.0	152.0	2.2000000
52	9106.1504	12381.600	-129.36569	0.0	0.0	90.0	2.5000000
9	8972.0000	12289.999	-3.80774	0.0	0.0	90.0	2.0000000
9	8954.0000	12262.000	-30.33644	0.0	6.0	-710.0	2.0000000
9	8950.0000	12473.000	-21.00000	0.0	0.0	90.0	2.0000000
27	9102.0000	12648.000	-11.67926	0.0	0.0	-90.0	3.5000000
9	8779.0000	12235.000	-26.00000	0.0	0.0	-710.0	2.0000000
19	9073.3721	11867.031	-169.28990	0.0	0.0	0.0	0.5000000
19	9071.2383	11966.910	-151.00000	0.0	0.0	-315.0	0.4000000
19	8992.0996	12083.149	-204.00000	0.0	0.0	-135.0	0.8000000
9	8616.0000	12213.000	-26.00000	0.0	0.0	-710.0	2.0000000
9	8451.7803	12179.448	-26.00000	0.0	0.0	-710.0	2.0000000
129	8957.0000	12081.000	-450.00000	0.0	0.0	100.0	2.0999999
59	8980.0000	11805.000	-463.00000	0.0	0.0	0.0	1.0000000
129	8985.0000	11887.000	-450.00000	0.0	0.0	100.0	2.0999999
59	8966.3301	11914.430	-463.00000	0.0	0.0	0.0	1.0000000
59	8943.5801	12019.850	-463.00000	0.0	0.0	0.0	1.0000000
59	8928.6602	12114.469	-463.00000	0.0	0.0	0.0	1.0000000
89	8645.0000	11850.999	-440.00000	0.0	0.0	-80.0	2.5000000
37	7730.0005	12403.000	-14.00000	0.0	0.0	0.0	7.8400006
7	7835.0000	12389.999	-2.00000	0.0	0.0	-540.0	8.3299999
9	7922.0000	12492.000	-21.00000	0.0	0.0	270.0	2.0000000
9	7924.0000	12644.267	-21.00000	0.0	0.0	270.0	2.0000000
9	7926.8501	12293.430	-12.00000	0.0	0.0	270.0	2.0000000
9	8313.9297	11892.290	-26.00000	0.0	0.0	460.0	2.0000000
9	8287.7393	12039.309	-26.00000	0.0	0.0	460.0	2.0000000
71	7844.1201	12152.950	-7.36911	0.0	0.0	0.0	1.0000000
9	7928.4805	11985.806	-12.00000	0.0	0.0	270.0	2.0000000
9	7925.9995	12126.143	-12.00000	0.0	0.0	270.0	2.0000000
9	7942.9497	11823.930	-12.00000	0.0	0.0	280.0	2.0000000
53	9104.5518	12126.016	-1392.99988	0.0	0.0	100.0	2.5000000
53	9131.2764	11974.840	-1392.99988	0.0	0.0	100.0	2.5000000
53	9158.2295	11822.535	-1392.99988	0.0	0.0	100.0	2.5000000
9	8974.0000	11529.000	-26.00000	0.0	0.0	550.0	2.0000000
9	9030.4102	11548.680	-44.00000	0.0	0.0	525.0	2.0000000
5	9097.9297	11689.640	-1.51576	0.0	0.0	105.0	2.2000000
9	9115.4580	11492.000	-12.00000	0.0	0.0	108.0	2.0000000
9	8448.0000	11452.000	-26.00000	0.0	0.0	550.0	2.0000000
9	8791.4980	11504.000	-26.00000	0.0	0.0	550.0	2.0000000
9	8606.5303	11479.960	-26.00000	0.0	0.0	550.0	2.0000000
59	8998.3799	11697.649	-463.00000	0.0	0.0	0.0	1.0000000
129	9028.1719	11686.300	-450.00000	0.0	0.0	100.0	2.0999999
9	9191.8857	11307.000	-12.00000	0.0	0.0	113.0	2.0000000
9	7990.6401	11640.180	-14.49541	0.0	0.0	285.0	2.0000000
9	8039.0000	11456.000	-13.95513	0.0	0.0	285.0	2.0000000
9	8367.4688	11608.340	-26.00000	0.0	0.0	460.0	2.0000000
9	8343.4600	11760.569	-26.00000	0.0	0.0	460.0	2.0000000
9	8087.6807	11239.160	-12.00000	0.0	0.0	280.0	2.0000000
9	8132.0000	11061.000	-12.00000	0.0	0.0	285.0	2.0000000
51	7583.9995	11280.000	-30.00000	0.0	0.0	-45.0	0.6000000
51	7791.0996	11308.330	-30.00000	0.0	0.0	0.0	0.6000000
53	9186.0000	11666.000	-1392.99988	0.0	0.0	100.0	2.5000000
47	7039.1611	12118.832	-450.00000	0.0	0.0	0.0	1.4000000
51	7464.4399	11604.679	-30.00000	0.0	0.0	0.0	0.6000000
39	7100.0000	11350.000	-950.00000	0.0	0.0	-90.0	10.0000000
60	6346.9995	11392.000	-945.00000	0.0	0.0	0.0	1.0000000
59	9156.6602	11825.750	-3259.99976	0.0	0.0	100.0	2.2000000
59	9131.5693	11980.300	-3259.99976	0.0	0.0	100.0	2.2000000
59	9098.3496	12137.859	-3259.99976	0.0	0.0	100.0	2.2000000
59	9185.3496	11664.439	-3259.99976	0.0	0.0	100.0	2.2000000
9	9204.0498	10772.700	-32.00000	0.0	0.0	20.0	2.0000000
9	9074.0000	10697.000	-26.00000	0.0	0.0	30.0	2.0000000
9	8907.0781	10593.267	-26.00000	0.0	0.0	30.0	2.0000000
9	8991.9551	10146.214	-26.00000	0.0	0.0	-240.0	2.0000000
9	8903.0000	10292.000	-26.00000	0.0	0.0	-240.0	2.0000000
9	8827.7803	10404.630	-26.00000	0.0	0.0	-240.0	2.0000000
9	8465.7100	10366.439	-13.51612	0.0	0.0	300.0	2.0000000
9	8566.3799	10215.810	-12.00000	0.0	0.0	310.0	2.0000000
9	8373.0000	10525.999	-15.89260	0.0	0.0	295.0	2.0000000
9	8293.9990	10698.000	-11.43661	0.0	0.0	295.0	2.0000000
9	8200.9990	10887.000	-12.00000	0.0	0.0	295.0	2.0000000
51	8006.0000	10436.000	-30.00000	0.0	0.0	-45.0	0.6000000
51	8265.2598	10229.909	-30.00000	0.0	0.0	-90.0	0.6000000
51	7885.0000	10284.000	-30.00000	0.0	0.0	-90.0	0.6000000
9	9082.9990	9989.000	-26.00000	0.0	0.0	-240.0	2.0000000
9	8906.4893	9711.490	-12.00000	0.0	0.0	300.0	2.0000000
9	8686.9795	10036.350	-12.00000	0.0	0.0	300.0	2.0000000
9	8789.3096	9882.619	-12.00000	0.0	0.0	305.0	2.0000000
9	9015.5801	9563.510	-12.00000	0.0	0.0	310.0	2.0000000
9	9157.0000	9430.819	-12.00000	0.0	0.0	320.0	2.0000000
51	8180.6196	9935.770	-30.00000	0.0	0.0	-45.0	0.6000000
39	7650.0000	9850.000	-950.00000	0.0	0.0	0.0	10.0000000
60	6914.0000	10331.000	-945.00000	0.0	0.0	0.0	1.0000000
11	11405.8398	9130.690	-18.00000	0.0	0.0	120.0	2.0000000
11	11402.3525	9122.700	-18.00000	0.0	0.0	75.0	2.0000000
9	11272.2988	8864.351	-12.00000	0.0	0.0	60.0	2.0000000
9	11320.2295	9191.899	-12.00000	0.0	0.0	150.0	2.0000000
9	11355.4697	9009.550	-12.00000	0.0	0.0	65.0	2.0000000
9	11109.9590	8399.130	-12.00000	0.0	0.0	80.0	2.0000000
9	11194.0518	8713.986	-12.00000	0.0	0.0	70.0	2.0000000
9	11136.6055	8543.438	-12.00000	0.0	0.0	74.0	2.0000000
11	11086.0000	8262.280	-18.00000	0.0	0.0	72.0	2.0000000
11	11028.0000	8221.000	-18.00000	0.0	0.0	5.0	2.0000000
11	11068.0000	8224.000	-13.54392	3.0	0.0	35.0	2.0000000
60	11304.2461	8175.670	-454.00000	0.0	0.0	0.0	1.0000000
60	11056.5098	7623.560	-469.99997	0.0	0.0	0.0	1.0000000
9	10884.0000	9196.580	-26.00000	0.0	0.0	-118.0	2.0000000
9	10801.8096	9044.270	-26.00000	0.0	0.0	-118.0	2.0000000
9	10715.9199	8888.460	-26.00000	0.0	0.0	-118.0	2.0000000
9	10378.6602	8851.487	-26.00000	0.0	0.0	-208.0	2.0000000
9	10225.0000	8930.000	-26.00000	0.0	0.0	-208.0	2.0000000
9	10113.8789	8993.689	-26.00000	0.0	0.0	-208.0	2.0000000
89	10452.0752	9207.646	-440.00000	0.0	0.0	-28.0	2.5000000
9	10532.6699	8770.577	-26.00000	0.0	0.0	-208.0	2.0000000
9	10403.8896	8463.560	-14.32790	0.0	0.0	325.0	2.0000000
9	10245.0283	8574.290	-11.93991	0.0	0.0	330.0	2.0000000
9	9751.2695	8891.910	-12.00000	0.0	0.0	320.0	2.0000000
9	10062.3516	9214.891	-25.99750	0.0	0.0	62.0	2.0000000
9	9437.5596	9150.740	-12.00000	0.0	0.0	320.0	2.0000000
9	9591.5498	9022.130	-12.00000	0.0	0.0	320.0	2.0000000
9	9908.4805	8789.640	-12.00000	0.0	0.0	330.0	2.0000000
9	10079.7998	8681.150	-12.00000	0.0	0.0	325.0	2.0000000
60	9422.0000	8548.000	-469.99997	0.0	0.0	0.0	1.0000000
9	10561.0791	8362.979	-12.00000	0.0	0.0	330.0	2.0000000
9	10733.5801	8288.810	-12.00000	0.0	0.0	340.0	2.0000000
9	10916.7930	8244.226	-12.00000	0.0	0.0	350.0	2.0000000
51	10280.0000	8010.000	-77.00000	0.0	0.0	-45.0	0.6000000
51	10379.0000	8206.000	-54.00000	0.0	0.0	0.0	0.6000000
60	10464.2295	7991.990	-469.99997	0.0	0.0	0.0	1.0000000
51	10011.0000	8122.000	-30.00000	0.0	0.0	-45.0	0.6000000
39	9850.0000	7700.000	-950.00000	0.0	0.0	-225.0	10.0000000
60	11816.0000	6870.000	-454.00000	0.0	0.0	0.0	1.0000000
60	11282.2598	7078.959	-454.00000	0.0	0.0	0.0	1.0000000
60	12265.8799	6479.950	-454.00000	0.0	0.0	0.0	1.0000000
60	10341.0000	7237.000	-469.99997	0.0	0.0	0.0	1.0000000
60	9443.0000	6969.000	-250.00000	0.0	0.0	0.0	1.0000000
51	8973.3203	9216.209	-57.81689	0.0	0.0	0.0	0.7000000
51	8980.0996	8814.220	-54.00000	0.0	0.0	0.0	0.7000000
51	9050.0000	8950.000	-14.00000	0.0	0.0	0.0	0.6000000
51	9173.0000	9024.000	-30.00000	0.0	0.0	-45.0	0.6000000
51	8810.5898	9032.249	-3.67000	0.0	0.0	0.0	0.6000000
60	7815.2598	9007.939	-309.57642	0.0	0.0	0.0	1.0000000
39	8600.0000	8600.000	-950.00000	0.0	0.0	-135.0	10.0000000
60	8847.0000	7709.000	-250.00000	0.0	0.0	0.0	1.0000000
60	8166.9395	8005.340	-250.00000	0.0	0.0	0.0	1.0000000
76	8836.3799	7056.939	-165.14386	25.0	0.0	450.0	0.5000000
6	7700.8447	7008.875	-0.81300	0.0	0.0	-90.0	2.0000000
6	7691.3818	6845.745	-0.81300	0.0	0.0	-90.0	2.0000000
77	8593.2900	6353.680	-37.35999	0.0	0.0	180.0	0.2500000
60	8884.0000	6064.000	-250.00000	0.0	0.0	0.0	1.0000000
120	8168.6499	6607.419	-1.38000	0.0	0.0	410.0	0.3000000
6	7682.6714	6667.000	-0.81300	0.0	0.0	-90.0	2.0000000
123	8301.1299	6120.850	-19.31000	0.0	0.0	0.0	0.3000000
60	7080.0005	7349.000	-945.00000	0.0	0.0	0.0	1.0000000
77	7092.1797	5935.460	-40.00000	0.0	0.0	90.0	0.5000000
60	6651.9995	6107.000	-250.00000	0.0	0.0	0.0	1.0000000
60	3125.3596	12136.060	-500.00000	0.0	0.0	0.0	1.0000000
60	4025.6396	11188.649	-500.00000	0.0	0.0	0.0	1.0000000
123	2510.9998	11596.000	-14.73426	0.0	0.0	-135.0	0.3500000
60	2900.3396	11429.410	-500.00000	0.0	0.0	0.0	1.0000000
60	3259.9998	10732.999	-500.00000	0.0	0.0	0.0	1.0000000
71	2877.7898	10092.750	-273.00000	0.0	0.0	0.0	0.6000000
71	2955.6799	10164.619	-273.00000	0.0	0.0	0.0	0.8000000
6	2846.5898	10133.159	-285.00000	0.0	0.0	130.0	2.0000000
57	2979.9199	10187.278	-291.99997	0.0	0.0	45.0	3.0000000
20	2846.0000	9864.000	-295.00000	10.0	0.0	-335.0	1.0000000
20	2925.0000	10002.000	-295.00000	10.0	0.0	-245.0	0.9000000
6	2860.1399	9930.160	-285.00000	0.0	0.0	45.0	2.0000000
6	2892.8201	10033.599	-285.00000	0.0	0.0	90.0	2.0000000
71	2989.5896	10031.279	-273.00000	0.0	0.0	0.0	0.6000000
57	2954.0000	9829.000	-291.99997	0.0	0.0	45.0	4.0000000
71	2922.0000	9911.000	-273.00000	0.0	0.0	0.0	0.8000000
71	2863.1099	9801.729	-273.00000	0.0	0.0	0.0	0.6000000
57	3030.3799	9960.420	-291.99997	0.0	0.0	45.0	2.0000000
102	2850.6997	9969.529	-251.00000	0.0	0.0	65.0	0.8000000
71	2783.6499	9879.839	-273.00000	0.0	0.0	0.0	0.6000000
6	2763.1099	9880.680	-285.00000	0.0	0.0	0.0	2.0000000
6	2736.4800	9984.349	-285.00000	0.0	0.0	45.0	2.0000000
6	2767.8296	10078.730	-285.00000	0.0	0.0	90.0	2.0000000
57	2801.1897	9740.220	-291.99997	0.0	0.0	45.0	3.0000000
71	2756.9897	9789.600	-273.00000	0.0	0.0	0.0	0.7000000
60	3166.0000	9849.000	-500.00000	0.0	0.0	0.0	1.0000000
77	905.2199	12593.200	-31.80000	0.0	0.0	-495.0	0.3500000
76	1132.5701	12486.828	-66.25354	0.0	0.0	-65.0	0.1700000
76	1123.3099	12571.879	-18.40823	0.0	0.0	70.0	0.1700000
123	938.2000	12062.030	-10.12000	0.0	0.0	-90.0	0.3000000
123	830.1469	12031.530	-0.56000	0.0	0.0	-180.0	0.5000000
123	1073.3600	12045.150	-198.99001	0.0	0.0	45.0	0.4000000
47	1800.2611	11102.046	-48.89481	0.0	0.0	90.0	0.7111112
47	1949.7990	11198.453	-48.89481	0.0	0.0	135.0	0.8888890
76	726.8900	11031.938	-27.78000	0.0	0.0	205.0	0.1700000
76	842.0000	11146.000	-114.38702	0.0	0.0	275.0	0.2700000
53	556.0000	12168.999	-596.00000	0.0	0.0	80.0	2.5000000
53	544.1400	12007.100	-596.00000	0.0	0.0	90.0	2.5000000
53	626.0000	11447.000	-596.00000	0.0	0.0	70.0	2.5000000
53	392.0790	10904.732	-596.00000	0.0	0.0	90.0	2.5000000
53	655.0400	10107.329	-596.00000	0.0	0.0	125.0	2.5000000
60	4587.9995	9182.999	-945.00000	0.0	0.0	0.0	1.0000000
60	4790.0000	8427.000	-945.00000	0.0	0.0	0.0	1.0000000
77	4151.7202	7814.439	-1.38485	0.0	0.0	-90.0	0.3000000
60	4602.0000	7735.000	-945.00000	0.0	0.0	0.0	1.0000000
60	3853.9497	9133.970	-500.00000	0.0	0.0	0.0	1.0000000
76	3813.0898	8749.090	-2.47000	0.0	0.0	260.0	0.2000000
123	3367.5999	8568.850	-195.84604	0.0	0.0	-135.0	0.4000000
60	3213.8799	9219.420	-500.00000	0.0	0.0	0.0	1.0000000
123	3249.0002	8584.000	-9.63507	0.0	0.0	-90.0	0.5000000
123	3235.2898	8423.160	-198.76602	0.0	0.0	-135.0	0.4000000
119	3301.5999	7717.259	-112.92484	0.0	0.0	85.0	1.0000000
119	3157.7900	7731.040	-114.82662	0.0	0.0	175.0	1.0000000
119	3008.0000	7590.000	-120.99999	0.0	0.0	85.0	1.0000000
119	2826.0100	7622.149	-117.99999	0.0	0.0	175.0	1.0000000
119	2456.0000	7796.000	-117.99999	0.0	0.0	175.0	1.0000000
60	4316.8398	6755.850	-250.00000	0.0	0.0	0.0	1.0000000
60	4830.6997	6155.810	-250.00000	0.0	0.0	0.0	1.0000000
77	4324.4497	6241.470	-48.12400	0.0	0.0	-45.0	0.2600000
123	3937.0898	7388.390	-66.99999	0.0	0.0	255.0	0.5000000
76	3645.3801	7153.040	-168.09633	0.0	0.0	135.0	0.4000000
119	2919.5996	7418.960	-117.99999	0.0	0.0	310.0	1.0000000
119	3132.5999	7463.850	-117.99999	0.0	0.0	40.0	1.0000000
119	2997.5598	7145.790	-117.99999	0.0	0.0	85.0	1.0000000
119	2702.1899	7487.960	-117.99999	0.0	0.0	310.0	1.0000000
119	2913.0200	7035.040	-117.99999	0.0	0.0	265.0	1.0000000
119	3107.5100	6704.800	-117.99999	0.0	0.0	-5.0	1.0000000
77	3712.0999	6620.890	-33.00000	0.0	0.0	0.0	0.4000000
76	3804.4597	6545.220	-127.00000	0.0	0.0	225.0	0.4000000
76	1307.2399	8860.600	-54.07000	0.0	0.0	45.0	0.2500000
123	1340.4900	8971.789	-255.00000	0.0	0.0	-210.0	0.5000000
53	807.0000	9140.000	-612.99994	0.0	0.0	70.0	2.5000000
123	1196.1200	8774.660	-18.69000	0.0	0.0	-210.0	0.3000000
122	1356.4298	8743.020	-17.79734	0.0	0.0	225.0	1.7000000
123	1207.0000	8652.000	-255.00000	0.0	0.0	-210.0	0.5000000
77	771.7400	8009.970	-38.89000	0.0	0.0	-120.0	0.6500000
53	473.3700	7603.430	-612.99994	0.0	0.0	90.0	2.5000000
53	467.9911	7788.270	-612.99994	0.0	0.0	90.0	2.5000000
119	1885.2600	7130.520	-117.99999	0.0	0.0	-5.0	1.0000000
119	2167.0000	6808.000	-117.99999	0.0	0.0	85.0	1.0000000
119	2097.2900	6974.029	-117.99999	0.0	0.0	-185.0	1.0000000
119	2048.3499	6646.040	-117.99999	0.0	0.0	-5.0	1.0000000
119	1937.3695	6418.000	-117.99999	0.0	0.0	265.0	1.0000000
119	2118.0000	6086.000	-117.99999	0.0	0.0	-5.0	1.0000000
119	2354.0000	6115.000	-117.99999	0.0	0.0	130.0	1.0000000
119	2072.6497	6237.159	-117.99999	0.0	0.0	130.0	1.0000000
119	1860.9999	6140.000	-117.99999	0.0	0.0	-5.0	1.0000000
77	912.4700	6163.830	-21.11000	25.0	0.0	-120.0	0.3000000
53	573.8373	6121.000	-612.99994	0.0	0.0	70.0	2.5000000
19	12469.6240	4986.990	-45.24925	-180.0	0.0	-135.0	0.4000000
19	12509.6396	5276.120	-45.12589	-180.0	0.0	-135.0	0.4000000
59	12500.6504	5055.810	-41.00000	0.0	0.0	90.0	1.0000000
59	12495.3896	5141.869	-41.00000	0.0	0.0	90.0	1.0000000
59	12493.8984	5243.276	-41.00000	0.0	0.0	90.0	1.0000000
129	12503.6182	4990.477	-57.00000	0.0	0.0	90.0	2.0999999
129	12499.8799	5270.420	-57.00000	0.0	0.0	90.0	2.0999999
129	12509.2686	5129.100	-57.00000	0.0	0.0	90.0	2.0999999
89	12164.0000	5131.000	-48.00000	0.0	0.0	-90.0	2.5000000
59	12496.3701	4962.460	-41.00000	0.0	0.0	90.0	1.0000000
24	12625.0000	4404.000	-72.81757	0.0	0.0	-495.0	0.9000000
60	11325.1904	4121.520	-4.38000	0.0	0.0	0.0	1.0000000
105	11090.4199	3746.320	-24.00000	0.0	0.0	135.0	1.2000000
11	10980.4531	3739.500	-55.53830	0.0	0.0	440.0	2.0000000
57	11129.4199	3743.820	-46.55999	0.0	0.0	45.0	3.0000000
105	11088.0000	3684.000	-24.00000	0.0	0.0	45.0	1.0000000
57	11120.7988	3675.000	-44.00000	0.0	0.0	45.0	1.4000000
60	12400.0000	3905.000	-945.00000	0.0	0.0	0.0	1.0000000
60	11384.0000	3757.000	-945.00000	0.0	0.0	0.0	1.0000000
6	12138.9805	3004.900	-3.02690	0.0	0.0	-170.0	2.0000000
6	11947.6094	2990.510	-3.02690	0.0	0.0	-180.0	2.0000000
6	11780.8594	2987.038	-3.02690	0.0	0.0	-180.0	2.0000000
60	10097.4395	3584.580	-70.00000	0.0	0.0	0.0	1.0000000
89	10045.0000	3315.000	-48.00000	0.0	0.0	-141.2	2.5000000
60	9763.1602	3330.760	-70.00000	0.0	0.0	0.0	1.0000000
60	9992.5898	3380.920	-70.00000	0.0	0.0	0.0	1.0000000
59	10250.9990	3063.000	-41.00000	0.0	0.0	45.0	1.0000000
129	10399.0000	3164.000	-57.00000	0.0	0.0	45.0	2.0999999
19	10096.6797	3113.500	-9.03000	-180.0	0.0	-45.0	0.3000000
19	10182.8896	3251.330	-24.70598	-180.0	0.0	-135.0	0.4000000
59	10112.0000	2955.000	-41.00000	0.0	0.0	45.0	1.0000000
59	10188.5898	3000.370	-41.00000	0.0	0.0	45.0	1.0000000
59	10323.1602	3124.950	-41.00000	0.0	0.0	45.0	1.0000000
59	10392.7295	3180.090	-41.00000	0.0	0.0	45.0	1.0000000
129	10133.8223	2947.483	-56.69000	0.0	0.0	35.0	2.0999999
129	10273.1602	3053.490	-56.69000	0.0	0.0	35.0	2.0999999
76	10772.6396	2519.700	-2.12412	0.0	0.0	40.0	0.2000000
24	10142.0000	2587.000	-183.99998	0.0	0.0	-495.0	1.0000000
60	10836.0000	2898.000	-945.00000	0.0	0.0	0.0	1.0000000
53	10488.0000	3030.000	-1001.00000	0.0	0.0	38.7	2.5000000
53	10360.9912	2926.201	-1000.99994	0.0	0.0	38.8	2.5000000
53	10231.2656	2822.537	-1000.99994	0.0	0.0	38.8	2.5000000
60	7839.0000	5134.000	-250.00000	0.0	0.0	0.0	1.0000000
123	6430.0005	5480.000	-20.78831	0.0	0.0	-90.0	0.7000000
60	6021.0000	5629.000	-250.00000	0.0	0.0	0.0	1.0000000
123	7066.5693	4818.800	-56.07999	0.0	0.0	-90.0	0.5000000
60	7040.0000	4183.000	-250.00000	0.0	0.0	0.0	1.0000000
123	6325.6792	3533.980	-25.88689	0.0	0.0	90.0	0.3000000
144	6807.0000	3198.000	-733.99170	0.0	0.0	0.0	1.0000000
6	6035.0000	3230.463	-3.78605	0.0	0.0	0.0	2.0000000
6	5850.0000	3232.463	-3.31890	0.0	0.0	0.0	2.0000000
64	6805.0005	3200.000	-1234.46936	0.0	0.0	0.0	5.0000000
60	6605.1299	2772.250	-945.00000	0.0	0.0	0.0	1.0000000
0	12297.1201	752.920	-345.99997	0.0	0.0	45.0	1.5000000
11	12578.8096	1068.140	-8.00000	0.0	3.0	0.0	2.0000000
19	12377.7295	785.330	-126.30000	0.0	0.0	45.0	0.4000000
19	12479.8184	887.720	-139.86671	0.0	0.0	-135.0	0.5000000
0	12413.9004	861.270	-345.99997	0.0	0.0	45.0	1.5000000
0	12316.7285	849.840	-345.99997	0.0	0.0	45.0	1.5000000
0	12416.2500	957.900	-345.99997	0.0	0.0	45.0	1.5000000
0	12188.7988	768.300	-345.99997	0.0	0.0	45.0	1.5000000
55	12541.3896	866.560	-1210.00000	0.0	0.0	45.0	2.5000000
55	12424.1494	744.530	-1210.00000	0.0	0.0	45.0	2.5000000
123	10531.0322	2176.510	-6.36000	0.0	0.0	-90.0	0.5000000
123	10453.2002	1780.210	-9.83372	0.0	0.0	-45.0	0.3500000
34	9707.0000	2085.000	-85.00000	0.0	0.0	135.0	2.0000000
102	9660.5586	2002.580	-59.68146	0.0	0.0	90.0	0.9000000
75	9608.2900	2010.940	-69.26350	0.0	0.0	-90.0	1.0000000
101	9646.0898	2113.930	-63.93000	0.0	0.0	0.0	1.0000000
11	9615.3789	2001.510	-82.00000	0.0	0.0	440.0	2.0000000
11	9605.3896	2023.370	-82.00000	0.0	0.0	485.0	2.0000000
34	9693.0000	1922.000	-85.00000	0.0	0.0	45.0	2.0000000
11	9591.4697	1980.100	-82.00000	0.0	0.0	395.0	2.0000000
60	10082.0000	2066.000	-945.00000	0.0	0.0	0.0	1.0000000
60	10231.0000	1143.000	-945.00000	0.0	0.0	0.0	1.0000000
19	12270.0000	692.000	-140.00000	0.0	0.0	0.0	0.8000000
11	12107.9990	609.000	-2.00000	0.0	3.0	100.0	2.0000000
77	11752.7988	448.200	-30.33000	-20.0	0.0	210.0	0.2500000
77	11099.0283	630.510	-78.80000	-20.0	0.0	165.0	0.5500000
60	11261.8281	-31.190	-454.00000	0.0	0.0	0.0	1.0000000
55	12307.5488	627.920	-1210.00000	0.0	0.0	45.0	2.5000000
60	11814.6006	175.000	-945.00000	0.0	0.0	0.0	1.0000000
60	10413.8760	607.689	-217.99057	0.0	0.0	0.0	1.0000000
60	9442.0000	136.000	-399.99994	0.0	0.0	0.0	1.0000000
60	10359.7793	538.010	-945.00000	0.0	0.0	0.0	1.0000000
60	10902.0000	254.000	-945.00000	0.0	0.0	0.0	1.0000000
60	6728.2500	1985.780	-510.09531	0.0	0.0	0.0	1.0000000
142	6373.4697	2372.690	-286.01001	0.0	0.0	45.0	1.0000000
64	6371.5601	2378.560	-898.09619	0.0	0.0	0.0	6.0000000
60	8690.0000	154.000	-400.00000	0.0	0.0	0.0	1.0000000
24	8235.2588	454.780	-183.99998	0.0	0.0	-10.0	1.0000000
60	7903.0000	196.000	-399.99994	0.0	0.0	0.0	1.0000000
60	7196.0000	190.412	-400.00000	0.0	0.0	0.0	1.0000000
60	6346.0000	258.000	-400.00000	0.0	0.0	0.0	1.0000000
60	5327.0000	5669.000	-250.00000	0.0	0.0	0.0	1.0000000
77	5244.9600	5214.500	-43.30230	0.0	0.0	45.0	0.4000000
76	4703.2397	5630.820	-123.68665	0.0	0.0	-375.0	0.3500000
76	4648.0000	5553.480	-37.44304	0.0	0.0	-510.0	0.1500000
125	5328.7798	4421.930	-148.00000	-45.0	0.0	315.0	1.0000000
76	3153.2449	5052.435	-23.80619	0.0	0.0	15.0	0.2000000
76	2985.7600	4537.460	-40.00000	0.0	0.0	-75.0	0.2000000
47	5705.0000	3535.592	-127.00000	0.0	0.0	180.0	1.0000000
6	4905.4199	3283.640	-1.00000	0.0	0.0	-62.0	2.0000000
6	4797.0103	3444.770	-1.00000	0.0	0.0	-50.0	2.0000000
6	4680.8794	3592.090	-1.00000	0.0	0.0	-50.0	2.0000000
6	5678.3994	3234.443	-3.31890	0.0	0.0	0.0	2.0000000
11	5041.0444	3055.960	-6.71345	0.0	0.0	360.0	2.0000000
6	4987.6401	3137.790	-1.00000	0.0	0.0	-62.0	2.0000000
19	4923.1699	2905.710	-133.00000	0.0	0.0	-225.0	0.5000000
0	4870.8999	2944.210	-374.00000	0.0	0.0	0.0	1.0000000
0	4712.9995	2906.000	-374.00000	0.0	0.0	0.0	1.0000000
119	4766.0000	2886.000	-483.99997	0.0	0.0	85.0	1.0000000
119	4556.6299	2858.770	-483.99997	0.0	0.0	40.0	1.0000000
119	4596.0000	2979.000	-483.99997	0.0	0.0	85.0	1.0000000
119	4823.4297	3083.580	-483.99997	0.0	0.0	-5.0	1.0000000
19	4852.0000	2829.496	-133.00000	0.0	0.0	-135.0	0.4000000
19	4764.4497	2718.230	-140.00000	0.0	0.0	-135.0	0.8000000
19	4689.3198	2610.950	-133.00000	0.0	0.0	-225.0	0.4000000
19	4623.2998	2541.120	-133.00000	0.0	0.0	-315.0	0.5000000
0	4578.9995	2631.000	-374.00000	0.0	0.0	0.0	1.0000000
0	4595.6299	2747.630	-374.00000	0.0	0.0	0.0	1.0000000
0	4720.0000	2792.000	-374.00000	0.0	0.0	0.0	1.0000000
123	4515.3101	2462.350	-248.39999	10.0	0.0	135.0	0.5000000
6	4366.0000	2506.000	-1.00000	0.0	0.0	145.0	2.0000000
6	4228.0000	2605.000	-1.00000	0.0	0.0	145.0	2.0000000
11	4462.0000	2462.000	-7.00000	0.0	0.0	450.0	2.0000000
119	4658.0000	2721.000	-483.99997	0.0	0.0	-5.0	1.0000000
119	4497.6099	2596.060	-483.99997	0.0	0.0	130.0	1.0000000
119	4469.1899	2752.680	-483.99997	0.0	0.0	-95.0	1.0000000
55	4986.7197	2852.360	-1213.00000	0.0	0.0	37.0	2.5000000
55	4664.0000	2491.000	-1213.00000	0.0	0.0	53.0	2.5000000
55	4858.2397	2756.530	-1213.00000	0.0	0.0	46.0	2.5000000
55	4754.6899	2627.450	-1213.00000	0.0	0.0	57.0	2.5000000
123	3250.0000	4100.000	-132.60397	0.0	0.0	90.0	0.6000000
76	4096.0000	3212.000	-36.00000	0.0	0.0	0.0	0.2000000
76	3521.3298	3129.820	-12.38420	0.0	0.0	45.0	0.2000000
6	3936.5798	2813.700	-1.00000	0.0	0.0	145.0	2.0000000
6	4082.8599	2710.540	-1.00000	0.0	0.0	145.0	2.0000000
77	858.4398	5650.956	-48.65410	15.0	0.0	105.0	0.3000000
123	823.5900	5234.500	-200.95570	0.0	0.0	-120.0	0.4000000
76	1787.0001	4628.000	-28.00000	0.0	0.0	-90.0	0.2000000
77	863.3600	4538.080	-43.94000	0.0	0.0	195.0	0.1700000
123	695.0000	5430.000	-23.00000	0.0	0.0	60.0	0.3800000
123	694.0000	5001.000	-12.82529	0.0	0.0	-165.0	0.3500000
123	674.1900	5291.980	-24.44494	0.0	0.0	15.0	0.5500000
53	421.0000	5253.000	-618.00000	0.0	0.0	90.0	2.5000000
53	410.7200	5100.370	-618.00000	0.0	0.0	90.0	2.5000000
53	411.5191	4939.081	-618.00000	0.0	0.0	100.0	2.5000000
76	1099.2800	3956.030	-17.83000	0.0	0.0	45.0	0.2500000
53	745.9306	3870.370	-610.00000	0.0	0.0	75.0	2.5000000
77	1071.9999	3577.000	-49.00000	0.0	0.0	155.0	0.4500000
53	799.0800	3198.150	-610.00000	0.0	0.0	120.0	2.5000000
60	5417.8848	2319.949	-717.07837	0.0	0.0	0.0	1.0000000
60	4675.1177	1778.496	-1016.78705	0.0	0.0	0.0	1.0000000
60	4223.5298	1044.380	-979.32623	0.0	0.0	0.0	1.0000000
6	3676.5300	1998.810	-1.00000	0.0	0.0	-45.0	2.0000000
6	4064.3398	1621.890	-1.00000	0.0	0.0	-45.0	2.0000000
6	3936.3599	1751.940	-1.00000	0.0	0.0	-45.0	2.0000000
6	3800.4998	1883.430	-1.00000	0.0	0.0	-45.0	2.0000000
11	4096.7598	1569.860	-7.00000	0.0	0.0	365.0	2.0000000
123	4067.0300	1475.580	-56.00000	0.0	0.0	-90.0	0.4000000
0	3804.0000	1351.000	-343.99997	0.0	0.0	0.0	1.0000000
0	3791.3684	1260.130	-343.99997	0.0	0.0	0.0	1.0000000
0	3941.6699	1414.870	-343.99997	0.0	0.0	0.0	1.0000000
0	3661.1797	1146.150	-343.99997	0.0	0.0	0.0	1.0000000
6	3345.2297	1175.890	-1.00000	0.0	0.0	135.0	2.0000000
119	3787.0000	1415.000	-480.00003	0.0	0.0	0.0	1.1000000
119	3868.8267	1290.308	-473.00000	0.0	0.0	-100.0	0.9000000
102	3778.0000	1329.000	-438.00000	0.0	-25.0	70.0	1.0000000
119	3692.0398	1241.190	-483.99997	0.0	0.0	110.0	1.1000000
11	3514.0000	997.000	-7.00000	0.0	0.0	470.0	2.0000000
6	3479.7297	1036.960	-1.00000	0.0	0.0	135.0	2.0000000
6	3212.1299	1311.300	-1.00000	0.0	0.0	135.0	2.0000000
6	3105.8999	1439.700	-1.00000	0.0	0.0	135.0	2.0000000
123	2415.3901	1223.370	-144.53000	0.0	0.0	45.0	0.5000000
55	4088.1401	1361.815	-1213.00000	0.0	0.0	47.0	2.5000000
55	3966.7000	1238.000	-1213.00000	0.0	0.0	47.0	2.5000000
55	3833.0002	1127.000	-1213.00000	0.0	0.0	47.0	2.5000000
55	3716.7800	1007.205	-1213.00000	0.0	0.0	47.0	2.5000000
60	5742.2876	411.100	-400.00000	0.0	0.0	0.0	1.0000000
60	5061.8257	109.000	-400.00000	0.0	0.0	0.0	1.0000000
60	4295.3115	220.860	-126.00000	0.0	0.0	0.0	1.0000000
60	3406.0002	514.000	-500.00000	0.0	0.0	0.0	1.0000000
60	2690.0000	551.268	-500.00000	0.0	0.0	0.0	1.0000000
60	2883.0000	154.000	-126.00000	0.0	0.0	0.0	1.0000000
53	812.0000	2257.000	-610.00000	0.0	0.0	55.0	2.5000000
77	730.4200	1711.540	-50.74000	-15.0	0.0	65.0	0.3500000
76	934.1600	1857.610	-79.61599	0.0	0.0	65.0	0.2800000
6	2004.7299	1280.230	-4.00000	0.0	0.0	-80.0	2.0000000
11	2039.0299	801.120	-7.00000	0.0	0.0	-45.0	2.0000000
6	2034.4000	931.770	-4.00000	0.0	0.0	-80.0	2.0000000
6	2021.5099	1082.530	-4.00000	0.0	0.0	-90.0	2.0000000
76	2290.0000	1058.000	-127.00000	0.0	0.0	225.0	0.4000000
0	1654.6299	792.230	-374.00000	0.0	0.0	0.0	1.0000000
0	1802.9199	803.660	-374.00000	0.0	0.0	0.0	1.0000000
119	1652.4800	735.040	-483.99997	0.0	0.0	-320.0	1.0000000
119	1873.2700	760.740	-483.99997	0.0	0.0	-50.0	1.0000000
119	1717.5999	830.693	-483.99997	0.0	0.0	-185.0	1.0000000
6	1322.2300	1169.990	-10.42135	0.0	0.0	100.0	2.0000000
122	798.8799	1555.180	-99.10400	0.0	0.0	45.0	2.2000000
6	1384.0000	809.421	-4.00000	0.0	0.0	100.0	2.0000000
6	1353.3600	997.310	-4.00000	0.0	0.0	100.0	2.0000000
76	1345.6100	715.620	-163.10544	0.0	0.0	225.0	0.4000000
119	1556.2798	741.730	-483.99997	0.0	0.0	-95.0	1.0000000
76	661.1700	1666.330	-0.93460	0.0	0.0	225.0	0.1800000
11	193.1700	1789.790	-106.10204	0.0	0.0	35.0	2.0000000
71	244.5700	1717.310	-91.99999	0.0	0.0	0.0	1.0000000
53	481.8700	1823.920	-610.00000	0.0	0.0	50.0	2.5000000
86	664.6350	1213.000	-9.00000	0.0	-20.0	0.0	1.3000000
60	325.0800	1544.750	-169.41052	0.0	0.0	0.0	1.0000000
60	297.1100	1244.220	-16.22000	0.0	0.0	0.0	1.0000000
60	464.0000	763.000	-248.25740	0.0	0.0	0.0	1.0000000
60	19.0463	850.000	-126.00000	0.0	0.0	0.0	1.0000000
0	1905.5500	688.110	-374.00000	0.0	0.0	0.0	1.0000000
0	1616.3300	653.710	-374.00000	0.0	0.0	0.0	1.0000000
0	1760.3600	663.410	-374.00000	0.0	0.0	0.0	1.0000000
60	2013.4100	180.430	-300.00000	0.0	0.0	0.0	1.0000000
11	1425.5800	683.640	-7.00000	0.0	0.0	45.0	2.0000000
60	756.2500	358.190	-251.01347	0.0	0.0	0.0	1.0000000
60	1327.5300	94.340	-200.00000	0.0	0.0	0.0	1.0000000
60	917.9999	40.000	-126.00000	0.0	0.0	0.0	1.0000000
55	1583.3384	576.200	-1213.00000	0.0	0.0	5.0	2.5000000
55	1743.2072	609.973	-1213.00000	0.0	0.0	5.0	2.5000000
55	1926.5435	634.267	-1213.00000	0.0	0.0	15.0	2.5000000
60	310.0000	313.000	-126.00000	0.0	0.0	0.0	1.0000000
